experiment,grid,full_run,circuit,n,depth,angle_seed,ordering,two_qubit_gates,chi_max,chi_label,svd_cutoff,max_bond_final,max_bond_intermediate,mean_bond,max_entropy,mean_entropy,exact_max_entropy,exact_max_bond,discarded_weight,max_discarded_single,norm_factor,infidelity,phase_aligned_error,storage_complex,storage_bytes,runtime_s,svd_time_s,qiskit_time_s,n_svd,swap_count,status,entropy_profile,max_entropy_by_rep,entropy_profile_by_rep,max_bond_by_rep,mps_revision,mps_sha256,mps_version
depth_truncation,full,True,line16,16,1,7,natural,15,2,2,1e-14,2,2,2.0,0.8793139754109212,0.3057967329175184,0.8793139754109212,2,1.3722234861868414e-32,9.471180808659401e-33,1.0,-4.884981308350689e-15,1.7127178212207032e-15,120,1920,0.005633613000100013,0.0005861950003236416,0.05123652800011769,15,0,complete,"[0.270503, 0.147485, 0.879314, 0.678951, 0.458303, 0.001297, 0.002944, 0.773907, 0.034267, 0.059337, 0.401549, 0.726461, 0.152266, 0.000266, 0.000101]",[0.879314],"[[0.270503, 0.147485, 0.879314, 0.678951, 0.458303, 0.001297, 0.002944, 0.773907, 0.034267, 0.059337, 0.401549, 0.726461, 0.152266, 0.000266, 0.000101]]",[2],a250ae81afc363466076dd397784dfa7e178223a,f2b6f21f8cfddcca,1.0.0
depth_truncation,full,True,line16,16,1,7,natural,15,4,4,1e-14,2,2,2.0,0.8793139754109212,0.3057967329175184,0.8793139754109212,2,1.3722234861868414e-32,9.471180808659401e-33,1.0,-4.884981308350689e-15,1.7127178212207032e-15,120,1920,0.005573074000494671,0.0005705330022465205,0.05123652800011769,15,0,complete,"[0.270503, 0.147485, 0.879314, 0.678951, 0.458303, 0.001297, 0.002944, 0.773907, 0.034267, 0.059337, 0.401549, 0.726461, 0.152266, 0.000266, 0.000101]",[0.879314],"[[0.270503, 0.147485, 0.879314, 0.678951, 0.458303, 0.001297, 0.002944, 0.773907, 0.034267, 0.059337, 0.401549, 0.726461, 0.152266, 0.000266, 0.000101]]",[2],a250ae81afc363466076dd397784dfa7e178223a,f2b6f21f8cfddcca,1.0.0
depth_truncation,full,True,line16,16,1,7,natural,15,8,8,1e-14,2,2,2.0,0.8793139754109212,0.3057967329175184,0.8793139754109212,2,1.3722234861868414e-32,9.471180808659401e-33,1.0,-4.884981308350689e-15,1.7127178212207032e-15,120,1920,0.005466350999995484,0.0005307849978635204,0.05123652800011769,15,0,complete,"[0.270503, 0.147485, 0.879314, 0.678951, 0.458303, 0.001297, 0.002944, 0.773907, 0.034267, 0.059337, 0.401549, 0.726461, 0.152266, 0.000266, 0.000101]",[0.879314],"[[0.270503, 0.147485, 0.879314, 0.678951, 0.458303, 0.001297, 0.002944, 0.773907, 0.034267, 0.059337, 0.401549, 0.726461, 0.152266, 0.000266, 0.000101]]",[2],a250ae81afc363466076dd397784dfa7e178223a,f2b6f21f8cfddcca,1.0.0
depth_truncation,full,True,line16,16,1,7,natural,15,16,16,1e-14,2,2,2.0,0.8793139754109212,0.3057967329175184,0.8793139754109212,2,1.3722234861868414e-32,9.471180808659401e-33,1.0,-4.884981308350689e-15,1.7127178212207032e-15,120,1920,0.005356921000384318,0.0005524779999177554,0.05123652800011769,15,0,complete,"[0.270503, 0.147485, 0.879314, 0.678951, 0.458303, 0.001297, 0.002944, 0.773907, 0.034267, 0.059337, 0.401549, 0.726461, 0.152266, 0.000266, 0.000101]",[0.879314],"[[0.270503, 0.147485, 0.879314, 0.678951, 0.458303, 0.001297, 0.002944, 0.773907, 0.034267, 0.059337, 0.401549, 0.726461, 0.152266, 0.000266, 0.000101]]",[2],a250ae81afc363466076dd397784dfa7e178223a,f2b6f21f8cfddcca,1.0.0
depth_truncation,full,True,line16,16,1,7,natural,15,32,32,1e-14,2,2,2.0,0.8793139754109212,0.3057967329175184,0.8793139754109212,2,1.3722234861868414e-32,9.471180808659401e-33,1.0,-4.884981308350689e-15,1.7127178212207032e-15,120,1920,0.005477278999933333,0.0005255210007817368,0.05123652800011769,15,0,complete,"[0.270503, 0.147485, 0.879314, 0.678951, 0.458303, 0.001297, 0.002944, 0.773907, 0.034267, 0.059337, 0.401549, 0.726461, 0.152266, 0.000266, 0.000101]",[0.879314],"[[0.270503, 0.147485, 0.879314, 0.678951, 0.458303, 0.001297, 0.002944, 0.773907, 0.034267, 0.059337, 0.401549, 0.726461, 0.152266, 0.000266, 0.000101]]",[2],a250ae81afc363466076dd397784dfa7e178223a,f2b6f21f8cfddcca,1.0.0
depth_truncation,full,True,line16,16,1,7,natural,15,64,64,1e-14,2,2,2.0,0.8793139754109212,0.3057967329175184,0.8793139754109212,2,1.3722234861868414e-32,9.471180808659401e-33,1.0,-4.884981308350689e-15,1.7127178212207032e-15,120,1920,0.006421192999368941,0.0006675430013274308,0.05123652800011769,15,0,complete,"[0.270503, 0.147485, 0.879314, 0.678951, 0.458303, 0.001297, 0.002944, 0.773907, 0.034267, 0.059337, 0.401549, 0.726461, 0.152266, 0.000266, 0.000101]",[0.879314],"[[0.270503, 0.147485, 0.879314, 0.678951, 0.458303, 0.001297, 0.002944, 0.773907, 0.034267, 0.059337, 0.401549, 0.726461, 0.152266, 0.000266, 0.000101]]",[2],a250ae81afc363466076dd397784dfa7e178223a,f2b6f21f8cfddcca,1.0.0
depth_truncation,full,True,line16,16,1,7,natural,15,-1,untruncated,1e-14,2,2,2.0,0.8793139754109209,0.3057967329175186,0.8793139754109212,2,1.3722234861868414e-32,9.471180808659401e-33,1.0,-3.9968028886505635e-15,1.5898979544778887e-15,120,1920,0.01683284899991122,0.0007524750008087722,0.05123652800011769,15,0,complete,"[0.270503, 0.147485, 0.879314, 0.678951, 0.458303, 0.001297, 0.002944, 0.773907, 0.034267, 0.059337, 0.401549, 0.726461, 0.152266, 0.000266, 0.000101]",[0.879314],"[[0.270503, 0.147485, 0.879314, 0.678951, 0.458303, 0.001297, 0.002944, 0.773907, 0.034267, 0.059337, 0.401549, 0.726461, 0.152266, 0.000266, 0.000101]]",[2],a250ae81afc363466076dd397784dfa7e178223a,f2b6f21f8cfddcca,1.0.0
depth_truncation,full,True,line16,16,2,7,natural,30,2,2,1e-14,2,2,2.0,0.9274358940772613,0.5621015939853644,1.2000533714331205,4,0.054357865917662375,0.04555315081817975,0.9726554305358873,0.05395535962757403,0.23388774493956854,120,1920,0.011312210999676608,0.001080745001672767,0.07219084799999109,30,0,complete,"[0.349775, 0.186486, 0.910985, 0.927436, 0.240453, 0.371248, 0.305048, 0.457832, 0.383019, 0.791516, 0.719192, 0.867818, 0.302208, 0.772743, 0.845765]","[0.879314, 1.200053]","[[0.270503, 0.147485, 0.879314, 0.678951, 0.458303, 0.001297, 0.002944, 0.773907, 0.034267, 0.059337, 0.401549, 0.726461, 0.152266, 0.000266, 0.000101], [0.364427, 0.21933, 0.972918, 1.200053, 0.412308, 0.384098, 0.305674, 0.462263, 0.401913, 0.801115, 0.721563, 0.869064, 0.302675, 0.772815, 0.845765]]","[2, 4]",a250ae81afc363466076dd397784dfa7e178223a,f2b6f21f8cfddcca,1.0.0
depth_truncation,full,True,line16,16,2,7,natural,30,4,4,1e-14,4,4,3.7333333333333334,1.2000533714331212,0.6023988304928908,1.2000533714331205,4,1.5781398596249557e-32,9.471180808659401e-33,1.0,-8.881784197001252e-16,4.530837132023345e-15,424,6784,0.01234254900009546,0.001412101999449078,0.07219084799999109,30,0,complete,"[0.364427, 0.21933, 0.972918, 1.200053, 0.412308, 0.384098, 0.305674, 0.462263, 0.401913, 0.801115, 0.721563, 0.869064, 0.302675, 0.772815, 0.845765]","[0.879314, 1.200053]","[[0.270503, 0.147485, 0.879314, 0.678951, 0.458303, 0.001297, 0.002944, 0.773907, 0.034267, 0.059337, 0.401549, 0.726461, 0.152266, 0.000266, 0.000101], [0.364427, 0.21933, 0.972918, 1.200053, 0.412308, 0.384098, 0.305674, 0.462263, 0.401913, 0.801115, 0.721563, 0.869064, 0.302675, 0.772815, 0.845765]]","[2, 4]",a250ae81afc363466076dd397784dfa7e178223a,f2b6f21f8cfddcca,1.0.0
depth_truncation,full,True,line16,16,2,7,natural,30,8,8,1e-14,4,4,3.7333333333333334,1.2000533714331212,0.6023988304928908,1.2000533714331205,4,1.5781398596249557e-32,9.471180808659401e-33,1.0,-8.881784197001252e-16,4.530837132023345e-15,424,6784,0.011637716999757686,0.0011910269986401545,0.07219084799999109,30,0,complete,"[0.364427, 0.21933, 0.972918, 1.200053, 0.412308, 0.384098, 0.305674, 0.462263, 0.401913, 0.801115, 0.721563, 0.869064, 0.302675, 0.772815, 0.845765]","[0.879314, 1.200053]","[[0.270503, 0.147485, 0.879314, 0.678951, 0.458303, 0.001297, 0.002944, 0.773907, 0.034267, 0.059337, 0.401549, 0.726461, 0.152266, 0.000266, 0.000101], [0.364427, 0.21933, 0.972918, 1.200053, 0.412308, 0.384098, 0.305674, 0.462263, 0.401913, 0.801115, 0.721563, 0.869064, 0.302675, 0.772815, 0.845765]]","[2, 4]",a250ae81afc363466076dd397784dfa7e178223a,f2b6f21f8cfddcca,1.0.0
depth_truncation,full,True,line16,16,2,7,natural,30,16,16,1e-14,4,4,3.7333333333333334,1.2000533714331212,0.6023988304928908,1.2000533714331205,4,1.5781398596249557e-32,9.471180808659401e-33,1.0,-8.881784197001252e-16,4.530837132023345e-15,424,6784,0.01170325299972319,0.0012178709994259407,0.07219084799999109,30,0,complete,"[0.364427, 0.21933, 0.972918, 1.200053, 0.412308, 0.384098, 0.305674, 0.462263, 0.401913, 0.801115, 0.721563, 0.869064, 0.302675, 0.772815, 0.845765]","[0.879314, 1.200053]","[[0.270503, 0.147485, 0.879314, 0.678951, 0.458303, 0.001297, 0.002944, 0.773907, 0.034267, 0.059337, 0.401549, 0.726461, 0.152266, 0.000266, 0.000101], [0.364427, 0.21933, 0.972918, 1.200053, 0.412308, 0.384098, 0.305674, 0.462263, 0.401913, 0.801115, 0.721563, 0.869064, 0.302675, 0.772815, 0.845765]]","[2, 4]",a250ae81afc363466076dd397784dfa7e178223a,f2b6f21f8cfddcca,1.0.0
depth_truncation,full,True,line16,16,2,7,natural,30,32,32,1e-14,4,4,3.7333333333333334,1.2000533714331212,0.6023988304928908,1.2000533714331205,4,1.5781398596249557e-32,9.471180808659401e-33,1.0,-8.881784197001252e-16,4.530837132023345e-15,424,6784,0.01221970999995392,0.0012688120023085503,0.07219084799999109,30,0,complete,"[0.364427, 0.21933, 0.972918, 1.200053, 0.412308, 0.384098, 0.305674, 0.462263, 0.401913, 0.801115, 0.721563, 0.869064, 0.302675, 0.772815, 0.845765]","[0.879314, 1.200053]","[[0.270503, 0.147485, 0.879314, 0.678951, 0.458303, 0.001297, 0.002944, 0.773907, 0.034267, 0.059337, 0.401549, 0.726461, 0.152266, 0.000266, 0.000101], [0.364427, 0.21933, 0.972918, 1.200053, 0.412308, 0.384098, 0.305674, 0.462263, 0.401913, 0.801115, 0.721563, 0.869064, 0.302675, 0.772815, 0.845765]]","[2, 4]",a250ae81afc363466076dd397784dfa7e178223a,f2b6f21f8cfddcca,1.0.0
depth_truncation,full,True,line16,16,2,7,natural,30,64,64,1e-14,4,4,3.7333333333333334,1.2000533714331212,0.6023988304928908,1.2000533714331205,4,1.5781398596249557e-32,9.471180808659401e-33,1.0,-8.881784197001252e-16,4.530837132023345e-15,424,6784,0.01231756699962716,0.0014796719997320906,0.07219084799999109,30,0,complete,"[0.364427, 0.21933, 0.972918, 1.200053, 0.412308, 0.384098, 0.305674, 0.462263, 0.401913, 0.801115, 0.721563, 0.869064, 0.302675, 0.772815, 0.845765]","[0.879314, 1.200053]","[[0.270503, 0.147485, 0.879314, 0.678951, 0.458303, 0.001297, 0.002944, 0.773907, 0.034267, 0.059337, 0.401549, 0.726461, 0.152266, 0.000266, 0.000101], [0.364427, 0.21933, 0.972918, 1.200053, 0.412308, 0.384098, 0.305674, 0.462263, 0.401913, 0.801115, 0.721563, 0.869064, 0.302675, 0.772815, 0.845765]]","[2, 4]",a250ae81afc363466076dd397784dfa7e178223a,f2b6f21f8cfddcca,1.0.0
depth_truncation,full,True,line16,16,2,7,natural,30,-1,untruncated,1e-14,4,4,3.7333333333333334,1.2000533714331203,0.6023988304928906,1.2000533714331205,4,1.4397048977055176e-32,9.471180808659401e-33,1.0,-8.881784197001252e-16,2.5872388018762986e-15,424,6784,0.01776324399997975,0.0013544170014938572,0.07219084799999109,30,0,complete,"[0.364427, 0.21933, 0.972918, 1.200053, 0.412308, 0.384098, 0.305674, 0.462263, 0.401913, 0.801115, 0.721563, 0.869064, 0.302675, 0.772815, 0.845765]","[0.879314, 1.200053]","[[0.270503, 0.147485, 0.879314, 0.678951, 0.458303, 0.001297, 0.002944, 0.773907, 0.034267, 0.059337, 0.401549, 0.726461, 0.152266, 0.000266, 0.000101], [0.364427, 0.21933, 0.972918, 1.200053, 0.412308, 0.384098, 0.305674, 0.462263, 0.401913, 0.801115, 0.721563, 0.869064, 0.302675, 0.772815, 0.845765]]","[2, 4]",a250ae81afc363466076dd397784dfa7e178223a,f2b6f21f8cfddcca,1.0.0
depth_truncation,full,True,line16,16,4,7,natural,60,2,2,1e-14,2,2,2.0,0.9723135150483633,0.6687275138745129,1.428488787545392,16,0.5620754926168213,0.11669726932578142,0.7488356847973797,0.44851605008378703,0.7174682521168807,120,1920,0.025185393999890948,0.0023864169997978024,0.15019442400080152,60,0,complete,"[0.910496, 0.866352, 0.972314, 0.923933, 0.210971, 0.717157, 0.339736, 0.305385, 0.322577, 0.668875, 0.806048, 0.760773, 0.722056, 0.916577, 0.587664]","[0.879314, 1.200053, 1.302959, 1.428489]","[[0.270503, 0.147485, 0.879314, 0.678951, 0.458303, 0.001297, 0.002944, 0.773907, 0.034267, 0.059337, 0.401549, 0.726461, 0.152266, 0.000266, 0.000101], [0.364427, 0.21933, 0.972918, 1.200053, 0.412308, 0.384098, 0.305674, 0.462263, 0.401913, 0.801115, 0.721563, 0.869064, 0.302675, 0.772815, 0.845765], [0.96176, 0.851823, 1.078434, 1.163943, 0.471628, 0.584324, 0.827698, 0.366815, 0.670187, 0.853032, 1.302959, 0.78052, 0.967713, 0.848355, 0.945578], [0.942577, 1.373022, 1.327555, 1.182122, 0.616176, 0.831696, 0.495061, 0.604755, 0.869781, 1.298298, 1.212213, 1.428489, 1.093563, 1.228767, 0.690973]]","[2, 4, 8, 16]",a250ae81afc363466076dd397784dfa7e178223a,f2b6f21f8cfddcca,1.0.0
depth_truncation,full,True,line16,16,4,7,natural,60,4,4,1e-14,4,4,3.7333333333333334,1.3883473593364288,0.9878786974062498,1.428488787545392,16,0.015427034848802737,0.0029518196315868467,0.9923081264321881,0.015249429522955715,0.12372555653974224,424,6784,0.02723830499962787,0.0031228060042849393,0.15019442400080152,60,0,complete,"[0.942323, 1.368699, 1.305044, 1.156588, 0.602555, 0.819716, 0.475814, 0.571977, 0.82269, 1.249977, 1.173971, 1.388347, 1.046865, 1.209193, 0.684421]","[0.879314, 1.200053, 1.302959, 1.428489]","[[0.270503, 0.147485, 0.879314, 0.678951, 0.458303, 0.001297, 0.002944, 0.773907, 0.034267, 0.059337, 0.401549, 0.726461, 0.152266, 0.000266, 0.000101], [0.364427, 0.21933, 0.972918, 1.200053, 0.412308, 0.384098, 0.305674, 0.462263, 0.401913, 0.801115, 0.721563, 0.869064, 0.302675, 0.772815, 0.845765], [0.96176, 0.851823, 1.078434, 1.163943, 0.471628, 0.584324, 0.827698, 0.366815, 0.670187, 0.853032, 1.302959, 0.78052, 0.967713, 0.848355, 0.945578], [0.942577, 1.373022, 1.327555, 1.182122, 0.616176, 0.831696, 0.495061, 0.604755, 0.869781, 1.298298, 1.212213, 1.428489, 1.093563, 1.228767, 0.690973]]","[2, 4, 8, 16]",a250ae81afc363466076dd397784dfa7e178223a,f2b6f21f8cfddcca,1.0.0
depth_truncation,full,True,line16,16,4,7,natural,60,8,8,1e-14,8,8,6.666666666666667,1.4284887043721182,1.013002252890634,1.428488787545392,16,2.085399160587865e-07,9.326639965318453e-08,0.9999998957300436,2.083045937961714e-07,0.0004564039909306303,1448,23168,0.030372078999789665,0.004255786997418909,0.15019442400080152,60,0,complete,"[0.942577, 1.373022, 1.327555, 1.182121, 0.616173, 0.831693, 0.495058, 0.604753, 0.86978, 1.298298, 1.212213, 1.428489, 1.093563, 1.228767, 0.690973]","[0.879314, 1.200053, 1.302959, 1.428489]","[[0.270503, 0.147485, 0.879314, 0.678951, 0.458303, 0.001297, 0.002944, 0.773907, 0.034267, 0.059337, 0.401549, 0.726461, 0.152266, 0.000266, 0.000101], [0.364427, 0.21933, 0.972918, 1.200053, 0.412308, 0.384098, 0.305674, 0.462263, 0.401913, 0.801115, 0.721563, 0.869064, 0.302675, 0.772815, 0.845765], [0.96176, 0.851823, 1.078434, 1.163943, 0.471628, 0.584324, 0.827698, 0.366815, 0.670187, 0.853032, 1.302959, 0.78052, 0.967713, 0.848355, 0.945578], [0.942577, 1.373022, 1.327555, 1.182122, 0.616176, 0.831696, 0.495061, 0.604755, 0.869781, 1.298298, 1.212213, 1.428489, 1.093563, 1.228767, 0.690973]]","[2, 4, 8, 16]",a250ae81afc363466076dd397784dfa7e178223a,f2b6f21f8cfddcca,1.0.0
depth_truncation,full,True,line16,16,4,7,natural,60,16,16,1e-14,16,16,11.466666666666667,1.4284887875453922,1.0130032064596675,1.428488787545392,16,2.236457403466672e-31,1.0702112570025794e-31,1.0,2.6645352591003757e-15,9.502540402196765e-15,4776,76416,0.0313839119999102,0.005135334999067709,0.15019442400080152,60,0,complete,"[0.942577, 1.373022, 1.327555, 1.182122, 0.616176, 0.831696, 0.495061, 0.604755, 0.869781, 1.298298, 1.212213, 1.428489, 1.093563, 1.228767, 0.690973]","[0.879314, 1.200053, 1.302959, 1.428489]","[[0.270503, 0.147485, 0.879314, 0.678951, 0.458303, 0.001297, 0.002944, 0.773907, 0.034267, 0.059337, 0.401549, 0.726461, 0.152266, 0.000266, 0.000101], [0.364427, 0.21933, 0.972918, 1.200053, 0.412308, 0.384098, 0.305674, 0.462263, 0.401913, 0.801115, 0.721563, 0.869064, 0.302675, 0.772815, 0.845765], [0.96176, 0.851823, 1.078434, 1.163943, 0.471628, 0.584324, 0.827698, 0.366815, 0.670187, 0.853032, 1.302959, 0.78052, 0.967713, 0.848355, 0.945578], [0.942577, 1.373022, 1.327555, 1.182122, 0.616176, 0.831696, 0.495061, 0.604755, 0.869781, 1.298298, 1.212213, 1.428489, 1.093563, 1.228767, 0.690973]]","[2, 4, 8, 16]",a250ae81afc363466076dd397784dfa7e178223a,f2b6f21f8cfddcca,1.0.0
depth_truncation,full,True,line16,16,4,7,natural,60,32,32,1e-14,16,16,11.466666666666667,1.4284887875453922,1.0130032064596675,1.428488787545392,16,2.236457403466672e-31,1.0702112570025794e-31,1.0,2.6645352591003757e-15,9.502540402196765e-15,4776,76416,0.030099038000116707,0.004649820001759508,0.15019442400080152,60,0,complete,"[0.942577, 1.373022, 1.327555, 1.182122, 0.616176, 0.831696, 0.495061, 0.604755, 0.869781, 1.298298, 1.212213, 1.428489, 1.093563, 1.228767, 0.690973]","[0.879314, 1.200053, 1.302959, 1.428489]","[[0.270503, 0.147485, 0.879314, 0.678951, 0.458303, 0.001297, 0.002944, 0.773907, 0.034267, 0.059337, 0.401549, 0.726461, 0.152266, 0.000266, 0.000101], [0.364427, 0.21933, 0.972918, 1.200053, 0.412308, 0.384098, 0.305674, 0.462263, 0.401913, 0.801115, 0.721563, 0.869064, 0.302675, 0.772815, 0.845765], [0.96176, 0.851823, 1.078434, 1.163943, 0.471628, 0.584324, 0.827698, 0.366815, 0.670187, 0.853032, 1.302959, 0.78052, 0.967713, 0.848355, 0.945578], [0.942577, 1.373022, 1.327555, 1.182122, 0.616176, 0.831696, 0.495061, 0.604755, 0.869781, 1.298298, 1.212213, 1.428489, 1.093563, 1.228767, 0.690973]]","[2, 4, 8, 16]",a250ae81afc363466076dd397784dfa7e178223a,f2b6f21f8cfddcca,1.0.0
depth_truncation,full,True,line16,16,4,7,natural,60,64,64,1e-14,16,16,11.466666666666667,1.4284887875453922,1.0130032064596675,1.428488787545392,16,2.236457403466672e-31,1.0702112570025794e-31,1.0,2.6645352591003757e-15,9.502540402196765e-15,4776,76416,0.029556416000559693,0.004680040000494046,0.15019442400080152,60,0,complete,"[0.942577, 1.373022, 1.327555, 1.182122, 0.616176, 0.831696, 0.495061, 0.604755, 0.869781, 1.298298, 1.212213, 1.428489, 1.093563, 1.228767, 0.690973]","[0.879314, 1.200053, 1.302959, 1.428489]","[[0.270503, 0.147485, 0.879314, 0.678951, 0.458303, 0.001297, 0.002944, 0.773907, 0.034267, 0.059337, 0.401549, 0.726461, 0.152266, 0.000266, 0.000101], [0.364427, 0.21933, 0.972918, 1.200053, 0.412308, 0.384098, 0.305674, 0.462263, 0.401913, 0.801115, 0.721563, 0.869064, 0.302675, 0.772815, 0.845765], [0.96176, 0.851823, 1.078434, 1.163943, 0.471628, 0.584324, 0.827698, 0.366815, 0.670187, 0.853032, 1.302959, 0.78052, 0.967713, 0.848355, 0.945578], [0.942577, 1.373022, 1.327555, 1.182122, 0.616176, 0.831696, 0.495061, 0.604755, 0.869781, 1.298298, 1.212213, 1.428489, 1.093563, 1.228767, 0.690973]]","[2, 4, 8, 16]",a250ae81afc363466076dd397784dfa7e178223a,f2b6f21f8cfddcca,1.0.0
depth_truncation,full,True,line16,16,4,7,natural,60,-1,untruncated,1e-14,16,16,11.466666666666667,1.4284887875453924,1.013003206459668,1.428488787545392,16,2.222697330007832e-31,1.0702112570025013e-31,0.9999999999999996,2.6645352591003757e-15,6.91501092405048e-15,4776,76416,0.042602498000633204,0.004607682996720541,0.15019442400080152,60,0,complete,"[0.942577, 1.373022, 1.327555, 1.182122, 0.616176, 0.831696, 0.495061, 0.604755, 0.869781, 1.298298, 1.212213, 1.428489, 1.093563, 1.228767, 0.690973]","[0.879314, 1.200053, 1.302959, 1.428489]","[[0.270503, 0.147485, 0.879314, 0.678951, 0.458303, 0.001297, 0.002944, 0.773907, 0.034267, 0.059337, 0.401549, 0.726461, 0.152266, 0.000266, 0.000101], [0.364427, 0.21933, 0.972918, 1.200053, 0.412308, 0.384098, 0.305674, 0.462263, 0.401913, 0.801115, 0.721563, 0.869064, 0.302675, 0.772815, 0.845765], [0.96176, 0.851823, 1.078434, 1.163943, 0.471628, 0.584324, 0.827698, 0.366815, 0.670187, 0.853032, 1.302959, 0.78052, 0.967713, 0.848355, 0.945578], [0.942577, 1.373022, 1.327555, 1.182122, 0.616176, 0.831696, 0.495061, 0.604755, 0.869781, 1.298298, 1.212213, 1.428489, 1.093563, 1.228767, 0.690973]]","[2, 4, 8, 16]",a250ae81afc363466076dd397784dfa7e178223a,f2b6f21f8cfddcca,1.0.0
depth_truncation,full,True,line16,16,6,7,natural,90,2,2,1e-14,2,2,2.0,0.988684395635638,0.7159791809903796,1.6857293245370528,64,0.9854793876726997,0.11669726932578142,0.6041129798398223,0.6462428654571162,0.9002501203750184,120,1920,0.037107516000105534,0.0036851219983873307,0.22624681100023736,90,0,complete,"[0.861034, 0.801865, 0.988684, 0.932086, 0.674006, 0.545715, 0.450566, 0.394728, 0.820936, 0.75153, 0.326608, 0.77525, 0.84735, 0.751292, 0.818037]","[0.879314, 1.200053, 1.302959, 1.428489, 1.442698, 1.685729]","[[0.270503, 0.147485, 0.879314, 0.678951, 0.458303, 0.001297, 0.002944, 0.773907, 0.034267, 0.059337, 0.401549, 0.726461, 0.152266, 0.000266, 0.000101], [0.364427, 0.21933, 0.972918, 1.200053, 0.412308, 0.384098, 0.305674, 0.462263, 0.401913, 0.801115, 0.721563, 0.869064, 0.302675, 0.772815, 0.845765], [0.96176, 0.851823, 1.078434, 1.163943, 0.471628, 0.584324, 0.827698, 0.366815, 0.670187, 0.853032, 1.302959, 0.78052, 0.967713, 0.848355, 0.945578], [0.942577, 1.373022, 1.327555, 1.182122, 0.616176, 0.831696, 0.495061, 0.604755, 0.869781, 1.298298, 1.212213, 1.428489, 1.093563, 1.228767, 0.690973], [0.909573, 1.442698, 1.432298, 1.251337, 1.214281, 0.935923, 1.045331, 0.601697, 1.115541, 1.333435, 1.215536, 1.203767, 1.401627, 1.393819, 0.525054], [0.953271, 1.39585, 1.573044, 1.275623, 1.320609, 1.312243, 1.027919, 0.923577, 1.234503, 1.450405, 1.233093, 1.510159, 1.685729, 1.292462, 0.845954]]","[2, 4, 8, 16, 32, 64]",a250ae81afc363466076dd397784dfa7e178223a,f2b6f21f8cfddcca,1.0.0
depth_truncation,full,True,line16,16,6,7,natural,90,4,4,1e-14,4,4,3.7333333333333334,1.576788073495224,1.1448120975730514,1.6857293245370528,64,0.08695422861811025,0.011325273205136816,0.9573448624160227,0.08179225164981185,0.2890274262186063,424,6784,0.040488116000233276,0.004673073996855237,0.22624681100023736,90,0,complete,"[0.952733, 1.380326, 1.519028, 1.188377, 1.205964, 1.09661, 0.790172, 0.672998, 0.96381, 1.262142, 1.073505, 1.395498, 1.576788, 1.254436, 0.839796]","[0.879314, 1.200053, 1.302959, 1.428489, 1.442698, 1.685729]","[[0.270503, 0.147485, 0.879314, 0.678951, 0.458303, 0.001297, 0.002944, 0.773907, 0.034267, 0.059337, 0.401549, 0.726461, 0.152266, 0.000266, 0.000101], [0.364427, 0.21933, 0.972918, 1.200053, 0.412308, 0.384098, 0.305674, 0.462263, 0.401913, 0.801115, 0.721563, 0.869064, 0.302675, 0.772815, 0.845765], [0.96176, 0.851823, 1.078434, 1.163943, 0.471628, 0.584324, 0.827698, 0.366815, 0.670187, 0.853032, 1.302959, 0.78052, 0.967713, 0.848355, 0.945578], [0.942577, 1.373022, 1.327555, 1.182122, 0.616176, 0.831696, 0.495061, 0.604755, 0.869781, 1.298298, 1.212213, 1.428489, 1.093563, 1.228767, 0.690973], [0.909573, 1.442698, 1.432298, 1.251337, 1.214281, 0.935923, 1.045331, 0.601697, 1.115541, 1.333435, 1.215536, 1.203767, 1.401627, 1.393819, 0.525054], [0.953271, 1.39585, 1.573044, 1.275623, 1.320609, 1.312243, 1.027919, 0.923577, 1.234503, 1.450405, 1.233093, 1.510159, 1.685729, 1.292462, 0.845954]]","[2, 4, 8, 16, 32, 64]",a250ae81afc363466076dd397784dfa7e178223a,f2b6f21f8cfddcca,1.0.0
depth_truncation,full,True,line16,16,6,7,natural,90,8,8,1e-14,8,8,6.666666666666667,1.682064060098555,1.2603298076286438,1.6857293245370528,64,0.003083061322493956,0.0007018025649148458,0.9984593709993543,0.003092361826064538,0.05563053302868673,1448,23168,0.043956008999884943,0.006946398001673515,0.22624681100023736,90,0,complete,"[0.953257, 1.395441, 1.571353, 1.270192, 1.31095, 1.296959, 1.009775, 0.904424, 1.215107, 1.436984, 1.22048, 1.501144, 1.682064, 1.290987, 0.845831]","[0.879314, 1.200053, 1.302959, 1.428489, 1.442698, 1.685729]","[[0.270503, 0.147485, 0.879314, 0.678951, 0.458303, 0.001297, 0.002944, 0.773907, 0.034267, 0.059337, 0.401549, 0.726461, 0.152266, 0.000266, 0.000101], [0.364427, 0.21933, 0.972918, 1.200053, 0.412308, 0.384098, 0.305674, 0.462263, 0.401913, 0.801115, 0.721563, 0.869064, 0.302675, 0.772815, 0.845765], [0.96176, 0.851823, 1.078434, 1.163943, 0.471628, 0.584324, 0.827698, 0.366815, 0.670187, 0.853032, 1.302959, 0.78052, 0.967713, 0.848355, 0.945578], [0.942577, 1.373022, 1.327555, 1.182122, 0.616176, 0.831696, 0.495061, 0.604755, 0.869781, 1.298298, 1.212213, 1.428489, 1.093563, 1.228767, 0.690973], [0.909573, 1.442698, 1.432298, 1.251337, 1.214281, 0.935923, 1.045331, 0.601697, 1.115541, 1.333435, 1.215536, 1.203767, 1.401627, 1.393819, 0.525054], [0.953271, 1.39585, 1.573044, 1.275623, 1.320609, 1.312243, 1.027919, 0.923577, 1.234503, 1.450405, 1.233093, 1.510159, 1.685729, 1.292462, 0.845954]]","[2, 4, 8, 16, 32, 64]",a250ae81afc363466076dd397784dfa7e178223a,f2b6f21f8cfddcca,1.0.0
depth_truncation,full,True,line16,16,6,7,natural,90,16,16,1e-14,16,16,11.466666666666667,1.6857221122775818,1.2689418122822578,1.6857293245370528,64,4.066646356294608e-06,9.23048908498197e-07,0.9999979666782158,4.06147452991501e-06,0.0020153110563420665,4776,76416,0.052968586000133655,0.011323594004352344,0.22624681100023736,90,0,complete,"[0.953271, 1.395848, 1.573039, 1.275607, 1.32058, 1.312207, 1.027877, 0.923527, 1.234459, 1.450371, 1.233063, 1.510143, 1.685722, 1.292459, 0.845954]","[0.879314, 1.200053, 1.302959, 1.428489, 1.442698, 1.685729]","[[0.270503, 0.147485, 0.879314, 0.678951, 0.458303, 0.001297, 0.002944, 0.773907, 0.034267, 0.059337, 0.401549, 0.726461, 0.152266, 0.000266, 0.000101], [0.364427, 0.21933, 0.972918, 1.200053, 0.412308, 0.384098, 0.305674, 0.462263, 0.401913, 0.801115, 0.721563, 0.869064, 0.302675, 0.772815, 0.845765], [0.96176, 0.851823, 1.078434, 1.163943, 0.471628, 0.584324, 0.827698, 0.366815, 0.670187, 0.853032, 1.302959, 0.78052, 0.967713, 0.848355, 0.945578], [0.942577, 1.373022, 1.327555, 1.182122, 0.616176, 0.831696, 0.495061, 0.604755, 0.869781, 1.298298, 1.212213, 1.428489, 1.093563, 1.228767, 0.690973], [0.909573, 1.442698, 1.432298, 1.251337, 1.214281, 0.935923, 1.045331, 0.601697, 1.115541, 1.333435, 1.215536, 1.203767, 1.401627, 1.393819, 0.525054], [0.953271, 1.39585, 1.573044, 1.275623, 1.320609, 1.312243, 1.027919, 0.923577, 1.234503, 1.450405, 1.233093, 1.510159, 1.685729, 1.292462, 0.845954]]","[2, 4, 8, 16, 32, 64]",a250ae81afc363466076dd397784dfa7e178223a,f2b6f21f8cfddcca,1.0.0
depth_truncation,full,True,line16,16,6,7,natural,90,32,32,1e-14,32,32,18.933333333333334,1.6857293245350038,1.2689628515688525,1.6857293245370528,64,8.646702071484991e-13,4.924782986600725e-13,0.999999999999568,8.65085780787922e-13,9.298567973766425e-07,15016,240256,0.06659424099962052,0.02001358399866149,0.22624681100023736,90,0,complete,"[0.953271, 1.39585, 1.573044, 1.275623, 1.320609, 1.312243, 1.027919, 0.923577, 1.234503, 1.450405, 1.233093, 1.510159, 1.685729, 1.292462, 0.845954]","[0.879314, 1.200053, 1.302959, 1.428489, 1.442698, 1.685729]","[[0.270503, 0.147485, 0.879314, 0.678951, 0.458303, 0.001297, 0.002944, 0.773907, 0.034267, 0.059337, 0.401549, 0.726461, 0.152266, 0.000266, 0.000101], [0.364427, 0.21933, 0.972918, 1.200053, 0.412308, 0.384098, 0.305674, 0.462263, 0.401913, 0.801115, 0.721563, 0.869064, 0.302675, 0.772815, 0.845765], [0.96176, 0.851823, 1.078434, 1.163943, 0.471628, 0.584324, 0.827698, 0.366815, 0.670187, 0.853032, 1.302959, 0.78052, 0.967713, 0.848355, 0.945578], [0.942577, 1.373022, 1.327555, 1.182122, 0.616176, 0.831696, 0.495061, 0.604755, 0.869781, 1.298298, 1.212213, 1.428489, 1.093563, 1.228767, 0.690973], [0.909573, 1.442698, 1.432298, 1.251337, 1.214281, 0.935923, 1.045331, 0.601697, 1.115541, 1.333435, 1.215536, 1.203767, 1.401627, 1.393819, 0.525054], [0.953271, 1.39585, 1.573044, 1.275623, 1.320609, 1.312243, 1.027919, 0.923577, 1.234503, 1.450405, 1.233093, 1.510159, 1.685729, 1.292462, 0.845954]]","[2, 4, 8, 16, 32, 64]",a250ae81afc363466076dd397784dfa7e178223a,f2b6f21f8cfddcca,1.0.0
depth_truncation,full,True,line16,16,6,7,natural,90,64,64,1e-14,64,64,29.6,1.6857293245370564,1.268962851577846,1.6857293245370528,64,1.6236511543263423e-30,5.325153980013334e-31,1.0,-1.3322676295501878e-15,1.4069530947219146e-14,43688,699008,0.07805305999954726,0.028149026999017224,0.22624681100023736,90,0,complete,"[0.953271, 1.39585, 1.573044, 1.275623, 1.320609, 1.312243, 1.027919, 0.923577, 1.234503, 1.450405, 1.233093, 1.510159, 1.685729, 1.292462, 0.845954]","[0.879314, 1.200053, 1.302959, 1.428489, 1.442698, 1.685729]","[[0.270503, 0.147485, 0.879314, 0.678951, 0.458303, 0.001297, 0.002944, 0.773907, 0.034267, 0.059337, 0.401549, 0.726461, 0.152266, 0.000266, 0.000101], [0.364427, 0.21933, 0.972918, 1.200053, 0.412308, 0.384098, 0.305674, 0.462263, 0.401913, 0.801115, 0.721563, 0.869064, 0.302675, 0.772815, 0.845765], [0.96176, 0.851823, 1.078434, 1.163943, 0.471628, 0.584324, 0.827698, 0.366815, 0.670187, 0.853032, 1.302959, 0.78052, 0.967713, 0.848355, 0.945578], [0.942577, 1.373022, 1.327555, 1.182122, 0.616176, 0.831696, 0.495061, 0.604755, 0.869781, 1.298298, 1.212213, 1.428489, 1.093563, 1.228767, 0.690973], [0.909573, 1.442698, 1.432298, 1.251337, 1.214281, 0.935923, 1.045331, 0.601697, 1.115541, 1.333435, 1.215536, 1.203767, 1.401627, 1.393819, 0.525054], [0.953271, 1.39585, 1.573044, 1.275623, 1.320609, 1.312243, 1.027919, 0.923577, 1.234503, 1.450405, 1.233093, 1.510159, 1.685729, 1.292462, 0.845954]]","[2, 4, 8, 16, 32, 64]",a250ae81afc363466076dd397784dfa7e178223a,f2b6f21f8cfddcca,1.0.0
depth_truncation,full,True,line16,16,6,7,natural,90,-1,untruncated,1e-14,64,64,29.6,1.685729324537053,1.268962851577845,1.6857293245370528,64,1.6222751469419583e-30,5.32515397998436e-31,0.9999999999999996,-2.220446049250313e-15,1.3754490839913586e-14,43688,699008,0.1260328620001019,0.031607210001311614,0.22624681100023736,90,0,complete,"[0.953271, 1.39585, 1.573044, 1.275623, 1.320609, 1.312243, 1.027919, 0.923577, 1.234503, 1.450405, 1.233093, 1.510159, 1.685729, 1.292462, 0.845954]","[0.879314, 1.200053, 1.302959, 1.428489, 1.442698, 1.685729]","[[0.270503, 0.147485, 0.879314, 0.678951, 0.458303, 0.001297, 0.002944, 0.773907, 0.034267, 0.059337, 0.401549, 0.726461, 0.152266, 0.000266, 0.000101], [0.364427, 0.21933, 0.972918, 1.200053, 0.412308, 0.384098, 0.305674, 0.462263, 0.401913, 0.801115, 0.721563, 0.869064, 0.302675, 0.772815, 0.845765], [0.96176, 0.851823, 1.078434, 1.163943, 0.471628, 0.584324, 0.827698, 0.366815, 0.670187, 0.853032, 1.302959, 0.78052, 0.967713, 0.848355, 0.945578], [0.942577, 1.373022, 1.327555, 1.182122, 0.616176, 0.831696, 0.495061, 0.604755, 0.869781, 1.298298, 1.212213, 1.428489, 1.093563, 1.228767, 0.690973], [0.909573, 1.442698, 1.432298, 1.251337, 1.214281, 0.935923, 1.045331, 0.601697, 1.115541, 1.333435, 1.215536, 1.203767, 1.401627, 1.393819, 0.525054], [0.953271, 1.39585, 1.573044, 1.275623, 1.320609, 1.312243, 1.027919, 0.923577, 1.234503, 1.450405, 1.233093, 1.510159, 1.685729, 1.292462, 0.845954]]","[2, 4, 8, 16, 32, 64]",a250ae81afc363466076dd397784dfa7e178223a,f2b6f21f8cfddcca,1.0.0
depth_truncation,full,True,line16,16,8,7,natural,120,2,2,1e-14,2,2,2.0,0.9643454685603846,0.6474675902498492,2.029901143301335,173,1.948926486352715,0.11669726932578142,0.3674712153107456,0.8846101583351927,1.1491816192121989,120,1920,0.04726680500061775,0.004760684993016184,0.2683450670001548,120,0,complete,"[0.344796, 0.727418, 0.940992, 0.964345, 0.776455, 0.694261, 0.494239, 0.682238, 0.426856, 0.671035, 0.353217, 0.658498, 0.79892, 0.783388, 0.395355]","[0.879314, 1.200053, 1.302959, 1.428489, 1.442698, 1.685729, 1.928669, 2.029901]","[[0.270503, 0.147485, 0.879314, 0.678951, 0.458303, 0.001297, 0.002944, 0.773907, 0.034267, 0.059337, 0.401549, 0.726461, 0.152266, 0.000266, 0.000101], [0.364427, 0.21933, 0.972918, 1.200053, 0.412308, 0.384098, 0.305674, 0.462263, 0.401913, 0.801115, 0.721563, 0.869064, 0.302675, 0.772815, 0.845765], [0.96176, 0.851823, 1.078434, 1.163943, 0.471628, 0.584324, 0.827698, 0.366815, 0.670187, 0.853032, 1.302959, 0.78052, 0.967713, 0.848355, 0.945578], [0.942577, 1.373022, 1.327555, 1.182122, 0.616176, 0.831696, 0.495061, 0.604755, 0.869781, 1.298298, 1.212213, 1.428489, 1.093563, 1.228767, 0.690973], [0.909573, 1.442698, 1.432298, 1.251337, 1.214281, 0.935923, 1.045331, 0.601697, 1.115541, 1.333435, 1.215536, 1.203767, 1.401627, 1.393819, 0.525054], [0.953271, 1.39585, 1.573044, 1.275623, 1.320609, 1.312243, 1.027919, 0.923577, 1.234503, 1.450405, 1.233093, 1.510159, 1.685729, 1.292462, 0.845954], [0.954587, 1.48451, 1.724556, 1.600683, 1.721409, 1.391741, 1.168879, 1.463244, 1.605357, 1.602218, 1.795486, 1.668628, 1.928669, 1.554731, 0.806279], [0.88945, 1.594985, 2.029901, 1.834403, 1.841856, 1.610862, 1.4285, 1.888817, 1.845452, 1.901526, 1.937494, 1.971599, 1.988642, 1.560754, 0.805143]]","[2, 4, 8, 16, 32, 64, 118, 173]",a250ae81afc363466076dd397784dfa7e178223a,f2b6f21f8cfddcca,1.0.0
depth_truncation,full,True,line16,16,8,7,natural,120,4,4,1e-14,4,4,3.7333333333333334,1.7479480999605097,1.364493275964956,2.029901143301335,173,0.31089513223868415,0.03367298247401608,0.8550749237369148,0.2785605988298919,0.5488608399051433,424,6784,0.056115011999281705,0.006647978003456956,0.2683450670001548,120,0,complete,"[0.857475, 1.507828, 1.747948, 1.409339, 1.386173, 1.270795, 0.970041, 1.407408, 1.351795, 1.472648, 1.59201, 1.58063, 1.684636, 1.468179, 0.760495]","[0.879314, 1.200053, 1.302959, 1.428489, 1.442698, 1.685729, 1.928669, 2.029901]","[[0.270503, 0.147485, 0.879314, 0.678951, 0.458303, 0.001297, 0.002944, 0.773907, 0.034267, 0.059337, 0.401549, 0.726461, 0.152266, 0.000266, 0.000101], [0.364427, 0.21933, 0.972918, 1.200053, 0.412308, 0.384098, 0.305674, 0.462263, 0.401913, 0.801115, 0.721563, 0.869064, 0.302675, 0.772815, 0.845765], [0.96176, 0.851823, 1.078434, 1.163943, 0.471628, 0.584324, 0.827698, 0.366815, 0.670187, 0.853032, 1.302959, 0.78052, 0.967713, 0.848355, 0.945578], [0.942577, 1.373022, 1.327555, 1.182122, 0.616176, 0.831696, 0.495061, 0.604755, 0.869781, 1.298298, 1.212213, 1.428489, 1.093563, 1.228767, 0.690973], [0.909573, 1.442698, 1.432298, 1.251337, 1.214281, 0.935923, 1.045331, 0.601697, 1.115541, 1.333435, 1.215536, 1.203767, 1.401627, 1.393819, 0.525054], [0.953271, 1.39585, 1.573044, 1.275623, 1.320609, 1.312243, 1.027919, 0.923577, 1.234503, 1.450405, 1.233093, 1.510159, 1.685729, 1.292462, 0.845954], [0.954587, 1.48451, 1.724556, 1.600683, 1.721409, 1.391741, 1.168879, 1.463244, 1.605357, 1.602218, 1.795486, 1.668628, 1.928669, 1.554731, 0.806279], [0.88945, 1.594985, 2.029901, 1.834403, 1.841856, 1.610862, 1.4285, 1.888817, 1.845452, 1.901526, 1.937494, 1.971599, 1.988642, 1.560754, 0.805143]]","[2, 4, 8, 16, 32, 64, 118, 173]",a250ae81afc363466076dd397784dfa7e178223a,f2b6f21f8cfddcca,1.0.0
depth_truncation,full,True,line16,16,8,7,natural,120,8,8,1e-14,8,8,6.666666666666667,2.0128669882529664,1.616950832883099,2.029901143301335,173,0.029026235888492506,0.0033605488345057333,0.9855783424787338,0.029257405839626993,0.1716816640149479,1448,23168,0.0632428950002577,0.010491931999240478,0.2683450670001548,120,0,complete,"[0.887907, 1.589769, 2.012867, 1.780299, 1.774599, 1.526079, 1.315217, 1.766224, 1.730471, 1.795767, 1.852342, 1.904293, 1.963364, 1.552659, 0.802407]","[0.879314, 1.200053, 1.302959, 1.428489, 1.442698, 1.685729, 1.928669, 2.029901]","[[0.270503, 0.147485, 0.879314, 0.678951, 0.458303, 0.001297, 0.002944, 0.773907, 0.034267, 0.059337, 0.401549, 0.726461, 0.152266, 0.000266, 0.000101], [0.364427, 0.21933, 0.972918, 1.200053, 0.412308, 0.384098, 0.305674, 0.462263, 0.401913, 0.801115, 0.721563, 0.869064, 0.302675, 0.772815, 0.845765], [0.96176, 0.851823, 1.078434, 1.163943, 0.471628, 0.584324, 0.827698, 0.366815, 0.670187, 0.853032, 1.302959, 0.78052, 0.967713, 0.848355, 0.945578], [0.942577, 1.373022, 1.327555, 1.182122, 0.616176, 0.831696, 0.495061, 0.604755, 0.869781, 1.298298, 1.212213, 1.428489, 1.093563, 1.228767, 0.690973], [0.909573, 1.442698, 1.432298, 1.251337, 1.214281, 0.935923, 1.045331, 0.601697, 1.115541, 1.333435, 1.215536, 1.203767, 1.401627, 1.393819, 0.525054], [0.953271, 1.39585, 1.573044, 1.275623, 1.320609, 1.312243, 1.027919, 0.923577, 1.234503, 1.450405, 1.233093, 1.510159, 1.685729, 1.292462, 0.845954], [0.954587, 1.48451, 1.724556, 1.600683, 1.721409, 1.391741, 1.168879, 1.463244, 1.605357, 1.602218, 1.795486, 1.668628, 1.928669, 1.554731, 0.806279], [0.88945, 1.594985, 2.029901, 1.834403, 1.841856, 1.610862, 1.4285, 1.888817, 1.845452, 1.901526, 1.937494, 1.971599, 1.988642, 1.560754, 0.805143]]","[2, 4, 8, 16, 32, 64, 118, 173]",a250ae81afc363466076dd397784dfa7e178223a,f2b6f21f8cfddcca,1.0.0
depth_truncation,full,True,line16,16,8,7,natural,120,16,16,1e-14,16,16,11.466666666666667,2.029346032468802,1.671969006119222,2.029901143301335,173,0.0009467630213141092,0.00028527940967996236,0.9995266940540294,0.0009511308113333561,0.030844076925849586,4776,76416,0.08102305800002796,0.018804386998453992,0.2683450670001548,120,0,complete,"[0.889402, 1.594856, 2.029346, 1.832638, 1.83822, 1.605328, 1.420706, 1.880522, 1.838466, 1.895458, 1.932736, 1.96895, 1.987488, 1.560394, 0.805024]","[0.879314, 1.200053, 1.302959, 1.428489, 1.442698, 1.685729, 1.928669, 2.029901]","[[0.270503, 0.147485, 0.879314, 0.678951, 0.458303, 0.001297, 0.002944, 0.773907, 0.034267, 0.059337, 0.401549, 0.726461, 0.152266, 0.000266, 0.000101], [0.364427, 0.21933, 0.972918, 1.200053, 0.412308, 0.384098, 0.305674, 0.462263, 0.401913, 0.801115, 0.721563, 0.869064, 0.302675, 0.772815, 0.845765], [0.96176, 0.851823, 1.078434, 1.163943, 0.471628, 0.584324, 0.827698, 0.366815, 0.670187, 0.853032, 1.302959, 0.78052, 0.967713, 0.848355, 0.945578], [0.942577, 1.373022, 1.327555, 1.182122, 0.616176, 0.831696, 0.495061, 0.604755, 0.869781, 1.298298, 1.212213, 1.428489, 1.093563, 1.228767, 0.690973], [0.909573, 1.442698, 1.432298, 1.251337, 1.214281, 0.935923, 1.045331, 0.601697, 1.115541, 1.333435, 1.215536, 1.203767, 1.401627, 1.393819, 0.525054], [0.953271, 1.39585, 1.573044, 1.275623, 1.320609, 1.312243, 1.027919, 0.923577, 1.234503, 1.450405, 1.233093, 1.510159, 1.685729, 1.292462, 0.845954], [0.954587, 1.48451, 1.724556, 1.600683, 1.721409, 1.391741, 1.168879, 1.463244, 1.605357, 1.602218, 1.795486, 1.668628, 1.928669, 1.554731, 0.806279], [0.88945, 1.594985, 2.029901, 1.834403, 1.841856, 1.610862, 1.4285, 1.888817, 1.845452, 1.901526, 1.937494, 1.971599, 1.988642, 1.560754, 0.805143]]","[2, 4, 8, 16, 32, 64, 118, 173]",a250ae81afc363466076dd397784dfa7e178223a,f2b6f21f8cfddcca,1.0.0
depth_truncation,full,True,line16,16,8,7,natural,120,32,32,1e-14,32,32,18.933333333333334,2.029899134003632,1.6752812339842171,2.029901143301335,173,1.7924896578327192e-06,6.597867480986138e-07,0.999999103755378,1.7919460643112117e-06,0.0013386361971000507,15016,240256,0.11082718999932695,0.03900871200585243,0.2683450670001548,120,0,complete,"[0.88945, 1.594985, 2.029899, 1.834397, 1.841844, 1.610842, 1.428474, 1.888788, 1.845427, 1.901506, 1.937481, 1.971592, 1.988638, 1.560753, 0.805143]","[0.879314, 1.200053, 1.302959, 1.428489, 1.442698, 1.685729, 1.928669, 2.029901]","[[0.270503, 0.147485, 0.879314, 0.678951, 0.458303, 0.001297, 0.002944, 0.773907, 0.034267, 0.059337, 0.401549, 0.726461, 0.152266, 0.000266, 0.000101], [0.364427, 0.21933, 0.972918, 1.200053, 0.412308, 0.384098, 0.305674, 0.462263, 0.401913, 0.801115, 0.721563, 0.869064, 0.302675, 0.772815, 0.845765], [0.96176, 0.851823, 1.078434, 1.163943, 0.471628, 0.584324, 0.827698, 0.366815, 0.670187, 0.853032, 1.302959, 0.78052, 0.967713, 0.848355, 0.945578], [0.942577, 1.373022, 1.327555, 1.182122, 0.616176, 0.831696, 0.495061, 0.604755, 0.869781, 1.298298, 1.212213, 1.428489, 1.093563, 1.228767, 0.690973], [0.909573, 1.442698, 1.432298, 1.251337, 1.214281, 0.935923, 1.045331, 0.601697, 1.115541, 1.333435, 1.215536, 1.203767, 1.401627, 1.393819, 0.525054], [0.953271, 1.39585, 1.573044, 1.275623, 1.320609, 1.312243, 1.027919, 0.923577, 1.234503, 1.450405, 1.233093, 1.510159, 1.685729, 1.292462, 0.845954], [0.954587, 1.48451, 1.724556, 1.600683, 1.721409, 1.391741, 1.168879, 1.463244, 1.605357, 1.602218, 1.795486, 1.668628, 1.928669, 1.554731, 0.806279], [0.88945, 1.594985, 2.029901, 1.834403, 1.841856, 1.610862, 1.4285, 1.888817, 1.845452, 1.901526, 1.937494, 1.971599, 1.988642, 1.560754, 0.805143]]","[2, 4, 8, 16, 32, 64, 118, 173]",a250ae81afc363466076dd397784dfa7e178223a,f2b6f21f8cfddcca,1.0.0
depth_truncation,full,True,line16,16,8,7,natural,120,64,64,1e-14,64,64,29.6,2.029901143156545,1.6752923441426892,2.029901143301335,173,5.807765704521357e-11,3.1020885977708117e-11,0.9999999999709611,5.807931913182074e-11,7.620926695058881e-06,43688,699008,0.20057144600013999,0.09612408999964828,0.2683450670001548,120,0,complete,"[0.88945, 1.594985, 2.029901, 1.834403, 1.841856, 1.610862, 1.4285, 1.888817, 1.845452, 1.901526, 1.937494, 1.971599, 1.988642, 1.560754, 0.805143]","[0.879314, 1.200053, 1.302959, 1.428489, 1.442698, 1.685729, 1.928669, 2.029901]","[[0.270503, 0.147485, 0.879314, 0.678951, 0.458303, 0.001297, 0.002944, 0.773907, 0.034267, 0.059337, 0.401549, 0.726461, 0.152266, 0.000266, 0.000101], [0.364427, 0.21933, 0.972918, 1.200053, 0.412308, 0.384098, 0.305674, 0.462263, 0.401913, 0.801115, 0.721563, 0.869064, 0.302675, 0.772815, 0.845765], [0.96176, 0.851823, 1.078434, 1.163943, 0.471628, 0.584324, 0.827698, 0.366815, 0.670187, 0.853032, 1.302959, 0.78052, 0.967713, 0.848355, 0.945578], [0.942577, 1.373022, 1.327555, 1.182122, 0.616176, 0.831696, 0.495061, 0.604755, 0.869781, 1.298298, 1.212213, 1.428489, 1.093563, 1.228767, 0.690973], [0.909573, 1.442698, 1.432298, 1.251337, 1.214281, 0.935923, 1.045331, 0.601697, 1.115541, 1.333435, 1.215536, 1.203767, 1.401627, 1.393819, 0.525054], [0.953271, 1.39585, 1.573044, 1.275623, 1.320609, 1.312243, 1.027919, 0.923577, 1.234503, 1.450405, 1.233093, 1.510159, 1.685729, 1.292462, 0.845954], [0.954587, 1.48451, 1.724556, 1.600683, 1.721409, 1.391741, 1.168879, 1.463244, 1.605357, 1.602218, 1.795486, 1.668628, 1.928669, 1.554731, 0.806279], [0.88945, 1.594985, 2.029901, 1.834403, 1.841856, 1.610862, 1.4285, 1.888817, 1.845452, 1.901526, 1.937494, 1.971599, 1.988642, 1.560754, 0.805143]]","[2, 4, 8, 16, 32, 64, 118, 173]",a250ae81afc363466076dd397784dfa7e178223a,f2b6f21f8cfddcca,1.0.0
depth_truncation,full,True,line16,16,8,7,natural,120,-1,untruncated,1e-14,173,173,45.4,2.029901143301335,1.6752923447473924,2.029901143301335,173,9.453169406385635e-28,4.072418652021444e-28,0.9999999999999996,-4.440892098500626e-16,3.5020943747867703e-14,132264,2116224,0.4538363000001482,0.14815870299844391,0.2683450670001548,120,0,complete,"[0.88945, 1.594985, 2.029901, 1.834403, 1.841856, 1.610862, 1.4285, 1.888817, 1.845452, 1.901526, 1.937494, 1.971599, 1.988642, 1.560754, 0.805143]","[0.879314, 1.200053, 1.302959, 1.428489, 1.442698, 1.685729, 1.928669, 2.029901]","[[0.270503, 0.147485, 0.879314, 0.678951, 0.458303, 0.001297, 0.002944, 0.773907, 0.034267, 0.059337, 0.401549, 0.726461, 0.152266, 0.000266, 0.000101], [0.364427, 0.21933, 0.972918, 1.200053, 0.412308, 0.384098, 0.305674, 0.462263, 0.401913, 0.801115, 0.721563, 0.869064, 0.302675, 0.772815, 0.845765], [0.96176, 0.851823, 1.078434, 1.163943, 0.471628, 0.584324, 0.827698, 0.366815, 0.670187, 0.853032, 1.302959, 0.78052, 0.967713, 0.848355, 0.945578], [0.942577, 1.373022, 1.327555, 1.182122, 0.616176, 0.831696, 0.495061, 0.604755, 0.869781, 1.298298, 1.212213, 1.428489, 1.093563, 1.228767, 0.690973], [0.909573, 1.442698, 1.432298, 1.251337, 1.214281, 0.935923, 1.045331, 0.601697, 1.115541, 1.333435, 1.215536, 1.203767, 1.401627, 1.393819, 0.525054], [0.953271, 1.39585, 1.573044, 1.275623, 1.320609, 1.312243, 1.027919, 0.923577, 1.234503, 1.450405, 1.233093, 1.510159, 1.685729, 1.292462, 0.845954], [0.954587, 1.48451, 1.724556, 1.600683, 1.721409, 1.391741, 1.168879, 1.463244, 1.605357, 1.602218, 1.795486, 1.668628, 1.928669, 1.554731, 0.806279], [0.88945, 1.594985, 2.029901, 1.834403, 1.841856, 1.610862, 1.4285, 1.888817, 1.845452, 1.901526, 1.937494, 1.971599, 1.988642, 1.560754, 0.805143]]","[2, 4, 8, 16, 32, 64, 118, 173]",a250ae81afc363466076dd397784dfa7e178223a,f2b6f21f8cfddcca,1.0.0
depth_truncation,full,True,line16,16,1,11,natural,15,2,2,1e-14,2,2,2.0,0.5997256225826074,0.1640260156442658,0.5997256225826073,2,2.3402642699228637e-33,1.421552015746045e-33,1.0,-1.7763568394002505e-15,1.1570958891814572e-15,120,1920,0.005674494999766466,0.0005868169964742265,0.033204217000275094,15,0,complete,"[4.3e-05, 2e-05, 0.019909, 0.036031, 0.184735, 0.034143, 0.125687, 0.094407, 0.093742, 0.341669, 0.003484, 0.003835, 0.599726, 0.46297, 0.459989]",[0.599726],"[[4.3e-05, 2e-05, 0.019909, 0.036031, 0.184735, 0.034143, 0.125687, 0.094407, 0.093742, 0.341669, 0.003484, 0.003835, 0.599726, 0.46297, 0.459989]]",[2],a250ae81afc363466076dd397784dfa7e178223a,f2b6f21f8cfddcca,1.0.0
depth_truncation,full,True,line16,16,1,11,natural,15,4,4,1e-14,2,2,2.0,0.5997256225826074,0.1640260156442658,0.5997256225826073,2,2.3402642699228637e-33,1.421552015746045e-33,1.0,-1.7763568394002505e-15,1.1570958891814572e-15,120,1920,0.0052645129999291385,0.0005701190002582734,0.033204217000275094,15,0,complete,"[4.3e-05, 2e-05, 0.019909, 0.036031, 0.184735, 0.034143, 0.125687, 0.094407, 0.093742, 0.341669, 0.003484, 0.003835, 0.599726, 0.46297, 0.459989]",[0.599726],"[[4.3e-05, 2e-05, 0.019909, 0.036031, 0.184735, 0.034143, 0.125687, 0.094407, 0.093742, 0.341669, 0.003484, 0.003835, 0.599726, 0.46297, 0.459989]]",[2],a250ae81afc363466076dd397784dfa7e178223a,f2b6f21f8cfddcca,1.0.0
depth_truncation,full,True,line16,16,1,11,natural,15,8,8,1e-14,2,2,2.0,0.5997256225826074,0.1640260156442658,0.5997256225826073,2,2.3402642699228637e-33,1.421552015746045e-33,1.0,-1.7763568394002505e-15,1.1570958891814572e-15,120,1920,0.005249455999546626,0.000557235000997025,0.033204217000275094,15,0,complete,"[4.3e-05, 2e-05, 0.019909, 0.036031, 0.184735, 0.034143, 0.125687, 0.094407, 0.093742, 0.341669, 0.003484, 0.003835, 0.599726, 0.46297, 0.459989]",[0.599726],"[[4.3e-05, 2e-05, 0.019909, 0.036031, 0.184735, 0.034143, 0.125687, 0.094407, 0.093742, 0.341669, 0.003484, 0.003835, 0.599726, 0.46297, 0.459989]]",[2],a250ae81afc363466076dd397784dfa7e178223a,f2b6f21f8cfddcca,1.0.0
depth_truncation,full,True,line16,16,1,11,natural,15,16,16,1e-14,2,2,2.0,0.5997256225826074,0.1640260156442658,0.5997256225826073,2,2.3402642699228637e-33,1.421552015746045e-33,1.0,-1.7763568394002505e-15,1.1570958891814572e-15,120,1920,0.005215295999732916,0.0005286529985824018,0.033204217000275094,15,0,complete,"[4.3e-05, 2e-05, 0.019909, 0.036031, 0.184735, 0.034143, 0.125687, 0.094407, 0.093742, 0.341669, 0.003484, 0.003835, 0.599726, 0.46297, 0.459989]",[0.599726],"[[4.3e-05, 2e-05, 0.019909, 0.036031, 0.184735, 0.034143, 0.125687, 0.094407, 0.093742, 0.341669, 0.003484, 0.003835, 0.599726, 0.46297, 0.459989]]",[2],a250ae81afc363466076dd397784dfa7e178223a,f2b6f21f8cfddcca,1.0.0
depth_truncation,full,True,line16,16,1,11,natural,15,32,32,1e-14,2,2,2.0,0.5997256225826074,0.1640260156442658,0.5997256225826073,2,2.3402642699228637e-33,1.421552015746045e-33,1.0,-1.7763568394002505e-15,1.1570958891814572e-15,120,1920,0.005510810000487254,0.0005464960022436571,0.033204217000275094,15,0,complete,"[4.3e-05, 2e-05, 0.019909, 0.036031, 0.184735, 0.034143, 0.125687, 0.094407, 0.093742, 0.341669, 0.003484, 0.003835, 0.599726, 0.46297, 0.459989]",[0.599726],"[[4.3e-05, 2e-05, 0.019909, 0.036031, 0.184735, 0.034143, 0.125687, 0.094407, 0.093742, 0.341669, 0.003484, 0.003835, 0.599726, 0.46297, 0.459989]]",[2],a250ae81afc363466076dd397784dfa7e178223a,f2b6f21f8cfddcca,1.0.0
depth_truncation,full,True,line16,16,1,11,natural,15,64,64,1e-14,2,2,2.0,0.5997256225826074,0.1640260156442658,0.5997256225826073,2,2.3402642699228637e-33,1.421552015746045e-33,1.0,-1.7763568394002505e-15,1.1570958891814572e-15,120,1920,0.005327380000380799,0.000573125002119923,0.033204217000275094,15,0,complete,"[4.3e-05, 2e-05, 0.019909, 0.036031, 0.184735, 0.034143, 0.125687, 0.094407, 0.093742, 0.341669, 0.003484, 0.003835, 0.599726, 0.46297, 0.459989]",[0.599726],"[[4.3e-05, 2e-05, 0.019909, 0.036031, 0.184735, 0.034143, 0.125687, 0.094407, 0.093742, 0.341669, 0.003484, 0.003835, 0.599726, 0.46297, 0.459989]]",[2],a250ae81afc363466076dd397784dfa7e178223a,f2b6f21f8cfddcca,1.0.0
depth_truncation,full,True,line16,16,1,11,natural,15,-1,untruncated,1e-14,2,2,2.0,0.5997256225826071,0.1640260156442658,0.5997256225826073,2,2.3402642699228637e-33,1.421552015746045e-33,1.0,-1.7763568394002505e-15,1.1638325784678958e-15,120,1920,0.007865603999562154,0.0005815810009153211,0.033204217000275094,15,0,complete,"[4.3e-05, 2e-05, 0.019909, 0.036031, 0.184735, 0.034143, 0.125687, 0.094407, 0.093742, 0.341669, 0.003484, 0.003835, 0.599726, 0.46297, 0.459989]",[0.599726],"[[4.3e-05, 2e-05, 0.019909, 0.036031, 0.184735, 0.034143, 0.125687, 0.094407, 0.093742, 0.341669, 0.003484, 0.003835, 0.599726, 0.46297, 0.459989]]",[2],a250ae81afc363466076dd397784dfa7e178223a,f2b6f21f8cfddcca,1.0.0
depth_truncation,full,True,line16,16,2,11,natural,30,2,2,1e-14,2,2,2.0,0.7228505517468972,0.388754243082114,0.8197026526243983,4,0.018944329590220424,0.012479322445617377,0.9905267524388635,0.018862681037946305,0.1376680070460732,120,1920,0.012970448000487522,0.002802502001031826,0.06236500699924363,30,0,complete,"[0.162012, 0.277438, 0.244057, 0.059678, 0.357184, 0.285047, 0.331821, 0.61458, 0.439531, 0.114778, 0.637491, 0.427383, 0.692918, 0.722851, 0.464546]","[0.599726, 0.819703]","[[4.3e-05, 2e-05, 0.019909, 0.036031, 0.184735, 0.034143, 0.125687, 0.094407, 0.093742, 0.341669, 0.003484, 0.003835, 0.599726, 0.46297, 0.459989], [0.162012, 0.277593, 0.24471, 0.064431, 0.361126, 0.294053, 0.336864, 0.628428, 0.48732, 0.14534, 0.64069, 0.435705, 0.706917, 0.819703, 0.494641]]","[2, 4]",a250ae81afc363466076dd397784dfa7e178223a,f2b6f21f8cfddcca,1.0.0
depth_truncation,full,True,line16,16,2,11,natural,30,4,4,1e-14,4,4,3.7333333333333334,0.8197026526243977,0.4066355251302569,0.8197026526243983,4,2.4787055382168416e-33,1.421552015746045e-33,1.0,-4.440892098500626e-16,3.3329857169269104e-15,424,6784,0.011782552000113355,0.0012721539997073705,0.06236500699924363,30,0,complete,"[0.162012, 0.277593, 0.24471, 0.064431, 0.361126, 0.294053, 0.336864, 0.628428, 0.48732, 0.14534, 0.64069, 0.435705, 0.706917, 0.819703, 0.494641]","[0.599726, 0.819703]","[[4.3e-05, 2e-05, 0.019909, 0.036031, 0.184735, 0.034143, 0.125687, 0.094407, 0.093742, 0.341669, 0.003484, 0.003835, 0.599726, 0.46297, 0.459989], [0.162012, 0.277593, 0.24471, 0.064431, 0.361126, 0.294053, 0.336864, 0.628428, 0.48732, 0.14534, 0.64069, 0.435705, 0.706917, 0.819703, 0.494641]]","[2, 4]",a250ae81afc363466076dd397784dfa7e178223a,f2b6f21f8cfddcca,1.0.0
depth_truncation,full,True,line16,16,2,11,natural,30,8,8,1e-14,4,4,3.7333333333333334,0.8197026526243977,0.4066355251302569,0.8197026526243983,4,2.4787055382168416e-33,1.421552015746045e-33,1.0,-4.440892098500626e-16,3.3329857169269104e-15,424,6784,0.012560171999211889,0.001244285999746353,0.06236500699924363,30,0,complete,"[0.162012, 0.277593, 0.24471, 0.064431, 0.361126, 0.294053, 0.336864, 0.628428, 0.48732, 0.14534, 0.64069, 0.435705, 0.706917, 0.819703, 0.494641]","[0.599726, 0.819703]","[[4.3e-05, 2e-05, 0.019909, 0.036031, 0.184735, 0.034143, 0.125687, 0.094407, 0.093742, 0.341669, 0.003484, 0.003835, 0.599726, 0.46297, 0.459989], [0.162012, 0.277593, 0.24471, 0.064431, 0.361126, 0.294053, 0.336864, 0.628428, 0.48732, 0.14534, 0.64069, 0.435705, 0.706917, 0.819703, 0.494641]]","[2, 4]",a250ae81afc363466076dd397784dfa7e178223a,f2b6f21f8cfddcca,1.0.0
depth_truncation,full,True,line16,16,2,11,natural,30,16,16,1e-14,4,4,3.7333333333333334,0.8197026526243977,0.4066355251302569,0.8197026526243983,4,2.4787055382168416e-33,1.421552015746045e-33,1.0,-4.440892098500626e-16,3.3329857169269104e-15,424,6784,0.011544892000529217,0.0012821299987990642,0.06236500699924363,30,0,complete,"[0.162012, 0.277593, 0.24471, 0.064431, 0.361126, 0.294053, 0.336864, 0.628428, 0.48732, 0.14534, 0.64069, 0.435705, 0.706917, 0.819703, 0.494641]","[0.599726, 0.819703]","[[4.3e-05, 2e-05, 0.019909, 0.036031, 0.184735, 0.034143, 0.125687, 0.094407, 0.093742, 0.341669, 0.003484, 0.003835, 0.599726, 0.46297, 0.459989], [0.162012, 0.277593, 0.24471, 0.064431, 0.361126, 0.294053, 0.336864, 0.628428, 0.48732, 0.14534, 0.64069, 0.435705, 0.706917, 0.819703, 0.494641]]","[2, 4]",a250ae81afc363466076dd397784dfa7e178223a,f2b6f21f8cfddcca,1.0.0
depth_truncation,full,True,line16,16,2,11,natural,30,32,32,1e-14,4,4,3.7333333333333334,0.8197026526243977,0.4066355251302569,0.8197026526243983,4,2.4787055382168416e-33,1.421552015746045e-33,1.0,-4.440892098500626e-16,3.3329857169269104e-15,424,6784,0.011994778999905975,0.0012881500006187707,0.06236500699924363,30,0,complete,"[0.162012, 0.277593, 0.24471, 0.064431, 0.361126, 0.294053, 0.336864, 0.628428, 0.48732, 0.14534, 0.64069, 0.435705, 0.706917, 0.819703, 0.494641]","[0.599726, 0.819703]","[[4.3e-05, 2e-05, 0.019909, 0.036031, 0.184735, 0.034143, 0.125687, 0.094407, 0.093742, 0.341669, 0.003484, 0.003835, 0.599726, 0.46297, 0.459989], [0.162012, 0.277593, 0.24471, 0.064431, 0.361126, 0.294053, 0.336864, 0.628428, 0.48732, 0.14534, 0.64069, 0.435705, 0.706917, 0.819703, 0.494641]]","[2, 4]",a250ae81afc363466076dd397784dfa7e178223a,f2b6f21f8cfddcca,1.0.0
depth_truncation,full,True,line16,16,2,11,natural,30,64,64,1e-14,4,4,3.7333333333333334,0.8197026526243977,0.4066355251302569,0.8197026526243983,4,2.4787055382168416e-33,1.421552015746045e-33,1.0,-4.440892098500626e-16,3.3329857169269104e-15,424,6784,0.01142890799928864,0.0011666130003504804,0.06236500699924363,30,0,complete,"[0.162012, 0.277593, 0.24471, 0.064431, 0.361126, 0.294053, 0.336864, 0.628428, 0.48732, 0.14534, 0.64069, 0.435705, 0.706917, 0.819703, 0.494641]","[0.599726, 0.819703]","[[4.3e-05, 2e-05, 0.019909, 0.036031, 0.184735, 0.034143, 0.125687, 0.094407, 0.093742, 0.341669, 0.003484, 0.003835, 0.599726, 0.46297, 0.459989], [0.162012, 0.277593, 0.24471, 0.064431, 0.361126, 0.294053, 0.336864, 0.628428, 0.48732, 0.14534, 0.64069, 0.435705, 0.706917, 0.819703, 0.494641]]","[2, 4]",a250ae81afc363466076dd397784dfa7e178223a,f2b6f21f8cfddcca,1.0.0
depth_truncation,full,True,line16,16,2,11,natural,30,-1,untruncated,1e-14,4,4,3.7333333333333334,0.8197026526243986,0.4066355251302569,0.8197026526243983,4,2.4572720995337753e-33,1.421552015746045e-33,1.0,-1.3322676295501878e-15,4.47162258214308e-15,424,6784,0.016799099999843747,0.001366849001897208,0.06236500699924363,30,0,complete,"[0.162012, 0.277593, 0.24471, 0.064431, 0.361126, 0.294053, 0.336864, 0.628428, 0.48732, 0.14534, 0.64069, 0.435705, 0.706917, 0.819703, 0.494641]","[0.599726, 0.819703]","[[4.3e-05, 2e-05, 0.019909, 0.036031, 0.184735, 0.034143, 0.125687, 0.094407, 0.093742, 0.341669, 0.003484, 0.003835, 0.599726, 0.46297, 0.459989], [0.162012, 0.277593, 0.24471, 0.064431, 0.361126, 0.294053, 0.336864, 0.628428, 0.48732, 0.14534, 0.64069, 0.435705, 0.706917, 0.819703, 0.494641]]","[2, 4]",a250ae81afc363466076dd397784dfa7e178223a,f2b6f21f8cfddcca,1.0.0
depth_truncation,full,True,line16,16,4,11,natural,60,2,2,1e-14,2,2,2.0,0.8242803071268936,0.6209775963653423,1.3729768495349335,16,0.3795961345994592,0.10792366921934346,0.8225525138433083,0.33318069187082044,0.605656587511348,120,1920,0.025287533999289735,0.002393955996922159,0.12041714000042703,60,0,complete,"[0.58414, 0.670625, 0.540778, 0.594622, 0.352468, 0.712908, 0.786907, 0.405815, 0.516484, 0.457737, 0.718607, 0.712713, 0.715372, 0.721207, 0.82428]","[0.599726, 0.819703, 1.021679, 1.372977]","[[4.3e-05, 2e-05, 0.019909, 0.036031, 0.184735, 0.034143, 0.125687, 0.094407, 0.093742, 0.341669, 0.003484, 0.003835, 0.599726, 0.46297, 0.459989], [0.162012, 0.277593, 0.24471, 0.064431, 0.361126, 0.294053, 0.336864, 0.628428, 0.48732, 0.14534, 0.64069, 0.435705, 0.706917, 0.819703, 0.494641], [0.607217, 0.903095, 0.251341, 0.466858, 0.648091, 0.210995, 0.797212, 0.580165, 0.805693, 0.850794, 0.491417, 0.961126, 1.021679, 0.807958, 0.558523], [0.598349, 0.793873, 0.702877, 0.689374, 0.509906, 0.843387, 0.903528, 0.757264, 1.01462, 0.754651, 0.925253, 1.098397, 1.372977, 0.971833, 0.837686]]","[2, 4, 8, 16]",a250ae81afc363466076dd397784dfa7e178223a,f2b6f21f8cfddcca,1.0.0
depth_truncation,full,True,line16,16,4,11,natural,60,4,4,1e-14,4,4,3.7333333333333334,1.358779824952344,0.8437314945469386,1.3729768495349335,16,0.004012111199768869,0.0010539514429255654,0.9979952125597727,0.003946425342865156,0.06285162378930871,424,6784,0.026148099999772967,0.0028385539990267716,0.12041714000042703,60,0,complete,"[0.598268, 0.793543, 0.701965, 0.688285, 0.505818, 0.838006, 0.894625, 0.744709, 1.00332, 0.738517, 0.906504, 1.080899, 1.35878, 0.96592, 0.836815]","[0.599726, 0.819703, 1.021679, 1.372977]","[[4.3e-05, 2e-05, 0.019909, 0.036031, 0.184735, 0.034143, 0.125687, 0.094407, 0.093742, 0.341669, 0.003484, 0.003835, 0.599726, 0.46297, 0.459989], [0.162012, 0.277593, 0.24471, 0.064431, 0.361126, 0.294053, 0.336864, 0.628428, 0.48732, 0.14534, 0.64069, 0.435705, 0.706917, 0.819703, 0.494641], [0.607217, 0.903095, 0.251341, 0.466858, 0.648091, 0.210995, 0.797212, 0.580165, 0.805693, 0.850794, 0.491417, 0.961126, 1.021679, 0.807958, 0.558523], [0.598349, 0.793873, 0.702877, 0.689374, 0.509906, 0.843387, 0.903528, 0.757264, 1.01462, 0.754651, 0.925253, 1.098397, 1.372977, 0.971833, 0.837686]]","[2, 4, 8, 16]",a250ae81afc363466076dd397784dfa7e178223a,f2b6f21f8cfddcca,1.0.0
depth_truncation,full,True,line16,16,4,11,natural,60,8,8,1e-14,8,8,6.666666666666667,1.3729718728047595,0.8515945417511543,1.3729768495349335,16,7.92633382583518e-07,2.6208358341585173e-07,0.9999996036833515,7.915379921508148e-07,0.000889684296142508,1448,23168,0.02849487200001022,0.0039700149982309085,0.12041714000042703,60,0,complete,"[0.598349, 0.793873, 0.702877, 0.689374, 0.509905, 0.843385, 0.903525, 0.757259, 1.014614, 0.75464, 0.925243, 1.098386, 1.372972, 0.97183, 0.837686]","[0.599726, 0.819703, 1.021679, 1.372977]","[[4.3e-05, 2e-05, 0.019909, 0.036031, 0.184735, 0.034143, 0.125687, 0.094407, 0.093742, 0.341669, 0.003484, 0.003835, 0.599726, 0.46297, 0.459989], [0.162012, 0.277593, 0.24471, 0.064431, 0.361126, 0.294053, 0.336864, 0.628428, 0.48732, 0.14534, 0.64069, 0.435705, 0.706917, 0.819703, 0.494641], [0.607217, 0.903095, 0.251341, 0.466858, 0.648091, 0.210995, 0.797212, 0.580165, 0.805693, 0.850794, 0.491417, 0.961126, 1.021679, 0.807958, 0.558523], [0.598349, 0.793873, 0.702877, 0.689374, 0.509906, 0.843387, 0.903528, 0.757264, 1.01462, 0.754651, 0.925253, 1.098397, 1.372977, 0.971833, 0.837686]]","[2, 4, 8, 16]",a250ae81afc363466076dd397784dfa7e178223a,f2b6f21f8cfddcca,1.0.0
depth_truncation,full,True,line16,16,4,11,natural,60,16,16,1e-14,16,16,11.466666666666667,1.3729768495349313,0.8515983093238789,1.3729768495349335,16,1.986616495539592e-31,9.085837948904799e-32,0.9999999999999999,-2.220446049250313e-15,8.145778503549181e-15,4776,76416,0.030481496999527735,0.004870810000284109,0.12041714000042703,60,0,complete,"[0.598349, 0.793873, 0.702877, 0.689374, 0.509906, 0.843387, 0.903528, 0.757264, 1.01462, 0.754651, 0.925253, 1.098397, 1.372977, 0.971833, 0.837686]","[0.599726, 0.819703, 1.021679, 1.372977]","[[4.3e-05, 2e-05, 0.019909, 0.036031, 0.184735, 0.034143, 0.125687, 0.094407, 0.093742, 0.341669, 0.003484, 0.003835, 0.599726, 0.46297, 0.459989], [0.162012, 0.277593, 0.24471, 0.064431, 0.361126, 0.294053, 0.336864, 0.628428, 0.48732, 0.14534, 0.64069, 0.435705, 0.706917, 0.819703, 0.494641], [0.607217, 0.903095, 0.251341, 0.466858, 0.648091, 0.210995, 0.797212, 0.580165, 0.805693, 0.850794, 0.491417, 0.961126, 1.021679, 0.807958, 0.558523], [0.598349, 0.793873, 0.702877, 0.689374, 0.509906, 0.843387, 0.903528, 0.757264, 1.01462, 0.754651, 0.925253, 1.098397, 1.372977, 0.971833, 0.837686]]","[2, 4, 8, 16]",a250ae81afc363466076dd397784dfa7e178223a,f2b6f21f8cfddcca,1.0.0
depth_truncation,full,True,line16,16,4,11,natural,60,32,32,1e-14,16,16,11.466666666666667,1.3729768495349313,0.8515983093238789,1.3729768495349335,16,1.986616495539592e-31,9.085837948904799e-32,0.9999999999999999,-2.220446049250313e-15,8.145778503549181e-15,4776,76416,0.029673034000552434,0.004666218996135285,0.12041714000042703,60,0,complete,"[0.598349, 0.793873, 0.702877, 0.689374, 0.509906, 0.843387, 0.903528, 0.757264, 1.01462, 0.754651, 0.925253, 1.098397, 1.372977, 0.971833, 0.837686]","[0.599726, 0.819703, 1.021679, 1.372977]","[[4.3e-05, 2e-05, 0.019909, 0.036031, 0.184735, 0.034143, 0.125687, 0.094407, 0.093742, 0.341669, 0.003484, 0.003835, 0.599726, 0.46297, 0.459989], [0.162012, 0.277593, 0.24471, 0.064431, 0.361126, 0.294053, 0.336864, 0.628428, 0.48732, 0.14534, 0.64069, 0.435705, 0.706917, 0.819703, 0.494641], [0.607217, 0.903095, 0.251341, 0.466858, 0.648091, 0.210995, 0.797212, 0.580165, 0.805693, 0.850794, 0.491417, 0.961126, 1.021679, 0.807958, 0.558523], [0.598349, 0.793873, 0.702877, 0.689374, 0.509906, 0.843387, 0.903528, 0.757264, 1.01462, 0.754651, 0.925253, 1.098397, 1.372977, 0.971833, 0.837686]]","[2, 4, 8, 16]",a250ae81afc363466076dd397784dfa7e178223a,f2b6f21f8cfddcca,1.0.0
depth_truncation,full,True,line16,16,4,11,natural,60,64,64,1e-14,16,16,11.466666666666667,1.3729768495349313,0.8515983093238789,1.3729768495349335,16,1.986616495539592e-31,9.085837948904799e-32,0.9999999999999999,-2.220446049250313e-15,8.145778503549181e-15,4776,76416,0.03387149899936048,0.005058531000031508,0.12041714000042703,60,0,complete,"[0.598349, 0.793873, 0.702877, 0.689374, 0.509906, 0.843387, 0.903528, 0.757264, 1.01462, 0.754651, 0.925253, 1.098397, 1.372977, 0.971833, 0.837686]","[0.599726, 0.819703, 1.021679, 1.372977]","[[4.3e-05, 2e-05, 0.019909, 0.036031, 0.184735, 0.034143, 0.125687, 0.094407, 0.093742, 0.341669, 0.003484, 0.003835, 0.599726, 0.46297, 0.459989], [0.162012, 0.277593, 0.24471, 0.064431, 0.361126, 0.294053, 0.336864, 0.628428, 0.48732, 0.14534, 0.64069, 0.435705, 0.706917, 0.819703, 0.494641], [0.607217, 0.903095, 0.251341, 0.466858, 0.648091, 0.210995, 0.797212, 0.580165, 0.805693, 0.850794, 0.491417, 0.961126, 1.021679, 0.807958, 0.558523], [0.598349, 0.793873, 0.702877, 0.689374, 0.509906, 0.843387, 0.903528, 0.757264, 1.01462, 0.754651, 0.925253, 1.098397, 1.372977, 0.971833, 0.837686]]","[2, 4, 8, 16]",a250ae81afc363466076dd397784dfa7e178223a,f2b6f21f8cfddcca,1.0.0
depth_truncation,full,True,line16,16,4,11,natural,60,-1,untruncated,1e-14,16,16,11.466666666666667,1.3729768495349342,0.851598309323879,1.3729768495349335,16,1.9860242718401075e-31,9.085837948904799e-32,1.0,-1.3322676295501878e-15,7.392771727896092e-15,4776,76416,0.04590152800028591,0.004896460001873493,0.12041714000042703,60,0,complete,"[0.598349, 0.793873, 0.702877, 0.689374, 0.509906, 0.843387, 0.903528, 0.757264, 1.01462, 0.754651, 0.925253, 1.098397, 1.372977, 0.971833, 0.837686]","[0.599726, 0.819703, 1.021679, 1.372977]","[[4.3e-05, 2e-05, 0.019909, 0.036031, 0.184735, 0.034143, 0.125687, 0.094407, 0.093742, 0.341669, 0.003484, 0.003835, 0.599726, 0.46297, 0.459989], [0.162012, 0.277593, 0.24471, 0.064431, 0.361126, 0.294053, 0.336864, 0.628428, 0.48732, 0.14534, 0.64069, 0.435705, 0.706917, 0.819703, 0.494641], [0.607217, 0.903095, 0.251341, 0.466858, 0.648091, 0.210995, 0.797212, 0.580165, 0.805693, 0.850794, 0.491417, 0.961126, 1.021679, 0.807958, 0.558523], [0.598349, 0.793873, 0.702877, 0.689374, 0.509906, 0.843387, 0.903528, 0.757264, 1.01462, 0.754651, 0.925253, 1.098397, 1.372977, 0.971833, 0.837686]]","[2, 4, 8, 16]",a250ae81afc363466076dd397784dfa7e178223a,f2b6f21f8cfddcca,1.0.0
depth_truncation,full,True,line16,16,6,11,natural,90,2,2,1e-14,2,2,2.0,0.7811316540939486,0.5214410428306705,1.545503364586169,64,0.9379171707762677,0.10792366921934346,0.618875377700095,0.5991889311998337,0.8566254566486499,120,1920,0.03588602199943125,0.0035504509951351793,0.2024621919999845,90,0,complete,"[0.483578, 0.579511, 0.443354, 0.515921, 0.275926, 0.781132, 0.739375, 0.380385, 0.252024, 0.399833, 0.365308, 0.468289, 0.684557, 0.696281, 0.756142]","[0.599726, 0.819703, 1.021679, 1.372977, 1.403911, 1.545503]","[[4.3e-05, 2e-05, 0.019909, 0.036031, 0.184735, 0.034143, 0.125687, 0.094407, 0.093742, 0.341669, 0.003484, 0.003835, 0.599726, 0.46297, 0.459989], [0.162012, 0.277593, 0.24471, 0.064431, 0.361126, 0.294053, 0.336864, 0.628428, 0.48732, 0.14534, 0.64069, 0.435705, 0.706917, 0.819703, 0.494641], [0.607217, 0.903095, 0.251341, 0.466858, 0.648091, 0.210995, 0.797212, 0.580165, 0.805693, 0.850794, 0.491417, 0.961126, 1.021679, 0.807958, 0.558523], [0.598349, 0.793873, 0.702877, 0.689374, 0.509906, 0.843387, 0.903528, 0.757264, 1.01462, 0.754651, 0.925253, 1.098397, 1.372977, 0.971833, 0.837686], [0.417722, 0.951571, 0.95547, 0.920216, 0.789281, 1.137432, 1.115727, 0.936885, 1.01985, 0.867966, 1.101084, 1.361727, 1.278971, 1.403911, 0.715088], [0.627923, 0.932128, 1.071839, 1.056171, 0.910744, 1.323513, 1.346764, 1.140654, 1.120255, 1.039648, 1.166812, 1.438162, 1.545503, 1.241713, 0.847149]]","[2, 4, 8, 16, 32, 64]",a250ae81afc363466076dd397784dfa7e178223a,f2b6f21f8cfddcca,1.0.0
depth_truncation,full,True,line16,16,6,11,natural,90,4,4,1e-14,4,4,3.7333333333333334,1.3603010842651473,1.0119783293653035,1.545503364586169,64,0.08124985823935142,0.014258119991151041,0.9600788718414347,0.0836053472027144,0.29228396259096867,424,6784,0.04112428299958992,0.0046981149944258505,0.2024621919999845,90,0,complete,"[0.620506, 0.900194, 1.012584, 0.97804, 0.803652, 1.19386, 1.216307, 1.004522, 0.985211, 0.881451, 0.978087, 1.256526, 1.360301, 1.155555, 0.832878]","[0.599726, 0.819703, 1.021679, 1.372977, 1.403911, 1.545503]","[[4.3e-05, 2e-05, 0.019909, 0.036031, 0.184735, 0.034143, 0.125687, 0.094407, 0.093742, 0.341669, 0.003484, 0.003835, 0.599726, 0.46297, 0.459989], [0.162012, 0.277593, 0.24471, 0.064431, 0.361126, 0.294053, 0.336864, 0.628428, 0.48732, 0.14534, 0.64069, 0.435705, 0.706917, 0.819703, 0.494641], [0.607217, 0.903095, 0.251341, 0.466858, 0.648091, 0.210995, 0.797212, 0.580165, 0.805693, 0.850794, 0.491417, 0.961126, 1.021679, 0.807958, 0.558523], [0.598349, 0.793873, 0.702877, 0.689374, 0.509906, 0.843387, 0.903528, 0.757264, 1.01462, 0.754651, 0.925253, 1.098397, 1.372977, 0.971833, 0.837686], [0.417722, 0.951571, 0.95547, 0.920216, 0.789281, 1.137432, 1.115727, 0.936885, 1.01985, 0.867966, 1.101084, 1.361727, 1.278971, 1.403911, 0.715088], [0.627923, 0.932128, 1.071839, 1.056171, 0.910744, 1.323513, 1.346764, 1.140654, 1.120255, 1.039648, 1.166812, 1.438162, 1.545503, 1.241713, 0.847149]]","[2, 4, 8, 16, 32, 64]",a250ae81afc363466076dd397784dfa7e178223a,f2b6f21f8cfddcca,1.0.0
depth_truncation,full,True,line16,16,6,11,natural,90,8,8,1e-14,8,8,6.666666666666667,1.5427833325781908,1.1168448665634974,1.545503364586169,64,0.00134193865689828,0.00044479192197571056,0.999329181670066,0.0013561765026641748,0.036832548355930445,1448,23168,0.04428617699977622,0.006770934000996931,0.2024621919999845,90,0,complete,"[0.627796, 0.931747, 1.070822, 1.053967, 0.907715, 1.320104, 1.341121, 1.13458, 1.11363, 1.031628, 1.157091, 1.431979, 1.542783, 1.240669, 0.847041]","[0.599726, 0.819703, 1.021679, 1.372977, 1.403911, 1.545503]","[[4.3e-05, 2e-05, 0.019909, 0.036031, 0.184735, 0.034143, 0.125687, 0.094407, 0.093742, 0.341669, 0.003484, 0.003835, 0.599726, 0.46297, 0.459989], [0.162012, 0.277593, 0.24471, 0.064431, 0.361126, 0.294053, 0.336864, 0.628428, 0.48732, 0.14534, 0.64069, 0.435705, 0.706917, 0.819703, 0.494641], [0.607217, 0.903095, 0.251341, 0.466858, 0.648091, 0.210995, 0.797212, 0.580165, 0.805693, 0.850794, 0.491417, 0.961126, 1.021679, 0.807958, 0.558523], [0.598349, 0.793873, 0.702877, 0.689374, 0.509906, 0.843387, 0.903528, 0.757264, 1.01462, 0.754651, 0.925253, 1.098397, 1.372977, 0.971833, 0.837686], [0.417722, 0.951571, 0.95547, 0.920216, 0.789281, 1.137432, 1.115727, 0.936885, 1.01985, 0.867966, 1.101084, 1.361727, 1.278971, 1.403911, 0.715088], [0.627923, 0.932128, 1.071839, 1.056171, 0.910744, 1.323513, 1.346764, 1.140654, 1.120255, 1.039648, 1.166812, 1.438162, 1.545503, 1.241713, 0.847149]]","[2, 4, 8, 16, 32, 64]",a250ae81afc363466076dd397784dfa7e178223a,f2b6f21f8cfddcca,1.0.0
depth_truncation,full,True,line16,16,6,11,natural,90,16,16,1e-14,16,16,11.466666666666667,1.545498960711715,1.1205919990760822,1.545503364586169,64,1.2363561433463318e-06,4.5529202125226396e-07,0.9999993818220085,1.2340603806615391e-06,0.0011108828730369948,4776,76416,0.052325831000416656,0.011162565004269709,0.2024621919999845,90,0,complete,"[0.627922, 0.932127, 1.071838, 1.056169, 0.91074, 1.323508, 1.346757, 1.140643, 1.12024, 1.039628, 1.166795, 1.438153, 1.545499, 1.241711, 0.847149]","[0.599726, 0.819703, 1.021679, 1.372977, 1.403911, 1.545503]","[[4.3e-05, 2e-05, 0.019909, 0.036031, 0.184735, 0.034143, 0.125687, 0.094407, 0.093742, 0.341669, 0.003484, 0.003835, 0.599726, 0.46297, 0.459989], [0.162012, 0.277593, 0.24471, 0.064431, 0.361126, 0.294053, 0.336864, 0.628428, 0.48732, 0.14534, 0.64069, 0.435705, 0.706917, 0.819703, 0.494641], [0.607217, 0.903095, 0.251341, 0.466858, 0.648091, 0.210995, 0.797212, 0.580165, 0.805693, 0.850794, 0.491417, 0.961126, 1.021679, 0.807958, 0.558523], [0.598349, 0.793873, 0.702877, 0.689374, 0.509906, 0.843387, 0.903528, 0.757264, 1.01462, 0.754651, 0.925253, 1.098397, 1.372977, 0.971833, 0.837686], [0.417722, 0.951571, 0.95547, 0.920216, 0.789281, 1.137432, 1.115727, 0.936885, 1.01985, 0.867966, 1.101084, 1.361727, 1.278971, 1.403911, 0.715088], [0.627923, 0.932128, 1.071839, 1.056171, 0.910744, 1.323513, 1.346764, 1.140654, 1.120255, 1.039648, 1.166812, 1.438162, 1.545503, 1.241713, 0.847149]]","[2, 4, 8, 16, 32, 64]",a250ae81afc363466076dd397784dfa7e178223a,f2b6f21f8cfddcca,1.0.0
depth_truncation,full,True,line16,16,6,11,natural,90,32,32,1e-14,32,32,18.933333333333334,1.5455033645357108,1.1205985862315357,1.545503364586169,64,1.0126986516458552e-11,9.464796685200914e-12,0.9999999999949365,1.0131229188914403e-11,3.182632748236128e-06,15016,240256,0.06453579299977719,0.01950607999606291,0.2024621919999845,90,0,complete,"[0.627923, 0.932128, 1.071839, 1.056171, 0.910744, 1.323513, 1.346764, 1.140654, 1.120255, 1.039648, 1.166812, 1.438162, 1.545503, 1.241713, 0.847149]","[0.599726, 0.819703, 1.021679, 1.372977, 1.403911, 1.545503]","[[4.3e-05, 2e-05, 0.019909, 0.036031, 0.184735, 0.034143, 0.125687, 0.094407, 0.093742, 0.341669, 0.003484, 0.003835, 0.599726, 0.46297, 0.459989], [0.162012, 0.277593, 0.24471, 0.064431, 0.361126, 0.294053, 0.336864, 0.628428, 0.48732, 0.14534, 0.64069, 0.435705, 0.706917, 0.819703, 0.494641], [0.607217, 0.903095, 0.251341, 0.466858, 0.648091, 0.210995, 0.797212, 0.580165, 0.805693, 0.850794, 0.491417, 0.961126, 1.021679, 0.807958, 0.558523], [0.598349, 0.793873, 0.702877, 0.689374, 0.509906, 0.843387, 0.903528, 0.757264, 1.01462, 0.754651, 0.925253, 1.098397, 1.372977, 0.971833, 0.837686], [0.417722, 0.951571, 0.95547, 0.920216, 0.789281, 1.137432, 1.115727, 0.936885, 1.01985, 0.867966, 1.101084, 1.361727, 1.278971, 1.403911, 0.715088], [0.627923, 0.932128, 1.071839, 1.056171, 0.910744, 1.323513, 1.346764, 1.140654, 1.120255, 1.039648, 1.166812, 1.438162, 1.545503, 1.241713, 0.847149]]","[2, 4, 8, 16, 32, 64]",a250ae81afc363466076dd397784dfa7e178223a,f2b6f21f8cfddcca,1.0.0
depth_truncation,full,True,line16,16,6,11,natural,90,64,64,1e-14,64,64,29.2,1.5455033645861669,1.1205985863249437,1.545503364586169,64,7.877690130152773e-29,4.124644690910525e-29,0.9999999999999999,1.3322676295501878e-15,2.045507695007665e-14,42362,677792,0.07461238399991998,0.026239431004796643,0.2024621919999845,90,0,complete,"[0.627923, 0.932128, 1.071839, 1.056171, 0.910744, 1.323513, 1.346764, 1.140654, 1.120255, 1.039648, 1.166812, 1.438162, 1.545503, 1.241713, 0.847149]","[0.599726, 0.819703, 1.021679, 1.372977, 1.403911, 1.545503]","[[4.3e-05, 2e-05, 0.019909, 0.036031, 0.184735, 0.034143, 0.125687, 0.094407, 0.093742, 0.341669, 0.003484, 0.003835, 0.599726, 0.46297, 0.459989], [0.162012, 0.277593, 0.24471, 0.064431, 0.361126, 0.294053, 0.336864, 0.628428, 0.48732, 0.14534, 0.64069, 0.435705, 0.706917, 0.819703, 0.494641], [0.607217, 0.903095, 0.251341, 0.466858, 0.648091, 0.210995, 0.797212, 0.580165, 0.805693, 0.850794, 0.491417, 0.961126, 1.021679, 0.807958, 0.558523], [0.598349, 0.793873, 0.702877, 0.689374, 0.509906, 0.843387, 0.903528, 0.757264, 1.01462, 0.754651, 0.925253, 1.098397, 1.372977, 0.971833, 0.837686], [0.417722, 0.951571, 0.95547, 0.920216, 0.789281, 1.137432, 1.115727, 0.936885, 1.01985, 0.867966, 1.101084, 1.361727, 1.278971, 1.403911, 0.715088], [0.627923, 0.932128, 1.071839, 1.056171, 0.910744, 1.323513, 1.346764, 1.140654, 1.120255, 1.039648, 1.166812, 1.438162, 1.545503, 1.241713, 0.847149]]","[2, 4, 8, 16, 32, 64]",a250ae81afc363466076dd397784dfa7e178223a,f2b6f21f8cfddcca,1.0.0
depth_truncation,full,True,line16,16,6,11,natural,90,-1,untruncated,1e-14,64,64,29.2,1.5455033645861698,1.1205985863249446,1.545503364586169,64,7.877646903586525e-29,4.1246447012449794e-29,1.0,1.7763568394002505e-15,1.9706973777423177e-14,42362,677792,0.11871930500001326,0.027133680002407345,0.2024621919999845,90,0,complete,"[0.627923, 0.932128, 1.071839, 1.056171, 0.910744, 1.323513, 1.346764, 1.140654, 1.120255, 1.039648, 1.166812, 1.438162, 1.545503, 1.241713, 0.847149]","[0.599726, 0.819703, 1.021679, 1.372977, 1.403911, 1.545503]","[[4.3e-05, 2e-05, 0.019909, 0.036031, 0.184735, 0.034143, 0.125687, 0.094407, 0.093742, 0.341669, 0.003484, 0.003835, 0.599726, 0.46297, 0.459989], [0.162012, 0.277593, 0.24471, 0.064431, 0.361126, 0.294053, 0.336864, 0.628428, 0.48732, 0.14534, 0.64069, 0.435705, 0.706917, 0.819703, 0.494641], [0.607217, 0.903095, 0.251341, 0.466858, 0.648091, 0.210995, 0.797212, 0.580165, 0.805693, 0.850794, 0.491417, 0.961126, 1.021679, 0.807958, 0.558523], [0.598349, 0.793873, 0.702877, 0.689374, 0.509906, 0.843387, 0.903528, 0.757264, 1.01462, 0.754651, 0.925253, 1.098397, 1.372977, 0.971833, 0.837686], [0.417722, 0.951571, 0.95547, 0.920216, 0.789281, 1.137432, 1.115727, 0.936885, 1.01985, 0.867966, 1.101084, 1.361727, 1.278971, 1.403911, 0.715088], [0.627923, 0.932128, 1.071839, 1.056171, 0.910744, 1.323513, 1.346764, 1.140654, 1.120255, 1.039648, 1.166812, 1.438162, 1.545503, 1.241713, 0.847149]]","[2, 4, 8, 16, 32, 64]",a250ae81afc363466076dd397784dfa7e178223a,f2b6f21f8cfddcca,1.0.0
depth_truncation,full,True,line16,16,8,11,natural,120,2,2,1e-14,2,2,2.0,0.975649519317683,0.6821376127655902,1.8159157520890554,167,1.314077812958463,0.10792366921934346,0.5103223229672587,0.72377337090515,0.9740917125624651,120,1920,0.045473124000636744,0.0044313139960650005,0.24055348900037643,120,0,complete,"[0.911846, 0.91323, 0.975102, 0.475889, 0.517091, 0.39555, 0.581874, 0.756511, 0.702916, 0.475284, 0.473516, 0.97565, 0.909564, 0.66616, 0.501881]","[0.599726, 0.819703, 1.021679, 1.372977, 1.403911, 1.545503, 1.639084, 1.815916]","[[4.3e-05, 2e-05, 0.019909, 0.036031, 0.184735, 0.034143, 0.125687, 0.094407, 0.093742, 0.341669, 0.003484, 0.003835, 0.599726, 0.46297, 0.459989], [0.162012, 0.277593, 0.24471, 0.064431, 0.361126, 0.294053, 0.336864, 0.628428, 0.48732, 0.14534, 0.64069, 0.435705, 0.706917, 0.819703, 0.494641], [0.607217, 0.903095, 0.251341, 0.466858, 0.648091, 0.210995, 0.797212, 0.580165, 0.805693, 0.850794, 0.491417, 0.961126, 1.021679, 0.807958, 0.558523], [0.598349, 0.793873, 0.702877, 0.689374, 0.509906, 0.843387, 0.903528, 0.757264, 1.01462, 0.754651, 0.925253, 1.098397, 1.372977, 0.971833, 0.837686], [0.417722, 0.951571, 0.95547, 0.920216, 0.789281, 1.137432, 1.115727, 0.936885, 1.01985, 0.867966, 1.101084, 1.361727, 1.278971, 1.403911, 0.715088], [0.627923, 0.932128, 1.071839, 1.056171, 0.910744, 1.323513, 1.346764, 1.140654, 1.120255, 1.039648, 1.166812, 1.438162, 1.545503, 1.241713, 0.847149], [0.433315, 1.221196, 1.204243, 1.276365, 1.060058, 1.46196, 1.639084, 1.351932, 1.299973, 0.962341, 1.142226, 1.583097, 1.614499, 1.249739, 0.911304], [0.934399, 1.165729, 1.609186, 1.31132, 1.343174, 1.430405, 1.6317, 1.6934, 1.373828, 1.152324, 1.387303, 1.674017, 1.815916, 1.577684, 0.860724]]","[2, 4, 8, 16, 32, 64, 118, 167]",a250ae81afc363466076dd397784dfa7e178223a,f2b6f21f8cfddcca,1.0.0
depth_truncation,full,True,line16,16,8,11,natural,120,4,4,1e-14,4,4,3.7333333333333334,1.4960921679342527,1.1564073344498782,1.8159157520890554,167,0.2161139106267502,0.018591198470496433,0.8971769172761774,0.2057937841647668,0.46651370444594437,424,6784,0.06578686600005312,0.008033413986595406,0.24055348900037643,120,0,complete,"[0.927478, 1.100837, 1.496092, 1.113324, 1.072278, 1.110648, 1.286583, 1.321719, 0.980435, 0.803773, 1.05972, 1.280331, 1.480598, 1.482815, 0.829478]","[0.599726, 0.819703, 1.021679, 1.372977, 1.403911, 1.545503, 1.639084, 1.815916]","[[4.3e-05, 2e-05, 0.019909, 0.036031, 0.184735, 0.034143, 0.125687, 0.094407, 0.093742, 0.341669, 0.003484, 0.003835, 0.599726, 0.46297, 0.459989], [0.162012, 0.277593, 0.24471, 0.064431, 0.361126, 0.294053, 0.336864, 0.628428, 0.48732, 0.14534, 0.64069, 0.435705, 0.706917, 0.819703, 0.494641], [0.607217, 0.903095, 0.251341, 0.466858, 0.648091, 0.210995, 0.797212, 0.580165, 0.805693, 0.850794, 0.491417, 0.961126, 1.021679, 0.807958, 0.558523], [0.598349, 0.793873, 0.702877, 0.689374, 0.509906, 0.843387, 0.903528, 0.757264, 1.01462, 0.754651, 0.925253, 1.098397, 1.372977, 0.971833, 0.837686], [0.417722, 0.951571, 0.95547, 0.920216, 0.789281, 1.137432, 1.115727, 0.936885, 1.01985, 0.867966, 1.101084, 1.361727, 1.278971, 1.403911, 0.715088], [0.627923, 0.932128, 1.071839, 1.056171, 0.910744, 1.323513, 1.346764, 1.140654, 1.120255, 1.039648, 1.166812, 1.438162, 1.545503, 1.241713, 0.847149], [0.433315, 1.221196, 1.204243, 1.276365, 1.060058, 1.46196, 1.639084, 1.351932, 1.299973, 0.962341, 1.142226, 1.583097, 1.614499, 1.249739, 0.911304], [0.934399, 1.165729, 1.609186, 1.31132, 1.343174, 1.430405, 1.6317, 1.6934, 1.373828, 1.152324, 1.387303, 1.674017, 1.815916, 1.577684, 0.860724]]","[2, 4, 8, 16, 32, 64, 118, 167]",a250ae81afc363466076dd397784dfa7e178223a,f2b6f21f8cfddcca,1.0.0
depth_truncation,full,True,line16,16,8,11,natural,120,8,8,1e-14,8,8,6.666666666666667,1.8025003282782284,1.3722481986193185,1.8159157520890554,167,0.011400660169661354,0.0016912332294495307,0.9943133295934348,0.01128085873422402,0.10636190060385599,1448,23168,0.06121367400010058,0.010233925998363702,0.24055348900037643,120,0,complete,"[0.933961, 1.161746, 1.599802, 1.289205, 1.309228, 1.385315, 1.583062, 1.645386, 1.334483, 1.114397, 1.349232, 1.641661, 1.8025, 1.574122, 0.859622]","[0.599726, 0.819703, 1.021679, 1.372977, 1.403911, 1.545503, 1.639084, 1.815916]","[[4.3e-05, 2e-05, 0.019909, 0.036031, 0.184735, 0.034143, 0.125687, 0.094407, 0.093742, 0.341669, 0.003484, 0.003835, 0.599726, 0.46297, 0.459989], [0.162012, 0.277593, 0.24471, 0.064431, 0.361126, 0.294053, 0.336864, 0.628428, 0.48732, 0.14534, 0.64069, 0.435705, 0.706917, 0.819703, 0.494641], [0.607217, 0.903095, 0.251341, 0.466858, 0.648091, 0.210995, 0.797212, 0.580165, 0.805693, 0.850794, 0.491417, 0.961126, 1.021679, 0.807958, 0.558523], [0.598349, 0.793873, 0.702877, 0.689374, 0.509906, 0.843387, 0.903528, 0.757264, 1.01462, 0.754651, 0.925253, 1.098397, 1.372977, 0.971833, 0.837686], [0.417722, 0.951571, 0.95547, 0.920216, 0.789281, 1.137432, 1.115727, 0.936885, 1.01985, 0.867966, 1.101084, 1.361727, 1.278971, 1.403911, 0.715088], [0.627923, 0.932128, 1.071839, 1.056171, 0.910744, 1.323513, 1.346764, 1.140654, 1.120255, 1.039648, 1.166812, 1.438162, 1.545503, 1.241713, 0.847149], [0.433315, 1.221196, 1.204243, 1.276365, 1.060058, 1.46196, 1.639084, 1.351932, 1.299973, 0.962341, 1.142226, 1.583097, 1.614499, 1.249739, 0.911304], [0.934399, 1.165729, 1.609186, 1.31132, 1.343174, 1.430405, 1.6317, 1.6934, 1.373828, 1.152324, 1.387303, 1.674017, 1.815916, 1.577684, 0.860724]]","[2, 4, 8, 16, 32, 64, 118, 167]",a250ae81afc363466076dd397784dfa7e178223a,f2b6f21f8cfddcca,1.0.0
depth_truncation,full,True,line16,16,8,11,natural,120,16,16,1e-14,16,16,11.466666666666667,1.8158019224081074,1.3968969305429122,1.8159157520890554,167,0.00011894663674549271,3.6856426044691043e-05,0.9999405278665491,0.00011897004840133452,0.010907501413285654,4776,76416,0.07261003300027369,0.01726789199619816,0.24055348900037643,120,0,complete,"[0.934391, 1.165632, 1.60897, 1.31082, 1.342377, 1.429323, 1.630453, 1.692299, 1.372947, 1.151549, 1.386777, 1.673743, 1.815802, 1.577657, 0.860712]","[0.599726, 0.819703, 1.021679, 1.372977, 1.403911, 1.545503, 1.639084, 1.815916]","[[4.3e-05, 2e-05, 0.019909, 0.036031, 0.184735, 0.034143, 0.125687, 0.094407, 0.093742, 0.341669, 0.003484, 0.003835, 0.599726, 0.46297, 0.459989], [0.162012, 0.277593, 0.24471, 0.064431, 0.361126, 0.294053, 0.336864, 0.628428, 0.48732, 0.14534, 0.64069, 0.435705, 0.706917, 0.819703, 0.494641], [0.607217, 0.903095, 0.251341, 0.466858, 0.648091, 0.210995, 0.797212, 0.580165, 0.805693, 0.850794, 0.491417, 0.961126, 1.021679, 0.807958, 0.558523], [0.598349, 0.793873, 0.702877, 0.689374, 0.509906, 0.843387, 0.903528, 0.757264, 1.01462, 0.754651, 0.925253, 1.098397, 1.372977, 0.971833, 0.837686], [0.417722, 0.951571, 0.95547, 0.920216, 0.789281, 1.137432, 1.115727, 0.936885, 1.01985, 0.867966, 1.101084, 1.361727, 1.278971, 1.403911, 0.715088], [0.627923, 0.932128, 1.071839, 1.056171, 0.910744, 1.323513, 1.346764, 1.140654, 1.120255, 1.039648, 1.166812, 1.438162, 1.545503, 1.241713, 0.847149], [0.433315, 1.221196, 1.204243, 1.276365, 1.060058, 1.46196, 1.639084, 1.351932, 1.299973, 0.962341, 1.142226, 1.583097, 1.614499, 1.249739, 0.911304], [0.934399, 1.165729, 1.609186, 1.31132, 1.343174, 1.430405, 1.6317, 1.6934, 1.373828, 1.152324, 1.387303, 1.674017, 1.815916, 1.577684, 0.860724]]","[2, 4, 8, 16, 32, 64, 118, 167]",a250ae81afc363466076dd397784dfa7e178223a,f2b6f21f8cfddcca,1.0.0
depth_truncation,full,True,line16,16,8,11,natural,120,32,32,1e-14,32,32,18.933333333333334,1.8159155777630618,1.3974062492394124,1.8159157520890554,167,1.3392051810286527e-07,5.591776369867895e-08,0.9999999330397417,1.3408281951399204e-07,0.00036617321455354173,15016,240256,0.1215965530000176,0.03793799100185424,0.24055348900037643,120,0,complete,"[0.934399, 1.165729, 1.609186, 1.311319, 1.343172, 1.430403, 1.631698, 1.693398, 1.373826, 1.152323, 1.387302, 1.674017, 1.815916, 1.577684, 0.860724]","[0.599726, 0.819703, 1.021679, 1.372977, 1.403911, 1.545503, 1.639084, 1.815916]","[[4.3e-05, 2e-05, 0.019909, 0.036031, 0.184735, 0.034143, 0.125687, 0.094407, 0.093742, 0.341669, 0.003484, 0.003835, 0.599726, 0.46297, 0.459989], [0.162012, 0.277593, 0.24471, 0.064431, 0.361126, 0.294053, 0.336864, 0.628428, 0.48732, 0.14534, 0.64069, 0.435705, 0.706917, 0.819703, 0.494641], [0.607217, 0.903095, 0.251341, 0.466858, 0.648091, 0.210995, 0.797212, 0.580165, 0.805693, 0.850794, 0.491417, 0.961126, 1.021679, 0.807958, 0.558523], [0.598349, 0.793873, 0.702877, 0.689374, 0.509906, 0.843387, 0.903528, 0.757264, 1.01462, 0.754651, 0.925253, 1.098397, 1.372977, 0.971833, 0.837686], [0.417722, 0.951571, 0.95547, 0.920216, 0.789281, 1.137432, 1.115727, 0.936885, 1.01985, 0.867966, 1.101084, 1.361727, 1.278971, 1.403911, 0.715088], [0.627923, 0.932128, 1.071839, 1.056171, 0.910744, 1.323513, 1.346764, 1.140654, 1.120255, 1.039648, 1.166812, 1.438162, 1.545503, 1.241713, 0.847149], [0.433315, 1.221196, 1.204243, 1.276365, 1.060058, 1.46196, 1.639084, 1.351932, 1.299973, 0.962341, 1.142226, 1.583097, 1.614499, 1.249739, 0.911304], [0.934399, 1.165729, 1.609186, 1.31132, 1.343174, 1.430405, 1.6317, 1.6934, 1.373828, 1.152324, 1.387303, 1.674017, 1.815916, 1.577684, 0.860724]]","[2, 4, 8, 16, 32, 64, 118, 167]",a250ae81afc363466076dd397784dfa7e178223a,f2b6f21f8cfddcca,1.0.0
depth_truncation,full,True,line16,16,8,11,natural,120,64,64,1e-14,64,64,29.6,1.8159157520852642,1.397407235560246,1.8159157520890554,167,1.690734986897926e-12,8.765933100614878e-13,0.9999999999991546,1.6906476218991884e-12,1.3002723930489468e-06,43688,699008,0.17545060700012982,0.07971365899720695,0.24055348900037643,120,0,complete,"[0.934399, 1.165729, 1.609186, 1.31132, 1.343174, 1.430405, 1.6317, 1.6934, 1.373828, 1.152324, 1.387303, 1.674017, 1.815916, 1.577684, 0.860724]","[0.599726, 0.819703, 1.021679, 1.372977, 1.403911, 1.545503, 1.639084, 1.815916]","[[4.3e-05, 2e-05, 0.019909, 0.036031, 0.184735, 0.034143, 0.125687, 0.094407, 0.093742, 0.341669, 0.003484, 0.003835, 0.599726, 0.46297, 0.459989], [0.162012, 0.277593, 0.24471, 0.064431, 0.361126, 0.294053, 0.336864, 0.628428, 0.48732, 0.14534, 0.64069, 0.435705, 0.706917, 0.819703, 0.494641], [0.607217, 0.903095, 0.251341, 0.466858, 0.648091, 0.210995, 0.797212, 0.580165, 0.805693, 0.850794, 0.491417, 0.961126, 1.021679, 0.807958, 0.558523], [0.598349, 0.793873, 0.702877, 0.689374, 0.509906, 0.843387, 0.903528, 0.757264, 1.01462, 0.754651, 0.925253, 1.098397, 1.372977, 0.971833, 0.837686], [0.417722, 0.951571, 0.95547, 0.920216, 0.789281, 1.137432, 1.115727, 0.936885, 1.01985, 0.867966, 1.101084, 1.361727, 1.278971, 1.403911, 0.715088], [0.627923, 0.932128, 1.071839, 1.056171, 0.910744, 1.323513, 1.346764, 1.140654, 1.120255, 1.039648, 1.166812, 1.438162, 1.545503, 1.241713, 0.847149], [0.433315, 1.221196, 1.204243, 1.276365, 1.060058, 1.46196, 1.639084, 1.351932, 1.299973, 0.962341, 1.142226, 1.583097, 1.614499, 1.249739, 0.911304], [0.934399, 1.165729, 1.609186, 1.31132, 1.343174, 1.430405, 1.6317, 1.6934, 1.373828, 1.152324, 1.387303, 1.674017, 1.815916, 1.577684, 0.860724]]","[2, 4, 8, 16, 32, 64, 118, 167]",a250ae81afc363466076dd397784dfa7e178223a,f2b6f21f8cfddcca,1.0.0
depth_truncation,full,True,line16,16,8,11,natural,120,-1,untruncated,1e-14,167,167,45.0,1.8159157520890548,1.3974072355818359,1.8159157520890554,167,8.838932569597187e-28,4.099119172095649e-28,1.0,-4.440892098500626e-16,4.040953425987958e-14,129192,2067072,0.4328711309999562,0.12971017500331072,0.24055348900037643,120,0,complete,"[0.934399, 1.165729, 1.609186, 1.31132, 1.343174, 1.430405, 1.6317, 1.6934, 1.373828, 1.152324, 1.387303, 1.674017, 1.815916, 1.577684, 0.860724]","[0.599726, 0.819703, 1.021679, 1.372977, 1.403911, 1.545503, 1.639084, 1.815916]","[[4.3e-05, 2e-05, 0.019909, 0.036031, 0.184735, 0.034143, 0.125687, 0.094407, 0.093742, 0.341669, 0.003484, 0.003835, 0.599726, 0.46297, 0.459989], [0.162012, 0.277593, 0.24471, 0.064431, 0.361126, 0.294053, 0.336864, 0.628428, 0.48732, 0.14534, 0.64069, 0.435705, 0.706917, 0.819703, 0.494641], [0.607217, 0.903095, 0.251341, 0.466858, 0.648091, 0.210995, 0.797212, 0.580165, 0.805693, 0.850794, 0.491417, 0.961126, 1.021679, 0.807958, 0.558523], [0.598349, 0.793873, 0.702877, 0.689374, 0.509906, 0.843387, 0.903528, 0.757264, 1.01462, 0.754651, 0.925253, 1.098397, 1.372977, 0.971833, 0.837686], [0.417722, 0.951571, 0.95547, 0.920216, 0.789281, 1.137432, 1.115727, 0.936885, 1.01985, 0.867966, 1.101084, 1.361727, 1.278971, 1.403911, 0.715088], [0.627923, 0.932128, 1.071839, 1.056171, 0.910744, 1.323513, 1.346764, 1.140654, 1.120255, 1.039648, 1.166812, 1.438162, 1.545503, 1.241713, 0.847149], [0.433315, 1.221196, 1.204243, 1.276365, 1.060058, 1.46196, 1.639084, 1.351932, 1.299973, 0.962341, 1.142226, 1.583097, 1.614499, 1.249739, 0.911304], [0.934399, 1.165729, 1.609186, 1.31132, 1.343174, 1.430405, 1.6317, 1.6934, 1.373828, 1.152324, 1.387303, 1.674017, 1.815916, 1.577684, 0.860724]]","[2, 4, 8, 16, 32, 64, 118, 167]",a250ae81afc363466076dd397784dfa7e178223a,f2b6f21f8cfddcca,1.0.0
depth_truncation,full,True,line16,16,1,19,natural,15,2,2,1e-14,2,2,2.0,0.7254439615800036,0.22665447389483032,0.7254439615800039,2,4.0402661562530704e-33,2.4785181047762885e-33,1.0,-1.7763568394002505e-15,2.2715074211486424e-15,120,1920,0.005318239000189351,0.0005221260007601813,0.03064504899975873,15,0,complete,"[0.059687, 0.264642, 0.143527, 0.144741, 0.725444, 0.665355, 0.102426, 0.094272, 0.102146, 0.056121, 0.020861, 0.071051, 0.180465, 0.387282, 0.381796]",[0.725444],"[[0.059687, 0.264642, 0.143527, 0.144741, 0.725444, 0.665355, 0.102426, 0.094272, 0.102146, 0.056121, 0.020861, 0.071051, 0.180465, 0.387282, 0.381796]]",[2],a250ae81afc363466076dd397784dfa7e178223a,f2b6f21f8cfddcca,1.0.0
depth_truncation,full,True,line16,16,1,19,natural,15,4,4,1e-14,2,2,2.0,0.7254439615800036,0.22665447389483032,0.7254439615800039,2,4.0402661562530704e-33,2.4785181047762885e-33,1.0,-1.7763568394002505e-15,2.2715074211486424e-15,120,1920,0.00526902500041615,0.0004959689986208105,0.03064504899975873,15,0,complete,"[0.059687, 0.264642, 0.143527, 0.144741, 0.725444, 0.665355, 0.102426, 0.094272, 0.102146, 0.056121, 0.020861, 0.071051, 0.180465, 0.387282, 0.381796]",[0.725444],"[[0.059687, 0.264642, 0.143527, 0.144741, 0.725444, 0.665355, 0.102426, 0.094272, 0.102146, 0.056121, 0.020861, 0.071051, 0.180465, 0.387282, 0.381796]]",[2],a250ae81afc363466076dd397784dfa7e178223a,f2b6f21f8cfddcca,1.0.0
depth_truncation,full,True,line16,16,1,19,natural,15,8,8,1e-14,2,2,2.0,0.7254439615800036,0.22665447389483032,0.7254439615800039,2,4.0402661562530704e-33,2.4785181047762885e-33,1.0,-1.7763568394002505e-15,2.2715074211486424e-15,120,1920,0.0054031629997552955,0.0005117740010973648,0.03064504899975873,15,0,complete,"[0.059687, 0.264642, 0.143527, 0.144741, 0.725444, 0.665355, 0.102426, 0.094272, 0.102146, 0.056121, 0.020861, 0.071051, 0.180465, 0.387282, 0.381796]",[0.725444],"[[0.059687, 0.264642, 0.143527, 0.144741, 0.725444, 0.665355, 0.102426, 0.094272, 0.102146, 0.056121, 0.020861, 0.071051, 0.180465, 0.387282, 0.381796]]",[2],a250ae81afc363466076dd397784dfa7e178223a,f2b6f21f8cfddcca,1.0.0
depth_truncation,full,True,line16,16,1,19,natural,15,16,16,1e-14,2,2,2.0,0.7254439615800036,0.22665447389483032,0.7254439615800039,2,4.0402661562530704e-33,2.4785181047762885e-33,1.0,-1.7763568394002505e-15,2.2715074211486424e-15,120,1920,0.0051309330001458875,0.0004794209980900632,0.03064504899975873,15,0,complete,"[0.059687, 0.264642, 0.143527, 0.144741, 0.725444, 0.665355, 0.102426, 0.094272, 0.102146, 0.056121, 0.020861, 0.071051, 0.180465, 0.387282, 0.381796]",[0.725444],"[[0.059687, 0.264642, 0.143527, 0.144741, 0.725444, 0.665355, 0.102426, 0.094272, 0.102146, 0.056121, 0.020861, 0.071051, 0.180465, 0.387282, 0.381796]]",[2],a250ae81afc363466076dd397784dfa7e178223a,f2b6f21f8cfddcca,1.0.0
depth_truncation,full,True,line16,16,1,19,natural,15,32,32,1e-14,2,2,2.0,0.7254439615800036,0.22665447389483032,0.7254439615800039,2,4.0402661562530704e-33,2.4785181047762885e-33,1.0,-1.7763568394002505e-15,2.2715074211486424e-15,120,1920,0.005244601999947918,0.0005267820015433244,0.03064504899975873,15,0,complete,"[0.059687, 0.264642, 0.143527, 0.144741, 0.725444, 0.665355, 0.102426, 0.094272, 0.102146, 0.056121, 0.020861, 0.071051, 0.180465, 0.387282, 0.381796]",[0.725444],"[[0.059687, 0.264642, 0.143527, 0.144741, 0.725444, 0.665355, 0.102426, 0.094272, 0.102146, 0.056121, 0.020861, 0.071051, 0.180465, 0.387282, 0.381796]]",[2],a250ae81afc363466076dd397784dfa7e178223a,f2b6f21f8cfddcca,1.0.0
depth_truncation,full,True,line16,16,1,19,natural,15,64,64,1e-14,2,2,2.0,0.7254439615800036,0.22665447389483032,0.7254439615800039,2,4.0402661562530704e-33,2.4785181047762885e-33,1.0,-1.7763568394002505e-15,2.2715074211486424e-15,120,1920,0.005187531000046874,0.0005445720016723499,0.03064504899975873,15,0,complete,"[0.059687, 0.264642, 0.143527, 0.144741, 0.725444, 0.665355, 0.102426, 0.094272, 0.102146, 0.056121, 0.020861, 0.071051, 0.180465, 0.387282, 0.381796]",[0.725444],"[[0.059687, 0.264642, 0.143527, 0.144741, 0.725444, 0.665355, 0.102426, 0.094272, 0.102146, 0.056121, 0.020861, 0.071051, 0.180465, 0.387282, 0.381796]]",[2],a250ae81afc363466076dd397784dfa7e178223a,f2b6f21f8cfddcca,1.0.0
depth_truncation,full,True,line16,16,1,19,natural,15,-1,untruncated,1e-14,2,2,2.0,0.7254439615800036,0.22665447389483034,0.7254439615800039,2,4.0402661562530704e-33,2.4785181047762885e-33,1.0,-1.7763568394002505e-15,1.8940994905957977e-15,120,1920,0.007855595000364701,0.0005815839986098581,0.03064504899975873,15,0,complete,"[0.059687, 0.264642, 0.143527, 0.144741, 0.725444, 0.665355, 0.102426, 0.094272, 0.102146, 0.056121, 0.020861, 0.071051, 0.180465, 0.387282, 0.381796]",[0.725444],"[[0.059687, 0.264642, 0.143527, 0.144741, 0.725444, 0.665355, 0.102426, 0.094272, 0.102146, 0.056121, 0.020861, 0.071051, 0.180465, 0.387282, 0.381796]]",[2],a250ae81afc363466076dd397784dfa7e178223a,f2b6f21f8cfddcca,1.0.0
depth_truncation,full,True,line16,16,2,19,natural,30,2,2,1e-14,2,2,2.0,0.8149021249471912,0.3729920566599417,0.8394726831259811,4,0.022461664352197694,0.008994102098081,0.9887998680466906,0.02218990432403878,0.14938000968709508,120,1920,0.011150893999911204,0.0010854750007638359,0.06494624600054522,30,0,complete,"[0.457425, 0.157955, 0.056673, 0.565224, 0.814902, 0.239008, 0.434939, 0.559075, 0.408652, 0.212289, 0.157223, 0.164808, 0.20441, 0.455944, 0.706354]","[0.725444, 0.839473]","[[0.059687, 0.264642, 0.143527, 0.144741, 0.725444, 0.665355, 0.102426, 0.094272, 0.102146, 0.056121, 0.020861, 0.071051, 0.180465, 0.387282, 0.381796], [0.459392, 0.190992, 0.161814, 0.661434, 0.839473, 0.288249, 0.485077, 0.574532, 0.416387, 0.214318, 0.158948, 0.167973, 0.20982, 0.461843, 0.706805]]","[2, 4]",a250ae81afc363466076dd397784dfa7e178223a,f2b6f21f8cfddcca,1.0.0
depth_truncation,full,True,line16,16,2,19,natural,30,4,4,1e-14,4,4,3.7333333333333334,0.8394726831259807,0.39980378631949437,0.8394726831259811,4,4.548901021834014e-33,2.4785181047762885e-33,1.0,-8.881784197001252e-16,1.7838758613868412e-15,424,6784,0.011696227999891562,0.0012020910016872222,0.06494624600054522,30,0,complete,"[0.459392, 0.190992, 0.161814, 0.661434, 0.839473, 0.288249, 0.485077, 0.574532, 0.416387, 0.214318, 0.158948, 0.167973, 0.20982, 0.461843, 0.706805]","[0.725444, 0.839473]","[[0.059687, 0.264642, 0.143527, 0.144741, 0.725444, 0.665355, 0.102426, 0.094272, 0.102146, 0.056121, 0.020861, 0.071051, 0.180465, 0.387282, 0.381796], [0.459392, 0.190992, 0.161814, 0.661434, 0.839473, 0.288249, 0.485077, 0.574532, 0.416387, 0.214318, 0.158948, 0.167973, 0.20982, 0.461843, 0.706805]]","[2, 4]",a250ae81afc363466076dd397784dfa7e178223a,f2b6f21f8cfddcca,1.0.0
depth_truncation,full,True,line16,16,2,19,natural,30,8,8,1e-14,4,4,3.7333333333333334,0.8394726831259807,0.39980378631949437,0.8394726831259811,4,4.548901021834014e-33,2.4785181047762885e-33,1.0,-8.881784197001252e-16,1.7838758613868412e-15,424,6784,0.011630385999524151,0.0012973260008948273,0.06494624600054522,30,0,complete,"[0.459392, 0.190992, 0.161814, 0.661434, 0.839473, 0.288249, 0.485077, 0.574532, 0.416387, 0.214318, 0.158948, 0.167973, 0.20982, 0.461843, 0.706805]","[0.725444, 0.839473]","[[0.059687, 0.264642, 0.143527, 0.144741, 0.725444, 0.665355, 0.102426, 0.094272, 0.102146, 0.056121, 0.020861, 0.071051, 0.180465, 0.387282, 0.381796], [0.459392, 0.190992, 0.161814, 0.661434, 0.839473, 0.288249, 0.485077, 0.574532, 0.416387, 0.214318, 0.158948, 0.167973, 0.20982, 0.461843, 0.706805]]","[2, 4]",a250ae81afc363466076dd397784dfa7e178223a,f2b6f21f8cfddcca,1.0.0
depth_truncation,full,True,line16,16,2,19,natural,30,16,16,1e-14,4,4,3.7333333333333334,0.8394726831259807,0.39980378631949437,0.8394726831259811,4,4.548901021834014e-33,2.4785181047762885e-33,1.0,-8.881784197001252e-16,1.7838758613868412e-15,424,6784,0.011557356000594154,0.0012150149977969704,0.06494624600054522,30,0,complete,"[0.459392, 0.190992, 0.161814, 0.661434, 0.839473, 0.288249, 0.485077, 0.574532, 0.416387, 0.214318, 0.158948, 0.167973, 0.20982, 0.461843, 0.706805]","[0.725444, 0.839473]","[[0.059687, 0.264642, 0.143527, 0.144741, 0.725444, 0.665355, 0.102426, 0.094272, 0.102146, 0.056121, 0.020861, 0.071051, 0.180465, 0.387282, 0.381796], [0.459392, 0.190992, 0.161814, 0.661434, 0.839473, 0.288249, 0.485077, 0.574532, 0.416387, 0.214318, 0.158948, 0.167973, 0.20982, 0.461843, 0.706805]]","[2, 4]",a250ae81afc363466076dd397784dfa7e178223a,f2b6f21f8cfddcca,1.0.0
depth_truncation,full,True,line16,16,2,19,natural,30,32,32,1e-14,4,4,3.7333333333333334,0.8394726831259807,0.39980378631949437,0.8394726831259811,4,4.548901021834014e-33,2.4785181047762885e-33,1.0,-8.881784197001252e-16,1.7838758613868412e-15,424,6784,0.01154089500050759,0.0012099090026822523,0.06494624600054522,30,0,complete,"[0.459392, 0.190992, 0.161814, 0.661434, 0.839473, 0.288249, 0.485077, 0.574532, 0.416387, 0.214318, 0.158948, 0.167973, 0.20982, 0.461843, 0.706805]","[0.725444, 0.839473]","[[0.059687, 0.264642, 0.143527, 0.144741, 0.725444, 0.665355, 0.102426, 0.094272, 0.102146, 0.056121, 0.020861, 0.071051, 0.180465, 0.387282, 0.381796], [0.459392, 0.190992, 0.161814, 0.661434, 0.839473, 0.288249, 0.485077, 0.574532, 0.416387, 0.214318, 0.158948, 0.167973, 0.20982, 0.461843, 0.706805]]","[2, 4]",a250ae81afc363466076dd397784dfa7e178223a,f2b6f21f8cfddcca,1.0.0
depth_truncation,full,True,line16,16,2,19,natural,30,64,64,1e-14,4,4,3.7333333333333334,0.8394726831259807,0.39980378631949437,0.8394726831259811,4,4.548901021834014e-33,2.4785181047762885e-33,1.0,-8.881784197001252e-16,1.7838758613868412e-15,424,6784,0.011520885000209091,0.0011738139992303331,0.06494624600054522,30,0,complete,"[0.459392, 0.190992, 0.161814, 0.661434, 0.839473, 0.288249, 0.485077, 0.574532, 0.416387, 0.214318, 0.158948, 0.167973, 0.20982, 0.461843, 0.706805]","[0.725444, 0.839473]","[[0.059687, 0.264642, 0.143527, 0.144741, 0.725444, 0.665355, 0.102426, 0.094272, 0.102146, 0.056121, 0.020861, 0.071051, 0.180465, 0.387282, 0.381796], [0.459392, 0.190992, 0.161814, 0.661434, 0.839473, 0.288249, 0.485077, 0.574532, 0.416387, 0.214318, 0.158948, 0.167973, 0.20982, 0.461843, 0.706805]]","[2, 4]",a250ae81afc363466076dd397784dfa7e178223a,f2b6f21f8cfddcca,1.0.0
depth_truncation,full,True,line16,16,2,19,natural,30,-1,untruncated,1e-14,4,4,3.7333333333333334,0.839472683125981,0.3998037863194944,0.8394726831259811,4,4.338575722337748e-33,2.4785181047762885e-33,1.0,-4.440892098500626e-16,2.9233785699552002e-15,424,6784,0.016369158999623323,0.0013194300008763094,0.06494624600054522,30,0,complete,"[0.459392, 0.190992, 0.161814, 0.661434, 0.839473, 0.288249, 0.485077, 0.574532, 0.416387, 0.214318, 0.158948, 0.167973, 0.20982, 0.461843, 0.706805]","[0.725444, 0.839473]","[[0.059687, 0.264642, 0.143527, 0.144741, 0.725444, 0.665355, 0.102426, 0.094272, 0.102146, 0.056121, 0.020861, 0.071051, 0.180465, 0.387282, 0.381796], [0.459392, 0.190992, 0.161814, 0.661434, 0.839473, 0.288249, 0.485077, 0.574532, 0.416387, 0.214318, 0.158948, 0.167973, 0.20982, 0.461843, 0.706805]]","[2, 4]",a250ae81afc363466076dd397784dfa7e178223a,f2b6f21f8cfddcca,1.0.0
depth_truncation,full,True,line16,16,4,19,natural,60,2,2,1e-14,2,2,2.0,0.9377247737520488,0.5754484788093873,1.202240927584931,16,0.36086612301962,0.09939281174870596,0.8315618713369494,0.3017771113526392,0.573415513460204,120,1920,0.023089989000254718,0.0021692820000680513,0.12619660100062902,60,0,complete,"[0.652417, 0.722354, 0.640158, 0.937725, 0.681346, 0.625254, 0.658182, 0.59677, 0.400432, 0.184348, 0.650893, 0.590363, 0.315776, 0.694555, 0.281154]","[0.725444, 0.839473, 0.904938, 1.202241]","[[0.059687, 0.264642, 0.143527, 0.144741, 0.725444, 0.665355, 0.102426, 0.094272, 0.102146, 0.056121, 0.020861, 0.071051, 0.180465, 0.387282, 0.381796], [0.459392, 0.190992, 0.161814, 0.661434, 0.839473, 0.288249, 0.485077, 0.574532, 0.416387, 0.214318, 0.158948, 0.167973, 0.20982, 0.461843, 0.706805], [0.764801, 0.725109, 0.494882, 0.879305, 0.771635, 0.904938, 0.797575, 0.629541, 0.442623, 0.571363, 0.362022, 0.879678, 0.838397, 0.75878, 0.826868], [0.70034, 0.945145, 0.928911, 1.114512, 0.956388, 0.920474, 0.956653, 0.801374, 0.72696, 0.516654, 0.816752, 0.742827, 0.754156, 1.202241, 0.583225]]","[2, 4, 8, 16]",a250ae81afc363466076dd397784dfa7e178223a,f2b6f21f8cfddcca,1.0.0
depth_truncation,full,True,line16,16,4,19,natural,60,4,4,1e-14,4,4,3.7333333333333334,1.199235902441742,0.8325273830045139,1.202240927584931,16,0.00644228642953178,0.0020820746424792523,0.9967819545650378,0.006577144330634055,0.08116646320581337,424,6784,0.026593683999635687,0.0032561340030952124,0.12619660100062902,60,0,complete,"[0.697801, 0.935624, 0.906916, 1.097693, 0.937623, 0.891375, 0.930075, 0.787102, 0.719625, 0.510792, 0.812762, 0.73589, 0.743794, 1.199236, 0.581604]","[0.725444, 0.839473, 0.904938, 1.202241]","[[0.059687, 0.264642, 0.143527, 0.144741, 0.725444, 0.665355, 0.102426, 0.094272, 0.102146, 0.056121, 0.020861, 0.071051, 0.180465, 0.387282, 0.381796], [0.459392, 0.190992, 0.161814, 0.661434, 0.839473, 0.288249, 0.485077, 0.574532, 0.416387, 0.214318, 0.158948, 0.167973, 0.20982, 0.461843, 0.706805], [0.764801, 0.725109, 0.494882, 0.879305, 0.771635, 0.904938, 0.797575, 0.629541, 0.442623, 0.571363, 0.362022, 0.879678, 0.838397, 0.75878, 0.826868], [0.70034, 0.945145, 0.928911, 1.114512, 0.956388, 0.920474, 0.956653, 0.801374, 0.72696, 0.516654, 0.816752, 0.742827, 0.754156, 1.202241, 0.583225]]","[2, 4, 8, 16]",a250ae81afc363466076dd397784dfa7e178223a,f2b6f21f8cfddcca,1.0.0
depth_truncation,full,True,line16,16,4,19,natural,60,8,8,1e-14,8,8,6.666666666666667,1.2022407567162963,0.8444111653532793,1.202240927584931,16,7.897802132565445e-06,6.285425147738536e-06,0.999996051096639,7.897998243411308e-06,0.0028103405202510555,1448,23168,0.027625906999674044,0.0039276260022234055,0.12619660100062902,60,0,complete,"[0.700334, 0.945121, 0.928865, 1.114432, 0.956253, 0.920402, 0.956609, 0.801358, 0.72695, 0.516648, 0.81675, 0.742825, 0.754155, 1.202241, 0.583225]","[0.725444, 0.839473, 0.904938, 1.202241]","[[0.059687, 0.264642, 0.143527, 0.144741, 0.725444, 0.665355, 0.102426, 0.094272, 0.102146, 0.056121, 0.020861, 0.071051, 0.180465, 0.387282, 0.381796], [0.459392, 0.190992, 0.161814, 0.661434, 0.839473, 0.288249, 0.485077, 0.574532, 0.416387, 0.214318, 0.158948, 0.167973, 0.20982, 0.461843, 0.706805], [0.764801, 0.725109, 0.494882, 0.879305, 0.771635, 0.904938, 0.797575, 0.629541, 0.442623, 0.571363, 0.362022, 0.879678, 0.838397, 0.75878, 0.826868], [0.70034, 0.945145, 0.928911, 1.114512, 0.956388, 0.920474, 0.956653, 0.801374, 0.72696, 0.516654, 0.816752, 0.742827, 0.754156, 1.202241, 0.583225]]","[2, 4, 8, 16]",a250ae81afc363466076dd397784dfa7e178223a,f2b6f21f8cfddcca,1.0.0
depth_truncation,full,True,line16,16,4,19,natural,60,16,16,1e-14,16,16,11.466666666666667,1.2022409275849302,0.8444406983660329,1.202240927584931,16,2.107979711148372e-31,7.210749707802203e-32,0.9999999999999996,-1.7763568394002505e-15,6.224997629764344e-15,4776,76416,0.028502816000582243,0.004650202003176673,0.12619660100062902,60,0,complete,"[0.70034, 0.945145, 0.928911, 1.114512, 0.956388, 0.920474, 0.956653, 0.801374, 0.72696, 0.516654, 0.816752, 0.742827, 0.754156, 1.202241, 0.583225]","[0.725444, 0.839473, 0.904938, 1.202241]","[[0.059687, 0.264642, 0.143527, 0.144741, 0.725444, 0.665355, 0.102426, 0.094272, 0.102146, 0.056121, 0.020861, 0.071051, 0.180465, 0.387282, 0.381796], [0.459392, 0.190992, 0.161814, 0.661434, 0.839473, 0.288249, 0.485077, 0.574532, 0.416387, 0.214318, 0.158948, 0.167973, 0.20982, 0.461843, 0.706805], [0.764801, 0.725109, 0.494882, 0.879305, 0.771635, 0.904938, 0.797575, 0.629541, 0.442623, 0.571363, 0.362022, 0.879678, 0.838397, 0.75878, 0.826868], [0.70034, 0.945145, 0.928911, 1.114512, 0.956388, 0.920474, 0.956653, 0.801374, 0.72696, 0.516654, 0.816752, 0.742827, 0.754156, 1.202241, 0.583225]]","[2, 4, 8, 16]",a250ae81afc363466076dd397784dfa7e178223a,f2b6f21f8cfddcca,1.0.0
depth_truncation,full,True,line16,16,4,19,natural,60,32,32,1e-14,16,16,11.466666666666667,1.2022409275849302,0.8444406983660329,1.202240927584931,16,2.107979711148372e-31,7.210749707802203e-32,0.9999999999999996,-1.7763568394002505e-15,6.224997629764344e-15,4776,76416,0.02851568200003385,0.004437850002432242,0.12619660100062902,60,0,complete,"[0.70034, 0.945145, 0.928911, 1.114512, 0.956388, 0.920474, 0.956653, 0.801374, 0.72696, 0.516654, 0.816752, 0.742827, 0.754156, 1.202241, 0.583225]","[0.725444, 0.839473, 0.904938, 1.202241]","[[0.059687, 0.264642, 0.143527, 0.144741, 0.725444, 0.665355, 0.102426, 0.094272, 0.102146, 0.056121, 0.020861, 0.071051, 0.180465, 0.387282, 0.381796], [0.459392, 0.190992, 0.161814, 0.661434, 0.839473, 0.288249, 0.485077, 0.574532, 0.416387, 0.214318, 0.158948, 0.167973, 0.20982, 0.461843, 0.706805], [0.764801, 0.725109, 0.494882, 0.879305, 0.771635, 0.904938, 0.797575, 0.629541, 0.442623, 0.571363, 0.362022, 0.879678, 0.838397, 0.75878, 0.826868], [0.70034, 0.945145, 0.928911, 1.114512, 0.956388, 0.920474, 0.956653, 0.801374, 0.72696, 0.516654, 0.816752, 0.742827, 0.754156, 1.202241, 0.583225]]","[2, 4, 8, 16]",a250ae81afc363466076dd397784dfa7e178223a,f2b6f21f8cfddcca,1.0.0
depth_truncation,full,True,line16,16,4,19,natural,60,64,64,1e-14,16,16,11.466666666666667,1.2022409275849302,0.8444406983660329,1.202240927584931,16,2.107979711148372e-31,7.210749707802203e-32,0.9999999999999996,-1.7763568394002505e-15,6.224997629764344e-15,4776,76416,0.027968506999968668,0.004388237008242868,0.12619660100062902,60,0,complete,"[0.70034, 0.945145, 0.928911, 1.114512, 0.956388, 0.920474, 0.956653, 0.801374, 0.72696, 0.516654, 0.816752, 0.742827, 0.754156, 1.202241, 0.583225]","[0.725444, 0.839473, 0.904938, 1.202241]","[[0.059687, 0.264642, 0.143527, 0.144741, 0.725444, 0.665355, 0.102426, 0.094272, 0.102146, 0.056121, 0.020861, 0.071051, 0.180465, 0.387282, 0.381796], [0.459392, 0.190992, 0.161814, 0.661434, 0.839473, 0.288249, 0.485077, 0.574532, 0.416387, 0.214318, 0.158948, 0.167973, 0.20982, 0.461843, 0.706805], [0.764801, 0.725109, 0.494882, 0.879305, 0.771635, 0.904938, 0.797575, 0.629541, 0.442623, 0.571363, 0.362022, 0.879678, 0.838397, 0.75878, 0.826868], [0.70034, 0.945145, 0.928911, 1.114512, 0.956388, 0.920474, 0.956653, 0.801374, 0.72696, 0.516654, 0.816752, 0.742827, 0.754156, 1.202241, 0.583225]]","[2, 4, 8, 16]",a250ae81afc363466076dd397784dfa7e178223a,f2b6f21f8cfddcca,1.0.0
depth_truncation,full,True,line16,16,4,19,natural,60,-1,untruncated,1e-14,16,16,11.466666666666667,1.2022409275849313,0.844440698366033,1.202240927584931,16,2.1060450661801673e-31,7.210749707801918e-32,1.0,-3.1086244689504383e-15,5.192370665437973e-15,4776,76416,0.04174453700034064,0.0049704939947332605,0.12619660100062902,60,0,complete,"[0.70034, 0.945145, 0.928911, 1.114512, 0.956388, 0.920474, 0.956653, 0.801374, 0.72696, 0.516654, 0.816752, 0.742827, 0.754156, 1.202241, 0.583225]","[0.725444, 0.839473, 0.904938, 1.202241]","[[0.059687, 0.264642, 0.143527, 0.144741, 0.725444, 0.665355, 0.102426, 0.094272, 0.102146, 0.056121, 0.020861, 0.071051, 0.180465, 0.387282, 0.381796], [0.459392, 0.190992, 0.161814, 0.661434, 0.839473, 0.288249, 0.485077, 0.574532, 0.416387, 0.214318, 0.158948, 0.167973, 0.20982, 0.461843, 0.706805], [0.764801, 0.725109, 0.494882, 0.879305, 0.771635, 0.904938, 0.797575, 0.629541, 0.442623, 0.571363, 0.362022, 0.879678, 0.838397, 0.75878, 0.826868], [0.70034, 0.945145, 0.928911, 1.114512, 0.956388, 0.920474, 0.956653, 0.801374, 0.72696, 0.516654, 0.816752, 0.742827, 0.754156, 1.202241, 0.583225]]","[2, 4, 8, 16]",a250ae81afc363466076dd397784dfa7e178223a,f2b6f21f8cfddcca,1.0.0
depth_truncation,full,True,line16,16,6,19,natural,90,2,2,1e-14,2,2,2.0,0.9177446367830201,0.5358473204847282,1.4769463747322957,64,0.9175982153104627,0.10037480471823886,0.6253321392036145,0.5807846960233066,0.8396804384083839,120,1920,0.033638175999840314,0.0031937919975462137,0.1748861840005702,90,0,complete,"[0.560564, 0.567445, 0.378623, 0.387596, 0.465143, 0.663114, 0.558069, 0.84293, 0.197937, 0.254109, 0.319769, 0.554827, 0.727195, 0.917745, 0.642645]","[0.725444, 0.839473, 0.904938, 1.202241, 1.306505, 1.476946]","[[0.059687, 0.264642, 0.143527, 0.144741, 0.725444, 0.665355, 0.102426, 0.094272, 0.102146, 0.056121, 0.020861, 0.071051, 0.180465, 0.387282, 0.381796], [0.459392, 0.190992, 0.161814, 0.661434, 0.839473, 0.288249, 0.485077, 0.574532, 0.416387, 0.214318, 0.158948, 0.167973, 0.20982, 0.461843, 0.706805], [0.764801, 0.725109, 0.494882, 0.879305, 0.771635, 0.904938, 0.797575, 0.629541, 0.442623, 0.571363, 0.362022, 0.879678, 0.838397, 0.75878, 0.826868], [0.70034, 0.945145, 0.928911, 1.114512, 0.956388, 0.920474, 0.956653, 0.801374, 0.72696, 0.516654, 0.816752, 0.742827, 0.754156, 1.202241, 0.583225], [0.745867, 0.911985, 1.306505, 1.251233, 1.05469, 1.007672, 0.947952, 1.020361, 0.759999, 0.686025, 0.927171, 0.916223, 0.95639, 1.165755, 0.683193], [0.795002, 1.216287, 1.476946, 1.312513, 1.240141, 1.286743, 1.226703, 1.286027, 0.842105, 0.898906, 0.987224, 1.061995, 1.250254, 1.367716, 0.781323]]","[2, 4, 8, 16, 32, 64]",a250ae81afc363466076dd397784dfa7e178223a,f2b6f21f8cfddcca,1.0.0
depth_truncation,full,True,line16,16,6,19,natural,90,4,4,1e-14,4,4,3.7333333333333334,1.358097445721888,1.0234785789308638,1.4769463747322957,64,0.0757569565352703,0.0079652256906995,0.9627506222414793,0.07671973103117924,0.27973293849517405,424,6784,0.039337758000328904,0.004569096008708584,0.1748861840005702,90,0,complete,"[0.788132, 1.177132, 1.358097, 1.180221, 1.100846, 1.154714, 1.081586, 1.148946, 0.657323, 0.712546, 0.818929, 0.910707, 1.149064, 1.339351, 0.774585]","[0.725444, 0.839473, 0.904938, 1.202241, 1.306505, 1.476946]","[[0.059687, 0.264642, 0.143527, 0.144741, 0.725444, 0.665355, 0.102426, 0.094272, 0.102146, 0.056121, 0.020861, 0.071051, 0.180465, 0.387282, 0.381796], [0.459392, 0.190992, 0.161814, 0.661434, 0.839473, 0.288249, 0.485077, 0.574532, 0.416387, 0.214318, 0.158948, 0.167973, 0.20982, 0.461843, 0.706805], [0.764801, 0.725109, 0.494882, 0.879305, 0.771635, 0.904938, 0.797575, 0.629541, 0.442623, 0.571363, 0.362022, 0.879678, 0.838397, 0.75878, 0.826868], [0.70034, 0.945145, 0.928911, 1.114512, 0.956388, 0.920474, 0.956653, 0.801374, 0.72696, 0.516654, 0.816752, 0.742827, 0.754156, 1.202241, 0.583225], [0.745867, 0.911985, 1.306505, 1.251233, 1.05469, 1.007672, 0.947952, 1.020361, 0.759999, 0.686025, 0.927171, 0.916223, 0.95639, 1.165755, 0.683193], [0.795002, 1.216287, 1.476946, 1.312513, 1.240141, 1.286743, 1.226703, 1.286027, 0.842105, 0.898906, 0.987224, 1.061995, 1.250254, 1.367716, 0.781323]]","[2, 4, 8, 16, 32, 64]",a250ae81afc363466076dd397784dfa7e178223a,f2b6f21f8cfddcca,1.0.0
depth_truncation,full,True,line16,16,6,19,natural,90,8,8,1e-14,8,8,6.666666666666667,1.4742817448976067,1.1297343287930621,1.4769463747322957,64,0.0020225045178412773,0.00039804433871603467,0.9989891328742302,0.0020308997126238237,0.0450769553035101,1448,23168,0.04395427900089999,0.0069807489971935865,0.1748861840005702,90,0,complete,"[0.794757, 1.215461, 1.474282, 1.306387, 1.232108, 1.279416, 1.217303, 1.275302, 0.831486, 0.889805, 0.978889, 1.055464, 1.247469, 1.366815, 0.781071]","[0.725444, 0.839473, 0.904938, 1.202241, 1.306505, 1.476946]","[[0.059687, 0.264642, 0.143527, 0.144741, 0.725444, 0.665355, 0.102426, 0.094272, 0.102146, 0.056121, 0.020861, 0.071051, 0.180465, 0.387282, 0.381796], [0.459392, 0.190992, 0.161814, 0.661434, 0.839473, 0.288249, 0.485077, 0.574532, 0.416387, 0.214318, 0.158948, 0.167973, 0.20982, 0.461843, 0.706805], [0.764801, 0.725109, 0.494882, 0.879305, 0.771635, 0.904938, 0.797575, 0.629541, 0.442623, 0.571363, 0.362022, 0.879678, 0.838397, 0.75878, 0.826868], [0.70034, 0.945145, 0.928911, 1.114512, 0.956388, 0.920474, 0.956653, 0.801374, 0.72696, 0.516654, 0.816752, 0.742827, 0.754156, 1.202241, 0.583225], [0.745867, 0.911985, 1.306505, 1.251233, 1.05469, 1.007672, 0.947952, 1.020361, 0.759999, 0.686025, 0.927171, 0.916223, 0.95639, 1.165755, 0.683193], [0.795002, 1.216287, 1.476946, 1.312513, 1.240141, 1.286743, 1.226703, 1.286027, 0.842105, 0.898906, 0.987224, 1.061995, 1.250254, 1.367716, 0.781323]]","[2, 4, 8, 16, 32, 64]",a250ae81afc363466076dd397784dfa7e178223a,f2b6f21f8cfddcca,1.0.0
depth_truncation,full,True,line16,16,6,19,natural,90,16,16,1e-14,16,16,11.466666666666667,1.4769406458089906,1.135318888846072,1.4769463747322957,64,1.3184294771274948e-06,8.404539743676265e-07,0.9999993407852885,1.3155710648637964e-06,0.0011469836531574893,4776,76416,0.05029533299966715,0.01102825499674509,0.1748861840005702,90,0,complete,"[0.795002, 1.216285, 1.476941, 1.312502, 1.240121, 1.28673, 1.226694, 1.286019, 0.842095, 0.898897, 0.987217, 1.061991, 1.250252, 1.367716, 0.781323]","[0.725444, 0.839473, 0.904938, 1.202241, 1.306505, 1.476946]","[[0.059687, 0.264642, 0.143527, 0.144741, 0.725444, 0.665355, 0.102426, 0.094272, 0.102146, 0.056121, 0.020861, 0.071051, 0.180465, 0.387282, 0.381796], [0.459392, 0.190992, 0.161814, 0.661434, 0.839473, 0.288249, 0.485077, 0.574532, 0.416387, 0.214318, 0.158948, 0.167973, 0.20982, 0.461843, 0.706805], [0.764801, 0.725109, 0.494882, 0.879305, 0.771635, 0.904938, 0.797575, 0.629541, 0.442623, 0.571363, 0.362022, 0.879678, 0.838397, 0.75878, 0.826868], [0.70034, 0.945145, 0.928911, 1.114512, 0.956388, 0.920474, 0.956653, 0.801374, 0.72696, 0.516654, 0.816752, 0.742827, 0.754156, 1.202241, 0.583225], [0.745867, 0.911985, 1.306505, 1.251233, 1.05469, 1.007672, 0.947952, 1.020361, 0.759999, 0.686025, 0.927171, 0.916223, 0.95639, 1.165755, 0.683193], [0.795002, 1.216287, 1.476946, 1.312513, 1.240141, 1.286743, 1.226703, 1.286027, 0.842105, 0.898906, 0.987224, 1.061995, 1.250254, 1.367716, 0.781323]]","[2, 4, 8, 16, 32, 64]",a250ae81afc363466076dd397784dfa7e178223a,f2b6f21f8cfddcca,1.0.0
depth_truncation,full,True,line16,16,6,19,natural,90,32,32,1e-14,32,32,18.933333333333334,1.4769463747283236,1.135325832143775,1.4769463747322957,64,1.976587525788824e-12,7.44005148219678e-13,0.9999999999990112,1.9761969838327786e-12,1.4059367303568723e-06,15016,240256,0.06339185500019084,0.01937369400093303,0.1748861840005702,90,0,complete,"[0.795002, 1.216287, 1.476946, 1.312513, 1.240141, 1.286743, 1.226703, 1.286027, 0.842105, 0.898906, 0.987224, 1.061995, 1.250254, 1.367716, 0.781323]","[0.725444, 0.839473, 0.904938, 1.202241, 1.306505, 1.476946]","[[0.059687, 0.264642, 0.143527, 0.144741, 0.725444, 0.665355, 0.102426, 0.094272, 0.102146, 0.056121, 0.020861, 0.071051, 0.180465, 0.387282, 0.381796], [0.459392, 0.190992, 0.161814, 0.661434, 0.839473, 0.288249, 0.485077, 0.574532, 0.416387, 0.214318, 0.158948, 0.167973, 0.20982, 0.461843, 0.706805], [0.764801, 0.725109, 0.494882, 0.879305, 0.771635, 0.904938, 0.797575, 0.629541, 0.442623, 0.571363, 0.362022, 0.879678, 0.838397, 0.75878, 0.826868], [0.70034, 0.945145, 0.928911, 1.114512, 0.956388, 0.920474, 0.956653, 0.801374, 0.72696, 0.516654, 0.816752, 0.742827, 0.754156, 1.202241, 0.583225], [0.745867, 0.911985, 1.306505, 1.251233, 1.05469, 1.007672, 0.947952, 1.020361, 0.759999, 0.686025, 0.927171, 0.916223, 0.95639, 1.165755, 0.683193], [0.795002, 1.216287, 1.476946, 1.312513, 1.240141, 1.286743, 1.226703, 1.286027, 0.842105, 0.898906, 0.987224, 1.061995, 1.250254, 1.367716, 0.781323]]","[2, 4, 8, 16, 32, 64]",a250ae81afc363466076dd397784dfa7e178223a,f2b6f21f8cfddcca,1.0.0
depth_truncation,full,True,line16,16,6,19,natural,90,64,64,1e-14,64,64,29.6,1.4769463747322977,1.1353258321643174,1.4769463747322957,64,1.3939508954121799e-30,4.021243740799578e-31,0.9999999999999996,-3.9968028886505635e-15,1.4968124567503643e-14,43688,699008,0.07440518499970494,0.027077239999016456,0.1748861840005702,90,0,complete,"[0.795002, 1.216287, 1.476946, 1.312513, 1.240141, 1.286743, 1.226703, 1.286027, 0.842105, 0.898906, 0.987224, 1.061995, 1.250254, 1.367716, 0.781323]","[0.725444, 0.839473, 0.904938, 1.202241, 1.306505, 1.476946]","[[0.059687, 0.264642, 0.143527, 0.144741, 0.725444, 0.665355, 0.102426, 0.094272, 0.102146, 0.056121, 0.020861, 0.071051, 0.180465, 0.387282, 0.381796], [0.459392, 0.190992, 0.161814, 0.661434, 0.839473, 0.288249, 0.485077, 0.574532, 0.416387, 0.214318, 0.158948, 0.167973, 0.20982, 0.461843, 0.706805], [0.764801, 0.725109, 0.494882, 0.879305, 0.771635, 0.904938, 0.797575, 0.629541, 0.442623, 0.571363, 0.362022, 0.879678, 0.838397, 0.75878, 0.826868], [0.70034, 0.945145, 0.928911, 1.114512, 0.956388, 0.920474, 0.956653, 0.801374, 0.72696, 0.516654, 0.816752, 0.742827, 0.754156, 1.202241, 0.583225], [0.745867, 0.911985, 1.306505, 1.251233, 1.05469, 1.007672, 0.947952, 1.020361, 0.759999, 0.686025, 0.927171, 0.916223, 0.95639, 1.165755, 0.683193], [0.795002, 1.216287, 1.476946, 1.312513, 1.240141, 1.286743, 1.226703, 1.286027, 0.842105, 0.898906, 0.987224, 1.061995, 1.250254, 1.367716, 0.781323]]","[2, 4, 8, 16, 32, 64]",a250ae81afc363466076dd397784dfa7e178223a,f2b6f21f8cfddcca,1.0.0
depth_truncation,full,True,line16,16,6,19,natural,90,-1,untruncated,1e-14,64,64,29.6,1.4769463747322962,1.1353258321643165,1.4769463747322957,64,1.3937574307117075e-30,4.0212437389212525e-31,1.0,-3.552713678800501e-15,1.554577698346626e-14,43688,699008,0.13101737999932084,0.02807777599809924,0.1748861840005702,90,0,complete,"[0.795002, 1.216287, 1.476946, 1.312513, 1.240141, 1.286743, 1.226703, 1.286027, 0.842105, 0.898906, 0.987224, 1.061995, 1.250254, 1.367716, 0.781323]","[0.725444, 0.839473, 0.904938, 1.202241, 1.306505, 1.476946]","[[0.059687, 0.264642, 0.143527, 0.144741, 0.725444, 0.665355, 0.102426, 0.094272, 0.102146, 0.056121, 0.020861, 0.071051, 0.180465, 0.387282, 0.381796], [0.459392, 0.190992, 0.161814, 0.661434, 0.839473, 0.288249, 0.485077, 0.574532, 0.416387, 0.214318, 0.158948, 0.167973, 0.20982, 0.461843, 0.706805], [0.764801, 0.725109, 0.494882, 0.879305, 0.771635, 0.904938, 0.797575, 0.629541, 0.442623, 0.571363, 0.362022, 0.879678, 0.838397, 0.75878, 0.826868], [0.70034, 0.945145, 0.928911, 1.114512, 0.956388, 0.920474, 0.956653, 0.801374, 0.72696, 0.516654, 0.816752, 0.742827, 0.754156, 1.202241, 0.583225], [0.745867, 0.911985, 1.306505, 1.251233, 1.05469, 1.007672, 0.947952, 1.020361, 0.759999, 0.686025, 0.927171, 0.916223, 0.95639, 1.165755, 0.683193], [0.795002, 1.216287, 1.476946, 1.312513, 1.240141, 1.286743, 1.226703, 1.286027, 0.842105, 0.898906, 0.987224, 1.061995, 1.250254, 1.367716, 0.781323]]","[2, 4, 8, 16, 32, 64]",a250ae81afc363466076dd397784dfa7e178223a,f2b6f21f8cfddcca,1.0.0
depth_truncation,full,True,line16,16,8,19,natural,120,2,2,1e-14,2,2,2.0,0.8487295519153424,0.622395983881043,1.8248386970373958,201,1.3464418123215134,0.10037480471823886,0.503028317349828,0.7233093630379875,0.9736386256943804,120,1920,0.045548928000243905,0.004554634004307445,0.24559576100000413,120,0,complete,"[0.84873, 0.38061, 0.447041, 0.520519, 0.761858, 0.825645, 0.770489, 0.554079, 0.528864, 0.180667, 0.634366, 0.491942, 0.834002, 0.824102, 0.733024]","[0.725444, 0.839473, 0.904938, 1.202241, 1.306505, 1.476946, 1.557826, 1.824839]","[[0.059687, 0.264642, 0.143527, 0.144741, 0.725444, 0.665355, 0.102426, 0.094272, 0.102146, 0.056121, 0.020861, 0.071051, 0.180465, 0.387282, 0.381796], [0.459392, 0.190992, 0.161814, 0.661434, 0.839473, 0.288249, 0.485077, 0.574532, 0.416387, 0.214318, 0.158948, 0.167973, 0.20982, 0.461843, 0.706805], [0.764801, 0.725109, 0.494882, 0.879305, 0.771635, 0.904938, 0.797575, 0.629541, 0.442623, 0.571363, 0.362022, 0.879678, 0.838397, 0.75878, 0.826868], [0.70034, 0.945145, 0.928911, 1.114512, 0.956388, 0.920474, 0.956653, 0.801374, 0.72696, 0.516654, 0.816752, 0.742827, 0.754156, 1.202241, 0.583225], [0.745867, 0.911985, 1.306505, 1.251233, 1.05469, 1.007672, 0.947952, 1.020361, 0.759999, 0.686025, 0.927171, 0.916223, 0.95639, 1.165755, 0.683193], [0.795002, 1.216287, 1.476946, 1.312513, 1.240141, 1.286743, 1.226703, 1.286027, 0.842105, 0.898906, 0.987224, 1.061995, 1.250254, 1.367716, 0.781323], [0.928756, 1.069939, 1.557826, 1.523904, 1.460503, 1.436079, 1.446032, 1.319739, 1.068154, 1.057494, 1.045887, 1.186535, 1.477995, 1.284839, 0.899254], [0.944715, 1.264392, 1.599156, 1.734055, 1.76683, 1.824839, 1.694058, 1.472492, 1.450234, 1.150371, 1.332402, 1.343575, 1.597391, 1.355105, 0.813205]]","[2, 4, 8, 16, 32, 64, 121, 201]",a250ae81afc363466076dd397784dfa7e178223a,f2b6f21f8cfddcca,1.0.0
depth_truncation,full,True,line16,16,8,19,natural,120,4,4,1e-14,4,4,3.7333333333333334,1.4765824918763102,1.1623062395372896,1.8248386970373958,201,0.21806736076598002,0.018113873021756006,0.8963106328404845,0.20481356610496615,0.46533371720796773,424,6784,0.05385027500051365,0.006541192996337486,0.24559576100000413,120,0,complete,"[0.935278, 1.157584, 1.353789, 1.440415, 1.464472, 1.476582, 1.354573, 1.148045, 1.041092, 0.754275, 1.004572, 0.992402, 1.271184, 1.245167, 0.795162]","[0.725444, 0.839473, 0.904938, 1.202241, 1.306505, 1.476946, 1.557826, 1.824839]","[[0.059687, 0.264642, 0.143527, 0.144741, 0.725444, 0.665355, 0.102426, 0.094272, 0.102146, 0.056121, 0.020861, 0.071051, 0.180465, 0.387282, 0.381796], [0.459392, 0.190992, 0.161814, 0.661434, 0.839473, 0.288249, 0.485077, 0.574532, 0.416387, 0.214318, 0.158948, 0.167973, 0.20982, 0.461843, 0.706805], [0.764801, 0.725109, 0.494882, 0.879305, 0.771635, 0.904938, 0.797575, 0.629541, 0.442623, 0.571363, 0.362022, 0.879678, 0.838397, 0.75878, 0.826868], [0.70034, 0.945145, 0.928911, 1.114512, 0.956388, 0.920474, 0.956653, 0.801374, 0.72696, 0.516654, 0.816752, 0.742827, 0.754156, 1.202241, 0.583225], [0.745867, 0.911985, 1.306505, 1.251233, 1.05469, 1.007672, 0.947952, 1.020361, 0.759999, 0.686025, 0.927171, 0.916223, 0.95639, 1.165755, 0.683193], [0.795002, 1.216287, 1.476946, 1.312513, 1.240141, 1.286743, 1.226703, 1.286027, 0.842105, 0.898906, 0.987224, 1.061995, 1.250254, 1.367716, 0.781323], [0.928756, 1.069939, 1.557826, 1.523904, 1.460503, 1.436079, 1.446032, 1.319739, 1.068154, 1.057494, 1.045887, 1.186535, 1.477995, 1.284839, 0.899254], [0.944715, 1.264392, 1.599156, 1.734055, 1.76683, 1.824839, 1.694058, 1.472492, 1.450234, 1.150371, 1.332402, 1.343575, 1.597391, 1.355105, 0.813205]]","[2, 4, 8, 16, 32, 64, 121, 201]",a250ae81afc363466076dd397784dfa7e178223a,f2b6f21f8cfddcca,1.0.0
depth_truncation,full,True,line16,16,8,19,natural,120,8,8,1e-14,8,8,6.666666666666667,1.7658257310118175,1.3834676926116332,1.8248386970373958,201,0.017004411810646082,0.002154004272315,0.9915293043028027,0.016751938716819237,0.12970231083828418,1448,23168,0.059291982000104326,0.009900127002765657,0.24559576100000413,120,0,complete,"[0.944095, 1.256043, 1.579131, 1.69383, 1.717157, 1.765826, 1.628616, 1.395656, 1.375249, 1.0837, 1.275604, 1.29899, 1.578293, 1.34793, 0.811894]","[0.725444, 0.839473, 0.904938, 1.202241, 1.306505, 1.476946, 1.557826, 1.824839]","[[0.059687, 0.264642, 0.143527, 0.144741, 0.725444, 0.665355, 0.102426, 0.094272, 0.102146, 0.056121, 0.020861, 0.071051, 0.180465, 0.387282, 0.381796], [0.459392, 0.190992, 0.161814, 0.661434, 0.839473, 0.288249, 0.485077, 0.574532, 0.416387, 0.214318, 0.158948, 0.167973, 0.20982, 0.461843, 0.706805], [0.764801, 0.725109, 0.494882, 0.879305, 0.771635, 0.904938, 0.797575, 0.629541, 0.442623, 0.571363, 0.362022, 0.879678, 0.838397, 0.75878, 0.826868], [0.70034, 0.945145, 0.928911, 1.114512, 0.956388, 0.920474, 0.956653, 0.801374, 0.72696, 0.516654, 0.816752, 0.742827, 0.754156, 1.202241, 0.583225], [0.745867, 0.911985, 1.306505, 1.251233, 1.05469, 1.007672, 0.947952, 1.020361, 0.759999, 0.686025, 0.927171, 0.916223, 0.95639, 1.165755, 0.683193], [0.795002, 1.216287, 1.476946, 1.312513, 1.240141, 1.286743, 1.226703, 1.286027, 0.842105, 0.898906, 0.987224, 1.061995, 1.250254, 1.367716, 0.781323], [0.928756, 1.069939, 1.557826, 1.523904, 1.460503, 1.436079, 1.446032, 1.319739, 1.068154, 1.057494, 1.045887, 1.186535, 1.477995, 1.284839, 0.899254], [0.944715, 1.264392, 1.599156, 1.734055, 1.76683, 1.824839, 1.694058, 1.472492, 1.450234, 1.150371, 1.332402, 1.343575, 1.597391, 1.355105, 0.813205]]","[2, 4, 8, 16, 32, 64, 121, 201]",a250ae81afc363466076dd397784dfa7e178223a,f2b6f21f8cfddcca,1.0.0
depth_truncation,full,True,line16,16,8,19,natural,120,16,16,1e-14,16,16,11.466666666666667,1.8226398719036403,1.4213816520634266,1.8248386970373958,201,0.0003698514480983966,0.00010225803337542182,0.9998150864390513,0.0003606861278205864,0.018992594801874135,4776,76416,0.07235971000045538,0.017772051006431866,0.24559576100000413,120,0,complete,"[0.944701, 1.264208, 1.598679, 1.733067, 1.765206, 1.82264, 1.691304, 1.469284, 1.446912, 1.147557, 1.330217, 1.342189, 1.596777, 1.35484, 0.813145]","[0.725444, 0.839473, 0.904938, 1.202241, 1.306505, 1.476946, 1.557826, 1.824839]","[[0.059687, 0.264642, 0.143527, 0.144741, 0.725444, 0.665355, 0.102426, 0.094272, 0.102146, 0.056121, 0.020861, 0.071051, 0.180465, 0.387282, 0.381796], [0.459392, 0.190992, 0.161814, 0.661434, 0.839473, 0.288249, 0.485077, 0.574532, 0.416387, 0.214318, 0.158948, 0.167973, 0.20982, 0.461843, 0.706805], [0.764801, 0.725109, 0.494882, 0.879305, 0.771635, 0.904938, 0.797575, 0.629541, 0.442623, 0.571363, 0.362022, 0.879678, 0.838397, 0.75878, 0.826868], [0.70034, 0.945145, 0.928911, 1.114512, 0.956388, 0.920474, 0.956653, 0.801374, 0.72696, 0.516654, 0.816752, 0.742827, 0.754156, 1.202241, 0.583225], [0.745867, 0.911985, 1.306505, 1.251233, 1.05469, 1.007672, 0.947952, 1.020361, 0.759999, 0.686025, 0.927171, 0.916223, 0.95639, 1.165755, 0.683193], [0.795002, 1.216287, 1.476946, 1.312513, 1.240141, 1.286743, 1.226703, 1.286027, 0.842105, 0.898906, 0.987224, 1.061995, 1.250254, 1.367716, 0.781323], [0.928756, 1.069939, 1.557826, 1.523904, 1.460503, 1.436079, 1.446032, 1.319739, 1.068154, 1.057494, 1.045887, 1.186535, 1.477995, 1.284839, 0.899254], [0.944715, 1.264392, 1.599156, 1.734055, 1.76683, 1.824839, 1.694058, 1.472492, 1.450234, 1.150371, 1.332402, 1.343575, 1.597391, 1.355105, 0.813205]]","[2, 4, 8, 16, 32, 64, 121, 201]",a250ae81afc363466076dd397784dfa7e178223a,f2b6f21f8cfddcca,1.0.0
depth_truncation,full,True,line16,16,8,19,natural,120,32,32,1e-14,32,32,18.933333333333334,1.8248333659529776,1.4228511282656773,1.8248386970373958,201,5.143077471149909e-07,1.954766796120082e-07,0.9999997428461435,5.151836597327986e-07,0.0007177630022437143,15016,240256,0.10345326799961185,0.03750690100241627,0.24559576100000413,120,0,complete,"[0.944715, 1.264391, 1.599155, 1.734053, 1.766826, 1.824833, 1.694051, 1.472485, 1.450226, 1.150363, 1.332397, 1.343572, 1.59739, 1.355104, 0.813205]","[0.725444, 0.839473, 0.904938, 1.202241, 1.306505, 1.476946, 1.557826, 1.824839]","[[0.059687, 0.264642, 0.143527, 0.144741, 0.725444, 0.665355, 0.102426, 0.094272, 0.102146, 0.056121, 0.020861, 0.071051, 0.180465, 0.387282, 0.381796], [0.459392, 0.190992, 0.161814, 0.661434, 0.839473, 0.288249, 0.485077, 0.574532, 0.416387, 0.214318, 0.158948, 0.167973, 0.20982, 0.461843, 0.706805], [0.764801, 0.725109, 0.494882, 0.879305, 0.771635, 0.904938, 0.797575, 0.629541, 0.442623, 0.571363, 0.362022, 0.879678, 0.838397, 0.75878, 0.826868], [0.70034, 0.945145, 0.928911, 1.114512, 0.956388, 0.920474, 0.956653, 0.801374, 0.72696, 0.516654, 0.816752, 0.742827, 0.754156, 1.202241, 0.583225], [0.745867, 0.911985, 1.306505, 1.251233, 1.05469, 1.007672, 0.947952, 1.020361, 0.759999, 0.686025, 0.927171, 0.916223, 0.95639, 1.165755, 0.683193], [0.795002, 1.216287, 1.476946, 1.312513, 1.240141, 1.286743, 1.226703, 1.286027, 0.842105, 0.898906, 0.987224, 1.061995, 1.250254, 1.367716, 0.781323], [0.928756, 1.069939, 1.557826, 1.523904, 1.460503, 1.436079, 1.446032, 1.319739, 1.068154, 1.057494, 1.045887, 1.186535, 1.477995, 1.284839, 0.899254], [0.944715, 1.264392, 1.599156, 1.734055, 1.76683, 1.824839, 1.694058, 1.472492, 1.450234, 1.150371, 1.332402, 1.343575, 1.597391, 1.355105, 0.813205]]","[2, 4, 8, 16, 32, 64, 121, 201]",a250ae81afc363466076dd397784dfa7e178223a,f2b6f21f8cfddcca,1.0.0
depth_truncation,full,True,line16,16,8,19,natural,120,64,64,1e-14,64,64,29.6,1.8248386967497896,1.4228546113196794,1.8248386970373958,201,1.8394653894900847e-11,1.2632784586079278e-11,0.9999999999908021,1.8395063250409294e-11,4.288807032673672e-06,43688,699008,0.19134632300028898,0.08839101699322782,0.24559576100000413,120,0,complete,"[0.944715, 1.264392, 1.599156, 1.734055, 1.76683, 1.824839, 1.694058, 1.472492, 1.450234, 1.150371, 1.332402, 1.343575, 1.597391, 1.355105, 0.813205]","[0.725444, 0.839473, 0.904938, 1.202241, 1.306505, 1.476946, 1.557826, 1.824839]","[[0.059687, 0.264642, 0.143527, 0.144741, 0.725444, 0.665355, 0.102426, 0.094272, 0.102146, 0.056121, 0.020861, 0.071051, 0.180465, 0.387282, 0.381796], [0.459392, 0.190992, 0.161814, 0.661434, 0.839473, 0.288249, 0.485077, 0.574532, 0.416387, 0.214318, 0.158948, 0.167973, 0.20982, 0.461843, 0.706805], [0.764801, 0.725109, 0.494882, 0.879305, 0.771635, 0.904938, 0.797575, 0.629541, 0.442623, 0.571363, 0.362022, 0.879678, 0.838397, 0.75878, 0.826868], [0.70034, 0.945145, 0.928911, 1.114512, 0.956388, 0.920474, 0.956653, 0.801374, 0.72696, 0.516654, 0.816752, 0.742827, 0.754156, 1.202241, 0.583225], [0.745867, 0.911985, 1.306505, 1.251233, 1.05469, 1.007672, 0.947952, 1.020361, 0.759999, 0.686025, 0.927171, 0.916223, 0.95639, 1.165755, 0.683193], [0.795002, 1.216287, 1.476946, 1.312513, 1.240141, 1.286743, 1.226703, 1.286027, 0.842105, 0.898906, 0.987224, 1.061995, 1.250254, 1.367716, 0.781323], [0.928756, 1.069939, 1.557826, 1.523904, 1.460503, 1.436079, 1.446032, 1.319739, 1.068154, 1.057494, 1.045887, 1.186535, 1.477995, 1.284839, 0.899254], [0.944715, 1.264392, 1.599156, 1.734055, 1.76683, 1.824839, 1.694058, 1.472492, 1.450234, 1.150371, 1.332402, 1.343575, 1.597391, 1.355105, 0.813205]]","[2, 4, 8, 16, 32, 64, 121, 201]",a250ae81afc363466076dd397784dfa7e178223a,f2b6f21f8cfddcca,1.0.0
depth_truncation,full,True,line16,16,8,19,natural,120,-1,untruncated,1e-14,201,201,47.266666666666666,1.8248386970373955,1.4228546115360394,1.8248386970373958,201,7.120999743750679e-28,3.0614168319684427e-28,1.0,0.0,3.551357784197958e-14,146600,2345600,0.44511948699982895,0.13455377700029203,0.24559576100000413,120,0,complete,"[0.944715, 1.264392, 1.599156, 1.734055, 1.76683, 1.824839, 1.694058, 1.472492, 1.450234, 1.150371, 1.332402, 1.343575, 1.597391, 1.355105, 0.813205]","[0.725444, 0.839473, 0.904938, 1.202241, 1.306505, 1.476946, 1.557826, 1.824839]","[[0.059687, 0.264642, 0.143527, 0.144741, 0.725444, 0.665355, 0.102426, 0.094272, 0.102146, 0.056121, 0.020861, 0.071051, 0.180465, 0.387282, 0.381796], [0.459392, 0.190992, 0.161814, 0.661434, 0.839473, 0.288249, 0.485077, 0.574532, 0.416387, 0.214318, 0.158948, 0.167973, 0.20982, 0.461843, 0.706805], [0.764801, 0.725109, 0.494882, 0.879305, 0.771635, 0.904938, 0.797575, 0.629541, 0.442623, 0.571363, 0.362022, 0.879678, 0.838397, 0.75878, 0.826868], [0.70034, 0.945145, 0.928911, 1.114512, 0.956388, 0.920474, 0.956653, 0.801374, 0.72696, 0.516654, 0.816752, 0.742827, 0.754156, 1.202241, 0.583225], [0.745867, 0.911985, 1.306505, 1.251233, 1.05469, 1.007672, 0.947952, 1.020361, 0.759999, 0.686025, 0.927171, 0.916223, 0.95639, 1.165755, 0.683193], [0.795002, 1.216287, 1.476946, 1.312513, 1.240141, 1.286743, 1.226703, 1.286027, 0.842105, 0.898906, 0.987224, 1.061995, 1.250254, 1.367716, 0.781323], [0.928756, 1.069939, 1.557826, 1.523904, 1.460503, 1.436079, 1.446032, 1.319739, 1.068154, 1.057494, 1.045887, 1.186535, 1.477995, 1.284839, 0.899254], [0.944715, 1.264392, 1.599156, 1.734055, 1.76683, 1.824839, 1.694058, 1.472492, 1.450234, 1.150371, 1.332402, 1.343575, 1.597391, 1.355105, 0.813205]]","[2, 4, 8, 16, 32, 64, 121, 201]",a250ae81afc363466076dd397784dfa7e178223a,f2b6f21f8cfddcca,1.0.0
