experiment,grid,full_run,graph,n,edges,reps,angle_seed,graph_seed,ordering,total_span,max_cutwidth,cut_profile,chi_max,chi_label,svd_cutoff,max_bond_final,max_bond_intermediate,mean_bond,max_entropy,mean_entropy,exact_max_entropy,exact_max_bond,exact_entropy_profile,swap_count,routing_distance,discarded_weight,max_discarded_single,norm_factor,infidelity,phase_aligned_error,storage_complex,storage_bytes,runtime_s,svd_time_s,n_svd,status,resource_cap_binding,mps_revision,mps_sha256,mps_version
graph_ordering,full,True,path,16,15,3,7,-1,natural,15,1,"[1, 1, 1, 1, 1, 1, 1, 1, 1, 1, 1, 1, 1, 1, 1]",4,4,1e-14,4,4,3.7333333333333334,1.2041879377769313,0.8301734711991814,1.2041896525576083,8,"[0.959472, 1.104937, 1.075061, 1.038167, 0.398571, 0.86361, 0.433059, 0.111395, 0.390878, 0.854026, 1.05406, 1.105897, 1.20419, 1.14009, 0.719999]",0,0,2.22518828895731e-05,1.2474173221363051e-05,0.9999888740737981,2.2251728615807487e-05,0.004717186916417363,424,6784,0.014484862000244902,0.002126791991031496,45,complete,False,a250ae81afc363466076dd397784dfa7e178223a,f2b6f21f8cfddcca,1.0.0
graph_ordering,full,True,path,16,15,3,7,-1,natural,15,1,"[1, 1, 1, 1, 1, 1, 1, 1, 1, 1, 1, 1, 1, 1, 1]",8,8,1e-14,8,8,6.666666666666667,1.2041896525576083,0.8302273939913165,1.2041896525576083,8,"[0.959472, 1.104937, 1.075061, 1.038167, 0.398571, 0.86361, 0.433059, 0.111395, 0.390878, 0.854026, 1.05406, 1.105897, 1.20419, 1.14009, 0.719999]",0,0,0.0,0.0,1.0,4.440892098500626e-16,3.765894858632837e-15,1448,23168,0.015060784000525018,0.002619889004563447,45,complete,False,a250ae81afc363466076dd397784dfa7e178223a,f2b6f21f8cfddcca,1.0.0
graph_ordering,full,True,path,16,15,3,7,-1,natural,15,1,"[1, 1, 1, 1, 1, 1, 1, 1, 1, 1, 1, 1, 1, 1, 1]",16,16,1e-14,8,8,6.666666666666667,1.2041896525576083,0.8302273939913165,1.2041896525576083,8,"[0.959472, 1.104937, 1.075061, 1.038167, 0.398571, 0.86361, 0.433059, 0.111395, 0.390878, 0.854026, 1.05406, 1.105897, 1.20419, 1.14009, 0.719999]",0,0,0.0,0.0,1.0,4.440892098500626e-16,3.765894858632837e-15,1448,23168,0.014275094999902649,0.0022870450011396315,45,complete,False,a250ae81afc363466076dd397784dfa7e178223a,f2b6f21f8cfddcca,1.0.0
graph_ordering,full,True,path,16,15,3,7,-1,natural,15,1,"[1, 1, 1, 1, 1, 1, 1, 1, 1, 1, 1, 1, 1, 1, 1]",32,32,1e-14,8,8,6.666666666666667,1.2041896525576083,0.8302273939913165,1.2041896525576083,8,"[0.959472, 1.104937, 1.075061, 1.038167, 0.398571, 0.86361, 0.433059, 0.111395, 0.390878, 0.854026, 1.05406, 1.105897, 1.20419, 1.14009, 0.719999]",0,0,0.0,0.0,1.0,4.440892098500626e-16,3.765894858632837e-15,1448,23168,0.014164061998599209,0.0023230919941852335,45,complete,False,a250ae81afc363466076dd397784dfa7e178223a,f2b6f21f8cfddcca,1.0.0
graph_ordering,full,True,path,16,15,3,7,-1,natural,15,1,"[1, 1, 1, 1, 1, 1, 1, 1, 1, 1, 1, 1, 1, 1, 1]",64,64,1e-14,8,8,6.666666666666667,1.2041896525576083,0.8302273939913165,1.2041896525576083,8,"[0.959472, 1.104937, 1.075061, 1.038167, 0.398571, 0.86361, 0.433059, 0.111395, 0.390878, 0.854026, 1.05406, 1.105897, 1.20419, 1.14009, 0.719999]",0,0,0.0,0.0,1.0,4.440892098500626e-16,3.765894858632837e-15,1448,23168,0.014074085998800001,0.002311845000804169,45,complete,False,a250ae81afc363466076dd397784dfa7e178223a,f2b6f21f8cfddcca,1.0.0
graph_ordering,full,True,path,16,15,3,7,-1,natural,15,1,"[1, 1, 1, 1, 1, 1, 1, 1, 1, 1, 1, 1, 1, 1, 1]",-1,untruncated,1e-14,8,8,6.666666666666667,1.2041896525576083,0.8302273939913163,1.2041896525576083,8,"[0.959472, 1.104937, 1.075061, 1.038167, 0.398571, 0.86361, 0.433059, 0.111395, 0.390878, 0.854026, 1.05406, 1.105897, 1.20419, 1.14009, 0.719999]",0,0,0.0,0.0,1.0,4.440892098500626e-16,3.765894858632837e-15,1448,23168,0.01593750499887392,0.002478382995832362,45,complete,False,a250ae81afc363466076dd397784dfa7e178223a,f2b6f21f8cfddcca,1.0.0
graph_ordering,full,True,path,16,15,3,7,-1,bfs,15,1,"[1, 1, 1, 1, 1, 1, 1, 1, 1, 1, 1, 1, 1, 1, 1]",4,4,1e-14,4,4,3.7333333333333334,1.2041879377769313,0.8301734711991814,1.2041896525576083,8,"[0.959472, 1.104937, 1.075061, 1.038167, 0.398571, 0.86361, 0.433059, 0.111395, 0.390878, 0.854026, 1.05406, 1.105897, 1.20419, 1.14009, 0.719999]",0,0,2.22518828895731e-05,1.2474173221363051e-05,0.9999888740737981,2.2251728615807487e-05,0.004717186916417363,424,6784,0.013680914000360644,0.002103684995745425,45,complete,False,a250ae81afc363466076dd397784dfa7e178223a,f2b6f21f8cfddcca,1.0.0
graph_ordering,full,True,path,16,15,3,7,-1,bfs,15,1,"[1, 1, 1, 1, 1, 1, 1, 1, 1, 1, 1, 1, 1, 1, 1]",8,8,1e-14,8,8,6.666666666666667,1.2041896525576083,0.8302273939913165,1.2041896525576083,8,"[0.959472, 1.104937, 1.075061, 1.038167, 0.398571, 0.86361, 0.433059, 0.111395, 0.390878, 0.854026, 1.05406, 1.105897, 1.20419, 1.14009, 0.719999]",0,0,0.0,0.0,1.0,4.440892098500626e-16,3.765894858632837e-15,1448,23168,0.014145099999950617,0.0021571099969150964,45,complete,False,a250ae81afc363466076dd397784dfa7e178223a,f2b6f21f8cfddcca,1.0.0
graph_ordering,full,True,path,16,15,3,7,-1,bfs,15,1,"[1, 1, 1, 1, 1, 1, 1, 1, 1, 1, 1, 1, 1, 1, 1]",16,16,1e-14,8,8,6.666666666666667,1.2041896525576083,0.8302273939913165,1.2041896525576083,8,"[0.959472, 1.104937, 1.075061, 1.038167, 0.398571, 0.86361, 0.433059, 0.111395, 0.390878, 0.854026, 1.05406, 1.105897, 1.20419, 1.14009, 0.719999]",0,0,0.0,0.0,1.0,4.440892098500626e-16,3.765894858632837e-15,1448,23168,0.014395823998711421,0.002313677003257908,45,complete,False,a250ae81afc363466076dd397784dfa7e178223a,f2b6f21f8cfddcca,1.0.0
graph_ordering,full,True,path,16,15,3,7,-1,bfs,15,1,"[1, 1, 1, 1, 1, 1, 1, 1, 1, 1, 1, 1, 1, 1, 1]",32,32,1e-14,8,8,6.666666666666667,1.2041896525576083,0.8302273939913165,1.2041896525576083,8,"[0.959472, 1.104937, 1.075061, 1.038167, 0.398571, 0.86361, 0.433059, 0.111395, 0.390878, 0.854026, 1.05406, 1.105897, 1.20419, 1.14009, 0.719999]",0,0,0.0,0.0,1.0,4.440892098500626e-16,3.765894858632837e-15,1448,23168,0.014382157000000007,0.0023091199927876005,45,complete,False,a250ae81afc363466076dd397784dfa7e178223a,f2b6f21f8cfddcca,1.0.0
graph_ordering,full,True,path,16,15,3,7,-1,bfs,15,1,"[1, 1, 1, 1, 1, 1, 1, 1, 1, 1, 1, 1, 1, 1, 1]",64,64,1e-14,8,8,6.666666666666667,1.2041896525576083,0.8302273939913165,1.2041896525576083,8,"[0.959472, 1.104937, 1.075061, 1.038167, 0.398571, 0.86361, 0.433059, 0.111395, 0.390878, 0.854026, 1.05406, 1.105897, 1.20419, 1.14009, 0.719999]",0,0,0.0,0.0,1.0,4.440892098500626e-16,3.765894858632837e-15,1448,23168,0.016557204999116948,0.002634497997860308,45,complete,False,a250ae81afc363466076dd397784dfa7e178223a,f2b6f21f8cfddcca,1.0.0
graph_ordering,full,True,path,16,15,3,7,-1,bfs,15,1,"[1, 1, 1, 1, 1, 1, 1, 1, 1, 1, 1, 1, 1, 1, 1]",-1,untruncated,1e-14,8,8,6.666666666666667,1.2041896525576083,0.8302273939913163,1.2041896525576083,8,"[0.959472, 1.104937, 1.075061, 1.038167, 0.398571, 0.86361, 0.433059, 0.111395, 0.390878, 0.854026, 1.05406, 1.105897, 1.20419, 1.14009, 0.719999]",0,0,0.0,0.0,1.0,4.440892098500626e-16,3.765894858632837e-15,1448,23168,0.014946086001145886,0.00241757300318568,45,complete,False,a250ae81afc363466076dd397784dfa7e178223a,f2b6f21f8cfddcca,1.0.0
graph_ordering,full,True,path,16,15,3,7,-1,rcm,15,1,"[1, 1, 1, 1, 1, 1, 1, 1, 1, 1, 1, 1, 1, 1, 1]",4,4,1e-14,4,4,3.7333333333333334,1.204187937776931,0.8301734711991824,1.2041896525576088,8,"[0.719999, 1.14009, 1.20419, 1.105897, 1.05406, 0.854026, 0.390878, 0.111395, 0.433059, 0.86361, 0.398571, 1.038167, 1.075061, 1.104937, 0.959472]",0,0,2.2251882889573985e-05,1.2474173221362872e-05,0.9999888740737986,2.2251728616251576e-05,0.00471718691641736,424,6784,0.023447999999916647,0.0025429760080442065,45,complete,False,a250ae81afc363466076dd397784dfa7e178223a,f2b6f21f8cfddcca,1.0.0
graph_ordering,full,True,path,16,15,3,7,-1,rcm,15,1,"[1, 1, 1, 1, 1, 1, 1, 1, 1, 1, 1, 1, 1, 1, 1]",8,8,1e-14,8,8,6.666666666666667,1.2041896525576088,0.8302273939913167,1.2041896525576088,8,"[0.719999, 1.14009, 1.20419, 1.105897, 1.05406, 0.854026, 0.390878, 0.111395, 0.433059, 0.86361, 0.398571, 1.038167, 1.075061, 1.104937, 0.959472]",0,0,0.0,0.0,1.0,4.440892098500626e-16,6.5854939716459115e-15,1448,23168,0.021984999999403954,0.002653422003277228,45,complete,False,a250ae81afc363466076dd397784dfa7e178223a,f2b6f21f8cfddcca,1.0.0
graph_ordering,full,True,path,16,15,3,7,-1,rcm,15,1,"[1, 1, 1, 1, 1, 1, 1, 1, 1, 1, 1, 1, 1, 1, 1]",16,16,1e-14,8,8,6.666666666666667,1.2041896525576088,0.8302273939913167,1.2041896525576088,8,"[0.719999, 1.14009, 1.20419, 1.105897, 1.05406, 0.854026, 0.390878, 0.111395, 0.433059, 0.86361, 0.398571, 1.038167, 1.075061, 1.104937, 0.959472]",0,0,0.0,0.0,1.0,4.440892098500626e-16,6.5854939716459115e-15,1448,23168,0.02226974400036852,0.0026390810035081813,45,complete,False,a250ae81afc363466076dd397784dfa7e178223a,f2b6f21f8cfddcca,1.0.0
graph_ordering,full,True,path,16,15,3,7,-1,rcm,15,1,"[1, 1, 1, 1, 1, 1, 1, 1, 1, 1, 1, 1, 1, 1, 1]",32,32,1e-14,8,8,6.666666666666667,1.2041896525576088,0.8302273939913167,1.2041896525576088,8,"[0.719999, 1.14009, 1.20419, 1.105897, 1.05406, 0.854026, 0.390878, 0.111395, 0.433059, 0.86361, 0.398571, 1.038167, 1.075061, 1.104937, 0.959472]",0,0,0.0,0.0,1.0,4.440892098500626e-16,6.5854939716459115e-15,1448,23168,0.02134832099909545,0.002390955003647832,45,complete,False,a250ae81afc363466076dd397784dfa7e178223a,f2b6f21f8cfddcca,1.0.0
graph_ordering,full,True,path,16,15,3,7,-1,rcm,15,1,"[1, 1, 1, 1, 1, 1, 1, 1, 1, 1, 1, 1, 1, 1, 1]",64,64,1e-14,8,8,6.666666666666667,1.2041896525576088,0.8302273939913167,1.2041896525576088,8,"[0.719999, 1.14009, 1.20419, 1.105897, 1.05406, 0.854026, 0.390878, 0.111395, 0.433059, 0.86361, 0.398571, 1.038167, 1.075061, 1.104937, 0.959472]",0,0,0.0,0.0,1.0,4.440892098500626e-16,6.5854939716459115e-15,1448,23168,0.02143337499910558,0.002407053001661552,45,complete,False,a250ae81afc363466076dd397784dfa7e178223a,f2b6f21f8cfddcca,1.0.0
graph_ordering,full,True,path,16,15,3,7,-1,rcm,15,1,"[1, 1, 1, 1, 1, 1, 1, 1, 1, 1, 1, 1, 1, 1, 1]",-1,untruncated,1e-14,8,8,6.666666666666667,1.2041896525576088,0.8302273939913167,1.2041896525576088,8,"[0.719999, 1.14009, 1.20419, 1.105897, 1.05406, 0.854026, 0.390878, 0.111395, 0.433059, 0.86361, 0.398571, 1.038167, 1.075061, 1.104937, 0.959472]",0,0,0.0,0.0,1.0,4.440892098500626e-16,6.5854939716459115e-15,1448,23168,0.022162836999996216,0.002453148999848054,45,complete,False,a250ae81afc363466076dd397784dfa7e178223a,f2b6f21f8cfddcca,1.0.0
graph_ordering,full,True,path,16,15,3,7,-1,rand37,65,6,"[2, 2, 4, 6, 6, 6, 6, 6, 5, 5, 5, 5, 3, 3, 1]",4,4,1e-14,4,4,3.7333333333333334,1.6064155481427034,1.0673192120989325,4.084693363781858,256,"[0.437082, 0.943947, 1.809807, 2.785354, 3.587922, 3.8938, 4.084693, 3.615889, 3.651724, 3.665698, 3.508307, 2.936792, 1.96823, 1.267014, 0.719999]",300,150,1.9959663832668315,0.18400287684835587,0.3540837093690992,0.8921851986434687,1.159006779237099,424,6784,0.10964139499992598,0.01889856102752674,345,complete,False,a250ae81afc363466076dd397784dfa7e178223a,f2b6f21f8cfddcca,1.0.0
graph_ordering,full,True,path,16,15,3,7,-1,rand37,65,6,"[2, 2, 4, 6, 6, 6, 6, 6, 5, 5, 5, 5, 3, 3, 1]",8,8,1e-14,8,8,6.666666666666667,2.3101798835981437,1.5262031794741298,4.084693363781858,256,"[0.437082, 0.943947, 1.809807, 2.785354, 3.587922, 3.8938, 4.084693, 3.615889, 3.651724, 3.665698, 3.508307, 2.936792, 1.96823, 1.267014, 0.719999]",300,150,1.265389949975343,0.17599358146744265,0.5208602767990399,0.757286763659331,1.0073139022011925,1448,23168,0.13226022600065335,0.035021809992031194,345,complete,False,a250ae81afc363466076dd397784dfa7e178223a,f2b6f21f8cfddcca,1.0.0
graph_ordering,full,True,path,16,15,3,7,-1,rand37,65,6,"[2, 2, 4, 6, 6, 6, 6, 6, 5, 5, 5, 5, 3, 3, 1]",16,16,1e-14,16,16,11.466666666666667,3.1442050671326967,2.039814285535158,4.084693363781858,256,"[0.437082, 0.943947, 1.809807, 2.785354, 3.587922, 3.8938, 4.084693, 3.615889, 3.651724, 3.665698, 3.508307, 2.936792, 1.96823, 1.267014, 0.719999]",300,150,0.6050666677572671,0.08541070852591429,0.7357418972815916,0.4159898404376138,0.6867232715580596,4776,76416,0.19479657300144027,0.07537564899394056,345,complete,False,a250ae81afc363466076dd397784dfa7e178223a,f2b6f21f8cfddcca,1.0.0
graph_ordering,full,True,path,16,15,3,7,-1,rand37,65,6,"[2, 2, 4, 6, 6, 6, 6, 6, 5, 5, 5, 5, 3, 3, 1]",32,32,1e-14,32,32,18.933333333333334,3.900086408125111,2.4418937764594326,4.084693363781858,256,"[0.437082, 0.943947, 1.809807, 2.785354, 3.587922, 3.8938, 4.084693, 3.615889, 3.651724, 3.665698, 3.508307, 2.936792, 1.96823, 1.267014, 0.719999]",300,150,0.0840659762513965,0.014043933790263266,0.9587159718342049,0.058637535302369925,0.24397395525032992,15016,240256,0.3499706349994085,0.19354544498492032,345,complete,False,a250ae81afc363466076dd397784dfa7e178223a,f2b6f21f8cfddcca,1.0.0
graph_ordering,full,True,path,16,15,3,7,-1,rand37,65,6,"[2, 2, 4, 6, 6, 6, 6, 6, 5, 5, 5, 5, 3, 3, 1]",64,64,1e-14,64,64,29.6,4.045707175388799,2.571923992074159,4.084693363781858,256,"[0.437082, 0.943947, 1.809807, 2.785354, 3.587922, 3.8938, 4.084693, 3.615889, 3.651724, 3.665698, 3.508307, 2.936792, 1.96823, 1.267014, 0.719999]",300,150,0.006605649197245293,0.0016076052801698385,0.9967014376485215,0.0050400387361538845,0.07103805520800566,43688,699008,0.8570381089994044,0.5522881339948071,345,complete,False,a250ae81afc363466076dd397784dfa7e178223a,f2b6f21f8cfddcca,1.0.0
graph_ordering,full,True,path,16,15,3,7,-1,rand37,65,6,"[2, 2, 4, 6, 6, 6, 6, 6, 5, 5, 5, 5, 3, 3, 1]",-1,untruncated,1e-14,256,256,50.93333333333333,4.084693363781858,2.59175057053439,4.084693363781858,256,"[0.437082, 0.943947, 1.809807, 2.785354, 3.587922, 3.8938, 4.084693, 3.615889, 3.651724, 3.665698, 3.508307, 2.936792, 1.96823, 1.267014, 0.719999]",300,150,1.8280123581222954e-28,3.923222766830264e-29,0.9999999999999997,8.881784197001252e-16,4.1183236357536506e-14,174760,2796160,1.760524830999202,1.1692304960160982,345,complete,False,a250ae81afc363466076dd397784dfa7e178223a,f2b6f21f8cfddcca,1.0.0
graph_ordering,full,True,path,16,15,3,7,-1,rand41,74,9,"[2, 2, 2, 4, 4, 6, 8, 7, 9, 8, 6, 6, 4, 4, 2]",4,4,1e-14,4,4,3.7333333333333334,1.6620151503214409,0.9526577413221111,4.0322235700920395,256,"[0.805077, 0.943947, 0.505908, 1.440987, 1.899452, 2.362571, 3.140387, 3.131811, 4.032224, 3.716354, 3.220684, 3.017708, 2.633689, 1.933, 0.985038]",354,177,2.294802034003531,0.24330742202891692,0.2952693957599052,0.9064813738847176,1.1782969468966642,424,6784,0.12747991099968203,0.022876344013639027,399,complete,False,a250ae81afc363466076dd397784dfa7e178223a,f2b6f21f8cfddcca,1.0.0
graph_ordering,full,True,path,16,15,3,7,-1,rand41,74,9,"[2, 2, 2, 4, 4, 6, 8, 7, 9, 8, 6, 6, 4, 4, 2]",8,8,1e-14,8,8,6.666666666666667,2.382883040682562,1.4143223496827169,4.0322235700920395,256,"[0.805077, 0.943947, 0.505908, 1.440987, 1.899452, 2.362571, 3.140387, 3.131811, 4.032224, 3.716354, 3.220684, 3.017708, 2.633689, 1.933, 0.985038]",354,177,1.6132680620563435,0.16496545268024526,0.4313241381548982,0.7631844617673639,1.0132749206433016,1448,23168,0.16002523399947677,0.04040418899603537,399,complete,False,a250ae81afc363466076dd397784dfa7e178223a,f2b6f21f8cfddcca,1.0.0
graph_ordering,full,True,path,16,15,3,7,-1,rand41,74,9,"[2, 2, 2, 4, 4, 6, 8, 7, 9, 8, 6, 6, 4, 4, 2]",16,16,1e-14,16,16,11.466666666666667,3.0743394784555584,1.7833137210320098,4.0322235700920395,256,"[0.805077, 0.943947, 0.505908, 1.440987, 1.899452, 2.362571, 3.140387, 3.131811, 4.032224, 3.716354, 3.220684, 3.017708, 2.633689, 1.933, 0.985038]",354,177,0.6787922781706568,0.10801794144651691,0.7067393793976805,0.3925931239534378,0.664284393806631,4776,76416,0.22953504999895813,0.09434291499565006,399,complete,False,a250ae81afc363466076dd397784dfa7e178223a,f2b6f21f8cfddcca,1.0.0
graph_ordering,full,True,path,16,15,3,7,-1,rand41,74,9,"[2, 2, 2, 4, 4, 6, 8, 7, 9, 8, 6, 6, 4, 4, 2]",32,32,1e-14,32,32,18.933333333333334,3.5400104318011305,2.037525936813606,4.0322235700920395,256,"[0.805077, 0.943947, 0.505908, 1.440987, 1.899452, 2.362571, 3.140387, 3.131811, 4.032224, 3.716354, 3.220684, 3.017708, 2.633689, 1.933, 0.985038]",354,177,0.14589529862932413,0.02815597822142919,0.9292288883181411,0.10830448771001022,0.3337774547630818,15016,240256,0.45128918000045815,0.2554934149939072,399,complete,False,a250ae81afc363466076dd397784dfa7e178223a,f2b6f21f8cfddcca,1.0.0
graph_ordering,full,True,path,16,15,3,7,-1,rand41,74,9,"[2, 2, 2, 4, 4, 6, 8, 7, 9, 8, 6, 6, 4, 4, 2]",64,64,1e-14,64,64,29.6,3.918706333989061,2.200635300533074,4.0322235700920395,256,"[0.805077, 0.943947, 0.505908, 1.440987, 1.899452, 2.362571, 3.140387, 3.131811, 4.032224, 3.716354, 3.220684, 3.017708, 2.633689, 1.933, 0.985038]",354,177,0.02014691306429932,0.011963526915249243,0.9899402292509214,0.016006391718247026,0.12677129273774518,43688,699008,1.2076710519995686,0.7830106779874768,399,complete,False,a250ae81afc363466076dd397784dfa7e178223a,f2b6f21f8cfddcca,1.0.0
graph_ordering,full,True,path,16,15,3,7,-1,rand41,74,9,"[2, 2, 2, 4, 4, 6, 8, 7, 9, 8, 6, 6, 4, 4, 2]",-1,untruncated,1e-14,256,256,50.93333333333333,4.03222357009204,2.25125593691768,4.0322235700920395,256,"[0.805077, 0.943947, 0.505908, 1.440987, 1.899452, 2.362571, 3.140387, 3.131811, 4.032224, 3.716354, 3.220684, 3.017708, 2.633689, 1.933, 0.985038]",354,177,1.936490683161616e-28,6.749787759094529e-29,1.0000000000000002,1.1102230246251565e-15,4.263870688010347e-14,174760,2796160,2.932784167000136,1.8802177930028847,399,complete,False,a250ae81afc363466076dd397784dfa7e178223a,f2b6f21f8cfddcca,1.0.0
graph_ordering,full,True,path,16,15,3,7,-1,rand43,72,7,"[2, 4, 6, 5, 7, 7, 5, 4, 6, 6, 6, 6, 4, 2, 2]",4,4,1e-14,4,4,3.7333333333333334,1.6966798024250709,1.1247083602805563,3.3919934395797577,128,"[0.86586, 1.261498, 2.238491, 2.512388, 3.074765, 3.192613, 2.480817, 2.60876, 3.391993, 2.932597, 2.748559, 2.754761, 1.817928, 1.38455, 0.547015]",342,171,1.8959558753724222,0.1759492444023222,0.3717159425606805,0.8487427067868575,1.1055151685530897,424,6784,0.1336246350001602,0.02341372798764496,387,complete,False,a250ae81afc363466076dd397784dfa7e178223a,f2b6f21f8cfddcca,1.0.0
graph_ordering,full,True,path,16,15,3,7,-1,rand43,72,7,"[2, 4, 6, 5, 7, 7, 5, 4, 6, 6, 6, 6, 4, 2, 2]",8,8,1e-14,8,8,6.666666666666667,2.5665519183316565,1.595316418056692,3.3919934395797577,128,"[0.86586, 1.261498, 2.238491, 2.512388, 3.074765, 3.192613, 2.480817, 2.60876, 3.391993, 2.932597, 2.748559, 2.754761, 1.817928, 1.38455, 0.547015]",342,171,0.8274684759364963,0.14054851109244118,0.6544036770149861,0.5620326950509735,0.8224463717162188,1448,23168,0.15923846999976377,0.04062659098235599,387,complete,False,a250ae81afc363466076dd397784dfa7e178223a,f2b6f21f8cfddcca,1.0.0
graph_ordering,full,True,path,16,15,3,7,-1,rand43,72,7,"[2, 4, 6, 5, 7, 7, 5, 4, 6, 6, 6, 6, 4, 2, 2]",16,16,1e-14,16,16,11.466666666666667,3.039224057836753,2.0038154377896373,3.3919934395797577,128,"[0.86586, 1.261498, 2.238491, 2.512388, 3.074765, 3.192613, 2.480817, 2.60876, 3.391993, 2.932597, 2.748559, 2.754761, 1.817928, 1.38455, 0.547015]",342,171,0.18423446229510806,0.049355011958590184,0.9111643829347226,0.12666291015734243,0.36186997358165923,4776,76416,0.21722101400155225,0.08153564099302457,387,complete,False,a250ae81afc363466076dd397784dfa7e178223a,f2b6f21f8cfddcca,1.0.0
graph_ordering,full,True,path,16,15,3,7,-1,rand43,72,7,"[2, 4, 6, 5, 7, 7, 5, 4, 6, 6, 6, 6, 4, 2, 2]",32,32,1e-14,32,32,18.933333333333334,3.3113363503034767,2.2166363166097214,3.3919934395797577,128,"[0.86586, 1.261498, 2.238491, 2.512388, 3.074765, 3.192613, 2.480817, 2.60876, 3.391993, 2.932597, 2.748559, 2.754761, 1.817928, 1.38455, 0.547015]",342,171,0.012881160835919487,0.0031497422874451524,0.9935742651497588,0.011214220539450426,0.1060463943571796,15016,240256,0.37227720899863925,0.1995114630117314,387,complete,False,a250ae81afc363466076dd397784dfa7e178223a,f2b6f21f8cfddcca,1.0.0
graph_ordering,full,True,path,16,15,3,7,-1,rand43,72,7,"[2, 4, 6, 5, 7, 7, 5, 4, 6, 6, 6, 6, 4, 2, 2]",64,64,1e-14,64,64,29.6,3.3919199367863477,2.254145036507075,3.3919934395797577,128,"[0.86586, 1.261498, 2.238491, 2.512388, 3.074765, 3.192613, 2.480817, 2.60876, 3.391993, 2.932597, 2.748559, 2.754761, 1.817928, 1.38455, 0.547015]",342,171,3.877648941551628e-06,3.8256925100858584e-06,0.9999980611737496,3.862272083043905e-06,0.0019652673634182128,43688,699008,0.6571592509990296,0.3886761810135795,387,complete,False,a250ae81afc363466076dd397784dfa7e178223a,f2b6f21f8cfddcca,1.0.0
graph_ordering,full,True,path,16,15,3,7,-1,rand43,72,7,"[2, 4, 6, 5, 7, 7, 5, 4, 6, 6, 6, 6, 4, 2, 2]",-1,untruncated,1e-14,128,128,38.13333333333333,3.391993439579757,2.2541729865882854,3.3919934395797577,128,"[0.86586, 1.261498, 2.238491, 2.512388, 3.074765, 3.192613, 2.480817, 2.60876, 3.391993, 2.932597, 2.748559, 2.754761, 1.817928, 1.38455, 0.547015]",342,171,3.916173393864683e-28,8.859753188483294e-29,1.0,0.0,5.801950150209777e-14,84648,1354368,0.740075388999685,0.40801253000608995,387,complete,False,a250ae81afc363466076dd397784dfa7e178223a,f2b6f21f8cfddcca,1.0.0
graph_ordering,full,True,path,16,15,3,11,-1,natural,15,1,"[1, 1, 1, 1, 1, 1, 1, 1, 1, 1, 1, 1, 1, 1, 1]",4,4,1e-14,4,4,3.7333333333333334,0.9768147022591358,0.6563042961998473,0.9769443608336399,8,"[0.631721, 0.868127, 0.222398, 0.716469, 0.750589, 0.624588, 0.889396, 0.860579, 0.822335, 0.36906, 0.152186, 0.641032, 0.976944, 0.765156, 0.555929]",0,0,4.621955819687073e-05,2.4657456355925564e-05,0.9999768903144848,4.621883697464302e-05,0.006798482994819796,424,6784,0.015397542998471181,0.00236338899594557,45,complete,False,a250ae81afc363466076dd397784dfa7e178223a,f2b6f21f8cfddcca,1.0.0
graph_ordering,full,True,path,16,15,3,11,-1,natural,15,1,"[1, 1, 1, 1, 1, 1, 1, 1, 1, 1, 1, 1, 1, 1, 1]",8,8,1e-14,8,8,6.666666666666667,0.9769443608336399,0.6564338880323947,0.9769443608336399,8,"[0.631721, 0.868127, 0.222398, 0.716469, 0.750589, 0.624588, 0.889396, 0.860579, 0.822335, 0.36906, 0.152186, 0.641032, 0.976944, 0.765156, 0.555929]",0,0,0.0,0.0,1.0,2.6645352591003757e-15,6.9497098036335256e-15,1448,23168,0.014287273999798344,0.0023433700062014395,45,complete,False,a250ae81afc363466076dd397784dfa7e178223a,f2b6f21f8cfddcca,1.0.0
graph_ordering,full,True,path,16,15,3,11,-1,natural,15,1,"[1, 1, 1, 1, 1, 1, 1, 1, 1, 1, 1, 1, 1, 1, 1]",16,16,1e-14,8,8,6.666666666666667,0.9769443608336399,0.6564338880323947,0.9769443608336399,8,"[0.631721, 0.868127, 0.222398, 0.716469, 0.750589, 0.624588, 0.889396, 0.860579, 0.822335, 0.36906, 0.152186, 0.641032, 0.976944, 0.765156, 0.555929]",0,0,0.0,0.0,1.0,2.6645352591003757e-15,6.9497098036335256e-15,1448,23168,0.014941821000320488,0.002396780993876746,45,complete,False,a250ae81afc363466076dd397784dfa7e178223a,f2b6f21f8cfddcca,1.0.0
graph_ordering,full,True,path,16,15,3,11,-1,natural,15,1,"[1, 1, 1, 1, 1, 1, 1, 1, 1, 1, 1, 1, 1, 1, 1]",32,32,1e-14,8,8,6.666666666666667,0.9769443608336399,0.6564338880323947,0.9769443608336399,8,"[0.631721, 0.868127, 0.222398, 0.716469, 0.750589, 0.624588, 0.889396, 0.860579, 0.822335, 0.36906, 0.152186, 0.641032, 0.976944, 0.765156, 0.555929]",0,0,0.0,0.0,1.0,2.6645352591003757e-15,6.9497098036335256e-15,1448,23168,0.015287277001334587,0.0025001640042319195,45,complete,False,a250ae81afc363466076dd397784dfa7e178223a,f2b6f21f8cfddcca,1.0.0
graph_ordering,full,True,path,16,15,3,11,-1,natural,15,1,"[1, 1, 1, 1, 1, 1, 1, 1, 1, 1, 1, 1, 1, 1, 1]",64,64,1e-14,8,8,6.666666666666667,0.9769443608336399,0.6564338880323947,0.9769443608336399,8,"[0.631721, 0.868127, 0.222398, 0.716469, 0.750589, 0.624588, 0.889396, 0.860579, 0.822335, 0.36906, 0.152186, 0.641032, 0.976944, 0.765156, 0.555929]",0,0,0.0,0.0,1.0,2.6645352591003757e-15,6.9497098036335256e-15,1448,23168,0.014909039999110973,0.002296545004355721,45,complete,False,a250ae81afc363466076dd397784dfa7e178223a,f2b6f21f8cfddcca,1.0.0
graph_ordering,full,True,path,16,15,3,11,-1,natural,15,1,"[1, 1, 1, 1, 1, 1, 1, 1, 1, 1, 1, 1, 1, 1, 1]",-1,untruncated,1e-14,8,8,6.666666666666667,0.9769443608336399,0.6564338880323944,0.9769443608336399,8,"[0.631721, 0.868127, 0.222398, 0.716469, 0.750589, 0.624588, 0.889396, 0.860579, 0.822335, 0.36906, 0.152186, 0.641032, 0.976944, 0.765156, 0.555929]",0,0,0.0,0.0,1.0,2.6645352591003757e-15,6.9497098036335256e-15,1448,23168,0.015084489999935613,0.002316937998330104,45,complete,False,a250ae81afc363466076dd397784dfa7e178223a,f2b6f21f8cfddcca,1.0.0
graph_ordering,full,True,path,16,15,3,11,-1,bfs,15,1,"[1, 1, 1, 1, 1, 1, 1, 1, 1, 1, 1, 1, 1, 1, 1]",4,4,1e-14,4,4,3.7333333333333334,0.9768147022591358,0.6563042961998473,0.9769443608336399,8,"[0.631721, 0.868127, 0.222398, 0.716469, 0.750589, 0.624588, 0.889396, 0.860579, 0.822335, 0.36906, 0.152186, 0.641032, 0.976944, 0.765156, 0.555929]",0,0,4.621955819687073e-05,2.4657456355925564e-05,0.9999768903144848,4.621883697464302e-05,0.006798482994819796,424,6784,0.01402414399854024,0.0021422059980977792,45,complete,False,a250ae81afc363466076dd397784dfa7e178223a,f2b6f21f8cfddcca,1.0.0
graph_ordering,full,True,path,16,15,3,11,-1,bfs,15,1,"[1, 1, 1, 1, 1, 1, 1, 1, 1, 1, 1, 1, 1, 1, 1]",8,8,1e-14,8,8,6.666666666666667,0.9769443608336399,0.6564338880323947,0.9769443608336399,8,"[0.631721, 0.868127, 0.222398, 0.716469, 0.750589, 0.624588, 0.889396, 0.860579, 0.822335, 0.36906, 0.152186, 0.641032, 0.976944, 0.765156, 0.555929]",0,0,0.0,0.0,1.0,2.6645352591003757e-15,6.9497098036335256e-15,1448,23168,0.015140849000090384,0.002346757004488609,45,complete,False,a250ae81afc363466076dd397784dfa7e178223a,f2b6f21f8cfddcca,1.0.0
graph_ordering,full,True,path,16,15,3,11,-1,bfs,15,1,"[1, 1, 1, 1, 1, 1, 1, 1, 1, 1, 1, 1, 1, 1, 1]",16,16,1e-14,8,8,6.666666666666667,0.9769443608336399,0.6564338880323947,0.9769443608336399,8,"[0.631721, 0.868127, 0.222398, 0.716469, 0.750589, 0.624588, 0.889396, 0.860579, 0.822335, 0.36906, 0.152186, 0.641032, 0.976944, 0.765156, 0.555929]",0,0,0.0,0.0,1.0,2.6645352591003757e-15,6.9497098036335256e-15,1448,23168,0.014776857000470045,0.0022255510029935976,45,complete,False,a250ae81afc363466076dd397784dfa7e178223a,f2b6f21f8cfddcca,1.0.0
graph_ordering,full,True,path,16,15,3,11,-1,bfs,15,1,"[1, 1, 1, 1, 1, 1, 1, 1, 1, 1, 1, 1, 1, 1, 1]",32,32,1e-14,8,8,6.666666666666667,0.9769443608336399,0.6564338880323947,0.9769443608336399,8,"[0.631721, 0.868127, 0.222398, 0.716469, 0.750589, 0.624588, 0.889396, 0.860579, 0.822335, 0.36906, 0.152186, 0.641032, 0.976944, 0.765156, 0.555929]",0,0,0.0,0.0,1.0,2.6645352591003757e-15,6.9497098036335256e-15,1448,23168,0.015365104000011343,0.002566956994996872,45,complete,False,a250ae81afc363466076dd397784dfa7e178223a,f2b6f21f8cfddcca,1.0.0
graph_ordering,full,True,path,16,15,3,11,-1,bfs,15,1,"[1, 1, 1, 1, 1, 1, 1, 1, 1, 1, 1, 1, 1, 1, 1]",64,64,1e-14,8,8,6.666666666666667,0.9769443608336399,0.6564338880323947,0.9769443608336399,8,"[0.631721, 0.868127, 0.222398, 0.716469, 0.750589, 0.624588, 0.889396, 0.860579, 0.822335, 0.36906, 0.152186, 0.641032, 0.976944, 0.765156, 0.555929]",0,0,0.0,0.0,1.0,2.6645352591003757e-15,6.9497098036335256e-15,1448,23168,0.016359434999685618,0.0025448470005358104,45,complete,False,a250ae81afc363466076dd397784dfa7e178223a,f2b6f21f8cfddcca,1.0.0
graph_ordering,full,True,path,16,15,3,11,-1,bfs,15,1,"[1, 1, 1, 1, 1, 1, 1, 1, 1, 1, 1, 1, 1, 1, 1]",-1,untruncated,1e-14,8,8,6.666666666666667,0.9769443608336399,0.6564338880323944,0.9769443608336399,8,"[0.631721, 0.868127, 0.222398, 0.716469, 0.750589, 0.624588, 0.889396, 0.860579, 0.822335, 0.36906, 0.152186, 0.641032, 0.976944, 0.765156, 0.555929]",0,0,0.0,0.0,1.0,2.6645352591003757e-15,6.9497098036335256e-15,1448,23168,0.01460841799962509,0.002352485998926568,45,complete,False,a250ae81afc363466076dd397784dfa7e178223a,f2b6f21f8cfddcca,1.0.0
graph_ordering,full,True,path,16,15,3,11,-1,rcm,15,1,"[1, 1, 1, 1, 1, 1, 1, 1, 1, 1, 1, 1, 1, 1, 1]",4,4,1e-14,4,4,3.7333333333333334,0.9768147022591308,0.6563042961998471,0.9769443608336357,8,"[0.555929, 0.765156, 0.976944, 0.641032, 0.152186, 0.36906, 0.822335, 0.860579, 0.889396, 0.624588, 0.750589, 0.716469, 0.222398, 0.868127, 0.631721]",0,0,4.6219558196871726e-05,2.4657456355925608e-05,0.9999768903144851,4.621883697508711e-05,0.006798482994819799,424,6784,0.02346572699934768,0.0025816559991653776,45,complete,False,a250ae81afc363466076dd397784dfa7e178223a,f2b6f21f8cfddcca,1.0.0
graph_ordering,full,True,path,16,15,3,11,-1,rcm,15,1,"[1, 1, 1, 1, 1, 1, 1, 1, 1, 1, 1, 1, 1, 1, 1]",8,8,1e-14,8,8,6.666666666666667,0.9769443608336357,0.6564338880323951,0.9769443608336357,8,"[0.555929, 0.765156, 0.976944, 0.641032, 0.152186, 0.36906, 0.822335, 0.860579, 0.889396, 0.624588, 0.750589, 0.716469, 0.222398, 0.868127, 0.631721]",0,0,0.0,0.0,1.0,2.220446049250313e-15,6.578224427002342e-15,1448,23168,0.02338122800028941,0.002843377007593517,45,complete,False,a250ae81afc363466076dd397784dfa7e178223a,f2b6f21f8cfddcca,1.0.0
graph_ordering,full,True,path,16,15,3,11,-1,rcm,15,1,"[1, 1, 1, 1, 1, 1, 1, 1, 1, 1, 1, 1, 1, 1, 1]",16,16,1e-14,8,8,6.666666666666667,0.9769443608336357,0.6564338880323951,0.9769443608336357,8,"[0.555929, 0.765156, 0.976944, 0.641032, 0.152186, 0.36906, 0.822335, 0.860579, 0.889396, 0.624588, 0.750589, 0.716469, 0.222398, 0.868127, 0.631721]",0,0,0.0,0.0,1.0,2.220446049250313e-15,6.578224427002342e-15,1448,23168,0.022268640999755007,0.002571882994743646,45,complete,False,a250ae81afc363466076dd397784dfa7e178223a,f2b6f21f8cfddcca,1.0.0
graph_ordering,full,True,path,16,15,3,11,-1,rcm,15,1,"[1, 1, 1, 1, 1, 1, 1, 1, 1, 1, 1, 1, 1, 1, 1]",32,32,1e-14,8,8,6.666666666666667,0.9769443608336357,0.6564338880323951,0.9769443608336357,8,"[0.555929, 0.765156, 0.976944, 0.641032, 0.152186, 0.36906, 0.822335, 0.860579, 0.889396, 0.624588, 0.750589, 0.716469, 0.222398, 0.868127, 0.631721]",0,0,0.0,0.0,1.0,2.220446049250313e-15,6.578224427002342e-15,1448,23168,0.022979278001002967,0.002736917005677242,45,complete,False,a250ae81afc363466076dd397784dfa7e178223a,f2b6f21f8cfddcca,1.0.0
graph_ordering,full,True,path,16,15,3,11,-1,rcm,15,1,"[1, 1, 1, 1, 1, 1, 1, 1, 1, 1, 1, 1, 1, 1, 1]",64,64,1e-14,8,8,6.666666666666667,0.9769443608336357,0.6564338880323951,0.9769443608336357,8,"[0.555929, 0.765156, 0.976944, 0.641032, 0.152186, 0.36906, 0.822335, 0.860579, 0.889396, 0.624588, 0.750589, 0.716469, 0.222398, 0.868127, 0.631721]",0,0,0.0,0.0,1.0,2.220446049250313e-15,6.578224427002342e-15,1448,23168,0.023526978000518284,0.002553436994276126,45,complete,False,a250ae81afc363466076dd397784dfa7e178223a,f2b6f21f8cfddcca,1.0.0
graph_ordering,full,True,path,16,15,3,11,-1,rcm,15,1,"[1, 1, 1, 1, 1, 1, 1, 1, 1, 1, 1, 1, 1, 1, 1]",-1,untruncated,1e-14,8,8,6.666666666666667,0.9769443608336361,0.6564338880323951,0.9769443608336357,8,"[0.555929, 0.765156, 0.976944, 0.641032, 0.152186, 0.36906, 0.822335, 0.860579, 0.889396, 0.624588, 0.750589, 0.716469, 0.222398, 0.868127, 0.631721]",0,0,0.0,0.0,1.0,2.220446049250313e-15,6.578224427002342e-15,1448,23168,0.023884672998974565,0.0027977129957434954,45,complete,False,a250ae81afc363466076dd397784dfa7e178223a,f2b6f21f8cfddcca,1.0.0
graph_ordering,full,True,path,16,15,3,11,-1,rand37,65,6,"[2, 2, 4, 6, 6, 6, 6, 6, 5, 5, 5, 5, 3, 3, 1]",4,4,1e-14,4,4,3.7333333333333334,1.2249556112234887,0.8612842265098646,3.611095976536531,256,"[0.936751, 1.331606, 2.068886, 2.997233, 3.544728, 3.611096, 3.201659, 3.326592, 3.263564, 3.006564, 2.343672, 2.274821, 1.507576, 1.268706, 0.555929]",300,150,1.2999487688602855,0.15956834315478188,0.5120896391913776,0.7915146486516944,1.0424951207440643,424,6784,0.13660684100068465,0.02494757400927483,345,complete,False,a250ae81afc363466076dd397784dfa7e178223a,f2b6f21f8cfddcca,1.0.0
graph_ordering,full,True,path,16,15,3,11,-1,rand37,65,6,"[2, 2, 4, 6, 6, 6, 6, 6, 5, 5, 5, 5, 3, 3, 1]",8,8,1e-14,8,8,6.666666666666667,2.166259023781718,1.3710105110592763,3.611095976536531,256,"[0.936751, 1.331606, 2.068886, 2.997233, 3.544728, 3.611096, 3.201659, 3.326592, 3.263564, 3.006564, 2.343672, 2.274821, 1.507576, 1.268706, 0.555929]",300,150,0.8107528551306648,0.08407189456100209,0.6633320301068295,0.5600879547472466,0.8206599096187487,1448,23168,0.14922154300074908,0.03867503698711516,345,complete,False,a250ae81afc363466076dd397784dfa7e178223a,f2b6f21f8cfddcca,1.0.0
graph_ordering,full,True,path,16,15,3,11,-1,rand37,65,6,"[2, 2, 4, 6, 6, 6, 6, 6, 5, 5, 5, 5, 3, 3, 1]",16,16,1e-14,16,16,11.466666666666667,2.9034839847164475,1.8830855473554686,3.611095976536531,256,"[0.936751, 1.331606, 2.068886, 2.997233, 3.544728, 3.611096, 3.201659, 3.326592, 3.263564, 3.006564, 2.343672, 2.274821, 1.507576, 1.268706, 0.555929]",300,150,0.2984223198368595,0.027901545076973962,0.8608697483319255,0.21577514907296724,0.4784042069985043,4776,76416,0.19924258399987593,0.07978877100686077,345,complete,False,a250ae81afc363466076dd397784dfa7e178223a,f2b6f21f8cfddcca,1.0.0
graph_ordering,full,True,path,16,15,3,11,-1,rand37,65,6,"[2, 2, 4, 6, 6, 6, 6, 6, 5, 5, 5, 5, 3, 3, 1]",32,32,1e-14,32,32,18.933333333333334,3.4762986066334416,2.28717643600774,3.611095976536531,256,"[0.936751, 1.331606, 2.068886, 2.997233, 3.544728, 3.611096, 3.201659, 3.326592, 3.263564, 3.006564, 2.343672, 2.274821, 1.507576, 1.268706, 0.555929]",300,150,0.02244793831838634,0.0029964711422307056,0.988832046742303,0.01845916625063615,0.13618056714792498,15016,240256,0.36809998599892424,0.21194837298207858,345,complete,False,a250ae81afc363466076dd397784dfa7e178223a,f2b6f21f8cfddcca,1.0.0
graph_ordering,full,True,path,16,15,3,11,-1,rand37,65,6,"[2, 2, 4, 6, 6, 6, 6, 6, 5, 5, 5, 5, 3, 3, 1]",64,64,1e-14,64,64,29.6,3.6051900966126635,2.3457313746975017,3.611095976536531,256,"[0.936751, 1.331606, 2.068886, 2.997233, 3.544728, 3.611096, 3.201659, 3.326592, 3.263564, 3.006564, 2.343672, 2.274821, 1.507576, 1.268706, 0.555929]",300,150,0.0009405352749239346,0.00021343550086663136,0.9995298174508148,0.0005848593829946847,0.02418563464399049,43688,699008,0.8464871449996281,0.545735629986666,345,complete,False,a250ae81afc363466076dd397784dfa7e178223a,f2b6f21f8cfddcca,1.0.0
graph_ordering,full,True,path,16,15,3,11,-1,rand37,65,6,"[2, 2, 4, 6, 6, 6, 6, 6, 5, 5, 5, 5, 3, 3, 1]",-1,untruncated,1e-14,256,256,50.93333333333333,3.611095976536533,2.3492920493867384,3.611095976536531,256,"[0.936751, 1.331606, 2.068886, 2.997233, 3.544728, 3.611096, 3.201659, 3.326592, 3.263564, 3.006564, 2.343672, 2.274821, 1.507576, 1.268706, 0.555929]",300,150,3.4257794381324433e-28,7.61365542547629e-29,1.0,4.440892098500626e-15,5.504982463627097e-14,174760,2796160,1.8915805920005369,1.2364361049858417,345,complete,False,a250ae81afc363466076dd397784dfa7e178223a,f2b6f21f8cfddcca,1.0.0
graph_ordering,full,True,path,16,15,3,11,-1,rand41,74,9,"[2, 2, 2, 4, 4, 6, 8, 7, 9, 8, 6, 6, 4, 4, 2]",4,4,1e-14,4,4,3.7333333333333334,1.5085541861420493,1.0393724035144973,4.290979878619439,256,"[0.783823, 1.331606, 1.577844, 1.944542, 2.521185, 2.839041, 3.50621, 3.45464, 4.29098, 4.146774, 3.280385, 3.049255, 2.115209, 1.71564, 0.843299]",354,177,1.2971372897154494,0.11288294154632747,0.5154134103182727,0.775744227568983,1.0261028072216378,424,6784,0.1358551469984377,0.024694232999536325,399,complete,False,a250ae81afc363466076dd397784dfa7e178223a,f2b6f21f8cfddcca,1.0.0
graph_ordering,full,True,path,16,15,3,11,-1,rand41,74,9,"[2, 2, 2, 4, 4, 6, 8, 7, 9, 8, 6, 6, 4, 4, 2]",8,8,1e-14,8,8,6.666666666666667,2.3355492270094365,1.4232959372540415,4.290979878619439,256,"[0.783823, 1.331606, 1.577844, 1.944542, 2.521185, 2.839041, 3.50621, 3.45464, 4.29098, 4.146774, 3.280385, 3.049255, 2.115209, 1.71564, 0.843299]",354,177,0.7936448622254071,0.0705452309713463,0.6691588541773338,0.49705981483637285,0.7626496461049062,1448,23168,0.16521287099931214,0.04572499599271396,399,complete,False,a250ae81afc363466076dd397784dfa7e178223a,f2b6f21f8cfddcca,1.0.0
graph_ordering,full,True,path,16,15,3,11,-1,rand41,74,9,"[2, 2, 2, 4, 4, 6, 8, 7, 9, 8, 6, 6, 4, 4, 2]",16,16,1e-14,16,16,11.466666666666667,3.235830474797492,1.9396920945167915,4.290979878619439,256,"[0.783823, 1.331606, 1.577844, 1.944542, 2.521185, 2.839041, 3.50621, 3.45464, 4.29098, 4.146774, 3.280385, 3.049255, 2.115209, 1.71564, 0.843299]",354,177,0.37046670691585165,0.035395761404037225,0.8298544176966023,0.2631292085217771,0.5321432432514039,4776,76416,0.23370409900053346,0.09673373900659499,399,complete,False,a250ae81afc363466076dd397784dfa7e178223a,f2b6f21f8cfddcca,1.0.0
graph_ordering,full,True,path,16,15,3,11,-1,rand41,74,9,"[2, 2, 2, 4, 4, 6, 8, 7, 9, 8, 6, 6, 4, 4, 2]",32,32,1e-14,32,32,18.933333333333334,3.885708575539344,2.2934569465534183,4.290979878619439,256,"[0.783823, 1.331606, 1.577844, 1.944542, 2.521185, 2.839041, 3.50621, 3.45464, 4.29098, 4.146774, 3.280385, 3.049255, 2.115209, 1.71564, 0.843299]",354,177,0.1095001263389624,0.011265400087526268,0.9465917104520778,0.0819188910851173,0.2892559717528741,15016,240256,0.47856091299945547,0.2702022690027661,399,complete,False,a250ae81afc363466076dd397784dfa7e178223a,f2b6f21f8cfddcca,1.0.0
graph_ordering,full,True,path,16,15,3,11,-1,rand41,74,9,"[2, 2, 2, 4, 4, 6, 8, 7, 9, 8, 6, 6, 4, 4, 2]",64,64,1e-14,64,64,29.6,4.235926642501089,2.466665036501537,4.290979878619439,256,"[0.783823, 1.331606, 1.577844, 1.944542, 2.521185, 2.839041, 3.50621, 3.45464, 4.29098, 4.146774, 3.280385, 3.049255, 2.115209, 1.71564, 0.843299]",354,177,0.011757947079130526,0.0024063262870016693,0.9941355160295959,0.007784163146457357,0.08831404583789065,43688,699008,2.3951387779998186,1.7614531159979379,399,complete,False,a250ae81afc363466076dd397784dfa7e178223a,f2b6f21f8cfddcca,1.0.0
graph_ordering,full,True,path,16,15,3,11,-1,rand41,74,9,"[2, 2, 2, 4, 4, 6, 8, 7, 9, 8, 6, 6, 4, 4, 2]",-1,untruncated,1e-14,256,256,50.93333333333333,4.290979878619439,2.4933621684104303,4.290979878619439,256,"[0.783823, 1.331606, 1.577844, 1.944542, 2.521185, 2.839041, 3.50621, 3.45464, 4.29098, 4.146774, 3.280385, 3.049255, 2.115209, 1.71564, 0.843299]",354,177,1.3720124967966426e-28,2.3605615603183733e-29,0.9999999999999999,2.6645352591003757e-15,5.4548712154175414e-14,174760,2796160,2.82896620000065,1.8105607469733513,399,complete,False,a250ae81afc363466076dd397784dfa7e178223a,f2b6f21f8cfddcca,1.0.0
graph_ordering,full,True,path,16,15,3,11,-1,rand43,72,7,"[2, 4, 6, 5, 7, 7, 5, 4, 6, 6, 6, 6, 4, 2, 2]",4,4,1e-14,4,4,3.7333333333333334,1.401562851401204,0.9995540232304345,3.219101212915123,128,"[0.73728, 1.671426, 2.599791, 2.627668, 2.957668, 3.189352, 2.721407, 2.661168, 3.219101, 2.641667, 2.923614, 2.844571, 2.466328, 1.529953, 0.712778]",342,171,1.3078393338642726,0.06764887934007179,0.5140183390058881,0.7605737998954333,1.010631519363493,424,6784,0.1371763999995892,0.023238754001795314,387,complete,False,a250ae81afc363466076dd397784dfa7e178223a,f2b6f21f8cfddcca,1.0.0
graph_ordering,full,True,path,16,15,3,11,-1,rand43,72,7,"[2, 4, 6, 5, 7, 7, 5, 4, 6, 6, 6, 6, 4, 2, 2]",8,8,1e-14,8,8,6.666666666666667,2.202358204613684,1.5983919536058837,3.219101212915123,128,"[0.73728, 1.671426, 2.599791, 2.627668, 2.957668, 3.189352, 2.721407, 2.661168, 3.219101, 2.641667, 2.923614, 2.844571, 2.466328, 1.529953, 0.712778]",342,171,0.6268085310030194,0.05343022733300017,0.7286381570853019,0.44235974809064116,0.7116837220669708,1448,23168,0.1585863000000245,0.038194658984139096,387,complete,False,a250ae81afc363466076dd397784dfa7e178223a,f2b6f21f8cfddcca,1.0.0
graph_ordering,full,True,path,16,15,3,11,-1,rand43,72,7,"[2, 4, 6, 5, 7, 7, 5, 4, 6, 6, 6, 6, 4, 2, 2]",16,16,1e-14,16,16,11.466666666666667,2.8050215081533745,2.1563756738864175,3.219101212915123,128,"[0.73728, 1.671426, 2.599791, 2.627668, 2.957668, 3.189352, 2.721407, 2.661168, 3.219101, 2.641667, 2.923614, 2.844571, 2.466328, 1.529953, 0.712778]",342,171,0.152183547790166,0.019619956667146547,0.9264542926812791,0.1116898115893008,0.3391103379720777,4776,76416,0.21814742300011858,0.08119420600996818,387,complete,False,a250ae81afc363466076dd397784dfa7e178223a,f2b6f21f8cfddcca,1.0.0
graph_ordering,full,True,path,16,15,3,11,-1,rand43,72,7,"[2, 4, 6, 5, 7, 7, 5, 4, 6, 6, 6, 6, 4, 2, 2]",32,32,1e-14,32,32,18.933333333333334,3.1910272644294264,2.356300838198227,3.219101212915123,128,"[0.73728, 1.671426, 2.599791, 2.627668, 2.957668, 3.189352, 2.721407, 2.661168, 3.219101, 2.641667, 2.923614, 2.844571, 2.466328, 1.529953, 0.712778]",342,171,0.0065603143619284,0.0036075792635776663,0.996721710333901,0.0043339464935793215,0.06586844821228566,15016,240256,0.34276099399903615,0.18113056698348373,387,complete,False,a250ae81afc363466076dd397784dfa7e178223a,f2b6f21f8cfddcca,1.0.0
graph_ordering,full,True,path,16,15,3,11,-1,rand43,72,7,"[2, 4, 6, 5, 7, 7, 5, 4, 6, 6, 6, 6, 4, 2, 2]",64,64,1e-14,64,64,29.6,3.2189410155637455,2.3668716511048227,3.219101212915123,128,"[0.73728, 1.671426, 2.599791, 2.627668, 2.957668, 3.189352, 2.721407, 2.661168, 3.219101, 2.641667, 2.923614, 2.844571, 2.466328, 1.529953, 0.712778]",342,171,8.05117518969232e-06,6.189731460540777e-06,0.9999959744106041,7.864034124227537e-06,0.0028042912798132862,43688,699008,0.6967633420008497,0.41809463699610205,387,complete,False,a250ae81afc363466076dd397784dfa7e178223a,f2b6f21f8cfddcca,1.0.0
graph_ordering,full,True,path,16,15,3,11,-1,rand43,72,7,"[2, 4, 6, 5, 7, 7, 5, 4, 6, 6, 6, 6, 4, 2, 2]",-1,untruncated,1e-14,128,128,38.13333333333333,3.219101212915123,2.36691815756492,3.219101212915123,128,"[0.73728, 1.671426, 2.599791, 2.627668, 2.957668, 3.189352, 2.721407, 2.661168, 3.219101, 2.641667, 2.923614, 2.844571, 2.466328, 1.529953, 0.712778]",342,171,1.7402082518558957e-28,3.6362298621485014e-29,1.0000000000000004,2.6645352591003757e-15,4.1176012261330174e-14,84648,1354368,0.6672496810006123,0.3670641930275451,387,complete,False,a250ae81afc363466076dd397784dfa7e178223a,f2b6f21f8cfddcca,1.0.0
graph_ordering,full,True,path,16,15,3,19,-1,natural,15,1,"[1, 1, 1, 1, 1, 1, 1, 1, 1, 1, 1, 1, 1, 1, 1]",4,4,1e-14,4,4,3.7333333333333334,1.0328507853908189,0.7141427125585695,1.0334200053220013,8,"[0.789435, 0.386873, 0.761702, 1.03342, 0.882553, 0.472878, 0.778243, 0.813795, 0.573865, 0.357824, 0.789334, 0.74594, 0.941189, 0.686535, 0.707383]",0,0,0.0002570085329142722,0.00011006255876274094,0.9998714999088681,0.0002569836699927164,0.016031225226613956,424,6784,0.01599220899879583,0.0024067259964795085,45,complete,False,a250ae81afc363466076dd397784dfa7e178223a,f2b6f21f8cfddcca,1.0.0
graph_ordering,full,True,path,16,15,3,19,-1,natural,15,1,"[1, 1, 1, 1, 1, 1, 1, 1, 1, 1, 1, 1, 1, 1, 1]",8,8,1e-14,8,8,6.666666666666667,1.0334200053220013,0.7147312846537339,1.0334200053220013,8,"[0.789435, 0.386873, 0.761702, 1.03342, 0.882553, 0.472878, 0.778243, 0.813795, 0.573865, 0.357824, 0.789334, 0.74594, 0.941189, 0.686535, 0.707383]",0,0,0.0,0.0,1.0,-2.6645352591003757e-15,4.350135782424334e-15,1448,23168,0.017016832000081195,0.0027142970084241824,45,complete,False,a250ae81afc363466076dd397784dfa7e178223a,f2b6f21f8cfddcca,1.0.0
graph_ordering,full,True,path,16,15,3,19,-1,natural,15,1,"[1, 1, 1, 1, 1, 1, 1, 1, 1, 1, 1, 1, 1, 1, 1]",16,16,1e-14,8,8,6.666666666666667,1.0334200053220013,0.7147312846537339,1.0334200053220013,8,"[0.789435, 0.386873, 0.761702, 1.03342, 0.882553, 0.472878, 0.778243, 0.813795, 0.573865, 0.357824, 0.789334, 0.74594, 0.941189, 0.686535, 0.707383]",0,0,0.0,0.0,1.0,-2.6645352591003757e-15,4.350135782424334e-15,1448,23168,0.016418500999861863,0.002944441997897229,45,complete,False,a250ae81afc363466076dd397784dfa7e178223a,f2b6f21f8cfddcca,1.0.0
graph_ordering,full,True,path,16,15,3,19,-1,natural,15,1,"[1, 1, 1, 1, 1, 1, 1, 1, 1, 1, 1, 1, 1, 1, 1]",32,32,1e-14,8,8,6.666666666666667,1.0334200053220013,0.7147312846537339,1.0334200053220013,8,"[0.789435, 0.386873, 0.761702, 1.03342, 0.882553, 0.472878, 0.778243, 0.813795, 0.573865, 0.357824, 0.789334, 0.74594, 0.941189, 0.686535, 0.707383]",0,0,0.0,0.0,1.0,-2.6645352591003757e-15,4.350135782424334e-15,1448,23168,0.015939632001391146,0.002544409004258341,45,complete,False,a250ae81afc363466076dd397784dfa7e178223a,f2b6f21f8cfddcca,1.0.0
graph_ordering,full,True,path,16,15,3,19,-1,natural,15,1,"[1, 1, 1, 1, 1, 1, 1, 1, 1, 1, 1, 1, 1, 1, 1]",64,64,1e-14,8,8,6.666666666666667,1.0334200053220013,0.7147312846537339,1.0334200053220013,8,"[0.789435, 0.386873, 0.761702, 1.03342, 0.882553, 0.472878, 0.778243, 0.813795, 0.573865, 0.357824, 0.789334, 0.74594, 0.941189, 0.686535, 0.707383]",0,0,0.0,0.0,1.0,-2.6645352591003757e-15,4.350135782424334e-15,1448,23168,0.015695149999373825,0.002527266997276456,45,complete,False,a250ae81afc363466076dd397784dfa7e178223a,f2b6f21f8cfddcca,1.0.0
graph_ordering,full,True,path,16,15,3,19,-1,natural,15,1,"[1, 1, 1, 1, 1, 1, 1, 1, 1, 1, 1, 1, 1, 1, 1]",-1,untruncated,1e-14,8,8,6.666666666666667,1.0334200053220013,0.7147312846537341,1.0334200053220013,8,"[0.789435, 0.386873, 0.761702, 1.03342, 0.882553, 0.472878, 0.778243, 0.813795, 0.573865, 0.357824, 0.789334, 0.74594, 0.941189, 0.686535, 0.707383]",0,0,0.0,0.0,1.0,-2.6645352591003757e-15,4.350135782424334e-15,1448,23168,0.016090105000330368,0.002648703999511781,45,complete,False,a250ae81afc363466076dd397784dfa7e178223a,f2b6f21f8cfddcca,1.0.0
graph_ordering,full,True,path,16,15,3,19,-1,bfs,15,1,"[1, 1, 1, 1, 1, 1, 1, 1, 1, 1, 1, 1, 1, 1, 1]",4,4,1e-14,4,4,3.7333333333333334,1.0328507853908189,0.7141427125585695,1.0334200053220013,8,"[0.789435, 0.386873, 0.761702, 1.03342, 0.882553, 0.472878, 0.778243, 0.813795, 0.573865, 0.357824, 0.789334, 0.74594, 0.941189, 0.686535, 0.707383]",0,0,0.0002570085329142722,0.00011006255876274094,0.9998714999088681,0.0002569836699927164,0.016031225226613956,424,6784,0.016360389001420117,0.0024125899944920093,45,complete,False,a250ae81afc363466076dd397784dfa7e178223a,f2b6f21f8cfddcca,1.0.0
graph_ordering,full,True,path,16,15,3,19,-1,bfs,15,1,"[1, 1, 1, 1, 1, 1, 1, 1, 1, 1, 1, 1, 1, 1, 1]",8,8,1e-14,8,8,6.666666666666667,1.0334200053220013,0.7147312846537339,1.0334200053220013,8,"[0.789435, 0.386873, 0.761702, 1.03342, 0.882553, 0.472878, 0.778243, 0.813795, 0.573865, 0.357824, 0.789334, 0.74594, 0.941189, 0.686535, 0.707383]",0,0,0.0,0.0,1.0,-2.6645352591003757e-15,4.350135782424334e-15,1448,23168,0.016865532999872812,0.00281250998887117,45,complete,False,a250ae81afc363466076dd397784dfa7e178223a,f2b6f21f8cfddcca,1.0.0
graph_ordering,full,True,path,16,15,3,19,-1,bfs,15,1,"[1, 1, 1, 1, 1, 1, 1, 1, 1, 1, 1, 1, 1, 1, 1]",16,16,1e-14,8,8,6.666666666666667,1.0334200053220013,0.7147312846537339,1.0334200053220013,8,"[0.789435, 0.386873, 0.761702, 1.03342, 0.882553, 0.472878, 0.778243, 0.813795, 0.573865, 0.357824, 0.789334, 0.74594, 0.941189, 0.686535, 0.707383]",0,0,0.0,0.0,1.0,-2.6645352591003757e-15,4.350135782424334e-15,1448,23168,0.0149329999985639,0.002431591999993543,45,complete,False,a250ae81afc363466076dd397784dfa7e178223a,f2b6f21f8cfddcca,1.0.0
graph_ordering,full,True,path,16,15,3,19,-1,bfs,15,1,"[1, 1, 1, 1, 1, 1, 1, 1, 1, 1, 1, 1, 1, 1, 1]",32,32,1e-14,8,8,6.666666666666667,1.0334200053220013,0.7147312846537339,1.0334200053220013,8,"[0.789435, 0.386873, 0.761702, 1.03342, 0.882553, 0.472878, 0.778243, 0.813795, 0.573865, 0.357824, 0.789334, 0.74594, 0.941189, 0.686535, 0.707383]",0,0,0.0,0.0,1.0,-2.6645352591003757e-15,4.350135782424334e-15,1448,23168,0.014832591999947908,0.002501872999346233,45,complete,False,a250ae81afc363466076dd397784dfa7e178223a,f2b6f21f8cfddcca,1.0.0
graph_ordering,full,True,path,16,15,3,19,-1,bfs,15,1,"[1, 1, 1, 1, 1, 1, 1, 1, 1, 1, 1, 1, 1, 1, 1]",64,64,1e-14,8,8,6.666666666666667,1.0334200053220013,0.7147312846537339,1.0334200053220013,8,"[0.789435, 0.386873, 0.761702, 1.03342, 0.882553, 0.472878, 0.778243, 0.813795, 0.573865, 0.357824, 0.789334, 0.74594, 0.941189, 0.686535, 0.707383]",0,0,0.0,0.0,1.0,-2.6645352591003757e-15,4.350135782424334e-15,1448,23168,0.016414069999882486,0.002828885000781156,45,complete,False,a250ae81afc363466076dd397784dfa7e178223a,f2b6f21f8cfddcca,1.0.0
graph_ordering,full,True,path,16,15,3,19,-1,bfs,15,1,"[1, 1, 1, 1, 1, 1, 1, 1, 1, 1, 1, 1, 1, 1, 1]",-1,untruncated,1e-14,8,8,6.666666666666667,1.0334200053220013,0.7147312846537341,1.0334200053220013,8,"[0.789435, 0.386873, 0.761702, 1.03342, 0.882553, 0.472878, 0.778243, 0.813795, 0.573865, 0.357824, 0.789334, 0.74594, 0.941189, 0.686535, 0.707383]",0,0,0.0,0.0,1.0,-2.6645352591003757e-15,4.350135782424334e-15,1448,23168,0.01565361900065909,0.0024962340048659826,45,complete,False,a250ae81afc363466076dd397784dfa7e178223a,f2b6f21f8cfddcca,1.0.0
graph_ordering,full,True,path,16,15,3,19,-1,rcm,15,1,"[1, 1, 1, 1, 1, 1, 1, 1, 1, 1, 1, 1, 1, 1, 1]",4,4,1e-14,4,4,3.7333333333333334,1.0328507853908167,0.7141427125585698,1.033420005322004,8,"[0.707383, 0.686535, 0.941189, 0.74594, 0.789334, 0.357824, 0.573865, 0.813795, 0.778243, 0.472878, 0.882553, 1.03342, 0.761702, 0.386873, 0.789435]",0,0,0.0002570085329142744,0.00011006255876274231,0.9998714999088673,0.0002569836699927164,0.01603122522661395,424,6784,0.02153801399981603,0.0023599989999638638,45,complete,False,a250ae81afc363466076dd397784dfa7e178223a,f2b6f21f8cfddcca,1.0.0
graph_ordering,full,True,path,16,15,3,19,-1,rcm,15,1,"[1, 1, 1, 1, 1, 1, 1, 1, 1, 1, 1, 1, 1, 1, 1]",8,8,1e-14,8,8,6.666666666666667,1.033420005322004,0.7147312846537347,1.033420005322004,8,"[0.707383, 0.686535, 0.941189, 0.74594, 0.789334, 0.357824, 0.573865, 0.813795, 0.778243, 0.472878, 0.882553, 1.03342, 0.761702, 0.386873, 0.789435]",0,0,0.0,0.0,1.0,-2.6645352591003757e-15,3.7154822349604155e-15,1448,23168,0.022923358999833,0.0025862629954644945,45,complete,False,a250ae81afc363466076dd397784dfa7e178223a,f2b6f21f8cfddcca,1.0.0
graph_ordering,full,True,path,16,15,3,19,-1,rcm,15,1,"[1, 1, 1, 1, 1, 1, 1, 1, 1, 1, 1, 1, 1, 1, 1]",16,16,1e-14,8,8,6.666666666666667,1.033420005322004,0.7147312846537347,1.033420005322004,8,"[0.707383, 0.686535, 0.941189, 0.74594, 0.789334, 0.357824, 0.573865, 0.813795, 0.778243, 0.472878, 0.882553, 1.03342, 0.761702, 0.386873, 0.789435]",0,0,0.0,0.0,1.0,-2.6645352591003757e-15,3.7154822349604155e-15,1448,23168,0.022084878999521607,0.002571054990767152,45,complete,False,a250ae81afc363466076dd397784dfa7e178223a,f2b6f21f8cfddcca,1.0.0
graph_ordering,full,True,path,16,15,3,19,-1,rcm,15,1,"[1, 1, 1, 1, 1, 1, 1, 1, 1, 1, 1, 1, 1, 1, 1]",32,32,1e-14,8,8,6.666666666666667,1.033420005322004,0.7147312846537347,1.033420005322004,8,"[0.707383, 0.686535, 0.941189, 0.74594, 0.789334, 0.357824, 0.573865, 0.813795, 0.778243, 0.472878, 0.882553, 1.03342, 0.761702, 0.386873, 0.789435]",0,0,0.0,0.0,1.0,-2.6645352591003757e-15,3.7154822349604155e-15,1448,23168,0.021501980001630727,0.002468837992637418,45,complete,False,a250ae81afc363466076dd397784dfa7e178223a,f2b6f21f8cfddcca,1.0.0
graph_ordering,full,True,path,16,15,3,19,-1,rcm,15,1,"[1, 1, 1, 1, 1, 1, 1, 1, 1, 1, 1, 1, 1, 1, 1]",64,64,1e-14,8,8,6.666666666666667,1.033420005322004,0.7147312846537347,1.033420005322004,8,"[0.707383, 0.686535, 0.941189, 0.74594, 0.789334, 0.357824, 0.573865, 0.813795, 0.778243, 0.472878, 0.882553, 1.03342, 0.761702, 0.386873, 0.789435]",0,0,0.0,0.0,1.0,-2.6645352591003757e-15,3.7154822349604155e-15,1448,23168,0.02360038300139422,0.002736364001975744,45,complete,False,a250ae81afc363466076dd397784dfa7e178223a,f2b6f21f8cfddcca,1.0.0
graph_ordering,full,True,path,16,15,3,19,-1,rcm,15,1,"[1, 1, 1, 1, 1, 1, 1, 1, 1, 1, 1, 1, 1, 1, 1]",-1,untruncated,1e-14,8,8,6.666666666666667,1.033420005322004,0.7147312846537346,1.033420005322004,8,"[0.707383, 0.686535, 0.941189, 0.74594, 0.789334, 0.357824, 0.573865, 0.813795, 0.778243, 0.472878, 0.882553, 1.03342, 0.761702, 0.386873, 0.789435]",0,0,0.0,0.0,1.0,-2.6645352591003757e-15,3.7154822349604155e-15,1448,23168,0.021209165000982466,0.0023730470002192305,45,complete,False,a250ae81afc363466076dd397784dfa7e178223a,f2b6f21f8cfddcca,1.0.0
graph_ordering,full,True,path,16,15,3,19,-1,rand37,65,6,"[2, 2, 4, 6, 6, 6, 6, 6, 5, 5, 5, 5, 3, 3, 1]",4,4,1e-14,4,4,3.7333333333333334,1.6427892273573461,0.9292517524810351,3.6052888593767203,256,"[0.795351, 1.104662, 1.929377, 2.780767, 3.352273, 3.251825, 3.073265, 3.482027, 3.002734, 3.400557, 3.605289, 3.009563, 2.165288, 1.66605, 0.707383]",300,150,1.5193061599018003,0.13925531022853258,0.4597560524843392,0.803901249744333,1.0556226736623202,424,6784,0.1132271149999724,0.020974958006263478,345,complete,False,a250ae81afc363466076dd397784dfa7e178223a,f2b6f21f8cfddcca,1.0.0
graph_ordering,full,True,path,16,15,3,19,-1,rand37,65,6,"[2, 2, 4, 6, 6, 6, 6, 6, 5, 5, 5, 5, 3, 3, 1]",8,8,1e-14,8,8,6.666666666666667,2.3684661133127127,1.5239552310964883,3.6052888593767203,256,"[0.795351, 1.104662, 1.929377, 2.780767, 3.352273, 3.251825, 3.073265, 3.482027, 3.002734, 3.400557, 3.605289, 3.009563, 2.165288, 1.66605, 0.707383]",300,150,0.8171228194048475,0.062451159744886665,0.6612484196447871,0.5589752682743987,0.8196378109072648,1448,23168,0.13501556400115078,0.035291624981255154,345,complete,False,a250ae81afc363466076dd397784dfa7e178223a,f2b6f21f8cfddcca,1.0.0
graph_ordering,full,True,path,16,15,3,19,-1,rand37,65,6,"[2, 2, 4, 6, 6, 6, 6, 6, 5, 5, 5, 5, 3, 3, 1]",16,16,1e-14,16,16,11.466666666666667,3.0705895091766537,2.0705961562867516,3.6052888593767203,256,"[0.795351, 1.104662, 1.929377, 2.780767, 3.352273, 3.251825, 3.073265, 3.482027, 3.002734, 3.400557, 3.605289, 3.009563, 2.165288, 1.66605, 0.707383]",300,150,0.30825334919037467,0.03330858078608365,0.8562586483310805,0.24191892744580978,0.5085695375382812,4776,76416,0.20065832900036185,0.08100755899067735,345,complete,False,a250ae81afc363466076dd397784dfa7e178223a,f2b6f21f8cfddcca,1.0.0
graph_ordering,full,True,path,16,15,3,19,-1,rand37,65,6,"[2, 2, 4, 6, 6, 6, 6, 6, 5, 5, 5, 5, 3, 3, 1]",32,32,1e-14,32,32,18.933333333333334,3.572995466538641,2.4289662109075376,3.6052888593767203,256,"[0.795351, 1.104662, 1.929377, 2.780767, 3.352273, 3.251825, 3.073265, 3.482027, 3.002734, 3.400557, 3.605289, 3.009563, 2.165288, 1.66605, 0.707383]",300,150,0.03191734638035073,0.004401385565760396,0.984155249615008,0.021455975252888115,0.1468751730629687,15016,240256,0.37424130299950775,0.21506450999913795,345,complete,False,a250ae81afc363466076dd397784dfa7e178223a,f2b6f21f8cfddcca,1.0.0
graph_ordering,full,True,path,16,15,3,19,-1,rand37,65,6,"[2, 2, 4, 6, 6, 6, 6, 6, 5, 5, 5, 5, 3, 3, 1]",64,64,1e-14,64,64,29.6,3.6038315362905124,2.4840188673791603,3.6052888593767203,256,"[0.795351, 1.104662, 1.929377, 2.780767, 3.352273, 3.251825, 3.073265, 3.482027, 3.002734, 3.400557, 3.605289, 3.009563, 2.165288, 1.66605, 0.707383]",300,150,0.0016504344577760116,0.0004082146387350118,0.9991750514559369,0.0010432303004682675,0.03230328969079877,43688,699008,0.8538997249997919,0.562544425996748,345,complete,False,a250ae81afc363466076dd397784dfa7e178223a,f2b6f21f8cfddcca,1.0.0
graph_ordering,full,True,path,16,15,3,19,-1,rand37,65,6,"[2, 2, 4, 6, 6, 6, 6, 6, 5, 5, 5, 5, 3, 3, 1]",-1,untruncated,1e-14,256,256,50.93333333333333,3.605288859376718,2.48842726634177,3.6052888593767203,256,"[0.795351, 1.104662, 1.929377, 2.780767, 3.352273, 3.251825, 3.073265, 3.482027, 3.002734, 3.400557, 3.605289, 3.009563, 2.165288, 1.66605, 0.707383]",300,150,2.3819149644321133e-28,5.889411633472355e-29,1.0,-3.552713678800501e-15,6.803824023886198e-14,174760,2796160,1.815639927999655,1.2075891899821727,345,complete,False,a250ae81afc363466076dd397784dfa7e178223a,f2b6f21f8cfddcca,1.0.0
graph_ordering,full,True,path,16,15,3,19,-1,rand41,74,9,"[2, 2, 2, 4, 4, 6, 8, 7, 9, 8, 6, 6, 4, 4, 2]",4,4,1e-14,4,4,3.7333333333333334,1.5346425446050562,0.997273112076577,4.541537232898511,256,"[0.804329, 1.104662, 1.690928, 2.4259, 2.624847, 3.226705, 4.043963, 3.766678, 4.541537, 3.810306, 3.000922, 2.807093, 1.982071, 1.636945, 0.921045]",354,177,1.475932084689472,0.11666301947134915,0.4694896323206593,0.8258818951369077,1.0795604516221515,424,6784,0.14376620300026843,0.025688849982543616,399,complete,False,a250ae81afc363466076dd397784dfa7e178223a,f2b6f21f8cfddcca,1.0.0
graph_ordering,full,True,path,16,15,3,19,-1,rand41,74,9,"[2, 2, 2, 4, 4, 6, 8, 7, 9, 8, 6, 6, 4, 4, 2]",8,8,1e-14,8,8,6.666666666666667,2.242544582685927,1.3438025229029542,4.541537232898511,256,"[0.804329, 1.104662, 1.690928, 2.4259, 2.624847, 3.226705, 4.043963, 3.766678, 4.541537, 3.810306, 3.000922, 2.807093, 1.982071, 1.636945, 0.921045]",354,177,0.9741576920024463,0.051173960038855305,0.6107841315469813,0.6030739118429205,0.8602084578212988,1448,23168,0.1620774889997847,0.042564300005324185,399,complete,False,a250ae81afc363466076dd397784dfa7e178223a,f2b6f21f8cfddcca,1.0.0
graph_ordering,full,True,path,16,15,3,19,-1,rand41,74,9,"[2, 2, 2, 4, 4, 6, 8, 7, 9, 8, 6, 6, 4, 4, 2]",16,16,1e-14,16,16,11.466666666666667,3.1753327627176215,1.8280391474578006,4.541537232898511,256,"[0.804329, 1.104662, 1.690928, 2.4259, 2.624847, 3.226705, 4.043963, 3.766678, 4.541537, 3.810306, 3.000922, 2.807093, 1.982071, 1.636945, 0.921045]",354,177,0.4843540966876346,0.03472116180157527,0.7831100258766934,0.3530667848619412,0.6255851870201123,4776,76416,0.2429246179999609,0.09722912700090092,399,complete,False,a250ae81afc363466076dd397784dfa7e178223a,f2b6f21f8cfddcca,1.0.0
graph_ordering,full,True,path,16,15,3,19,-1,rand41,74,9,"[2, 2, 2, 4, 4, 6, 8, 7, 9, 8, 6, 6, 4, 4, 2]",32,32,1e-14,32,32,18.933333333333334,3.910030208099685,2.2403609214517224,4.541537232898511,256,"[0.804329, 1.104662, 1.690928, 2.4259, 2.624847, 3.226705, 4.043963, 3.766678, 4.541537, 3.810306, 3.000922, 2.807093, 1.982071, 1.636945, 0.921045]",354,177,0.16735200073872317,0.022728029187984986,0.9193080890837222,0.12841945823541434,0.36445910560790645,15016,240256,0.4598223869998037,0.26720625099915196,399,complete,False,a250ae81afc363466076dd397784dfa7e178223a,f2b6f21f8cfddcca,1.0.0
graph_ordering,full,True,path,16,15,3,19,-1,rand41,74,9,"[2, 2, 2, 4, 4, 6, 8, 7, 9, 8, 6, 6, 4, 4, 2]",64,64,1e-14,64,64,29.6,4.389629963380207,2.4828038963961623,4.541537232898511,256,"[0.804329, 1.104662, 1.690928, 2.4259, 2.624847, 3.226705, 4.043963, 3.766678, 4.541537, 3.810306, 3.000922, 2.807093, 1.982071, 1.636945, 0.921045]",354,177,0.027476954148648005,0.005763042281230207,0.9863320629953904,0.020610239712346212,0.14393590194364703,43688,699008,1.2667270060010196,0.8305019950148562,399,complete,False,a250ae81afc363466076dd397784dfa7e178223a,f2b6f21f8cfddcca,1.0.0
graph_ordering,full,True,path,16,15,3,19,-1,rand41,74,9,"[2, 2, 2, 4, 4, 6, 8, 7, 9, 8, 6, 6, 4, 4, 2]",-1,untruncated,1e-14,256,256,50.93333333333333,4.541537232898512,2.5591953733273156,4.541537232898511,256,"[0.804329, 1.104662, 1.690928, 2.4259, 2.624847, 3.226705, 4.043963, 3.766678, 4.541537, 3.810306, 3.000922, 2.807093, 1.982071, 1.636945, 0.921045]",354,177,2.22384038178233e-28,8.851939323583197e-29,1.0000000000000002,-2.6645352591003757e-15,7.46698573426556e-14,174760,2796160,2.790094494001096,1.8023951690156537,399,complete,False,a250ae81afc363466076dd397784dfa7e178223a,f2b6f21f8cfddcca,1.0.0
graph_ordering,full,True,path,16,15,3,19,-1,rand43,72,7,"[2, 4, 6, 5, 7, 7, 5, 4, 6, 6, 6, 6, 4, 2, 2]",4,4,1e-14,4,4,3.7333333333333334,1.3912523574999072,0.9565806181745978,3.273352664107612,128,"[0.824715, 1.651704, 2.503113, 2.364933, 3.071682, 3.273353, 2.596693, 2.132157, 2.441459, 2.22278, 2.789259, 2.812175, 2.068565, 1.27368, 0.958667]",342,171,1.0606311452167279,0.08530118036725125,0.5834261502431336,0.6722064874975572,0.9246269055729043,424,6784,0.126312804999543,0.02278229200237547,387,complete,False,a250ae81afc363466076dd397784dfa7e178223a,f2b6f21f8cfddcca,1.0.0
graph_ordering,full,True,path,16,15,3,19,-1,rand43,72,7,"[2, 4, 6, 5, 7, 7, 5, 4, 6, 6, 6, 6, 4, 2, 2]",8,8,1e-14,8,8,6.666666666666667,2.3198475879724536,1.5780581853859468,3.273352664107612,128,"[0.824715, 1.651704, 2.503113, 2.364933, 3.071682, 3.273353, 2.596693, 2.132157, 2.441459, 2.22278, 2.789259, 2.812175, 2.068565, 1.27368, 0.958667]",342,171,0.4756876868479317,0.06038353410024288,0.7863371794015909,0.37054848085710324,0.642837759279335,1448,23168,0.1510418630005006,0.038509418023750186,387,complete,False,a250ae81afc363466076dd397784dfa7e178223a,f2b6f21f8cfddcca,1.0.0
graph_ordering,full,True,path,16,15,3,19,-1,rand43,72,7,"[2, 4, 6, 5, 7, 7, 5, 4, 6, 6, 6, 6, 4, 2, 2]",16,16,1e-14,16,16,11.466666666666667,2.974571709426205,2.0061559657909114,3.273352664107612,128,"[0.824715, 1.651704, 2.503113, 2.364933, 3.071682, 3.273353, 2.596693, 2.132157, 2.441459, 2.22278, 2.789259, 2.812175, 2.068565, 1.27368, 0.958667]",342,171,0.09980243287534145,0.011917804191366463,0.9511878733768412,0.07243443479093314,0.27165399547274754,4776,76416,0.2092930940016231,0.07833314701019845,387,complete,False,a250ae81afc363466076dd397784dfa7e178223a,f2b6f21f8cfddcca,1.0.0
graph_ordering,full,True,path,16,15,3,19,-1,rand43,72,7,"[2, 4, 6, 5, 7, 7, 5, 4, 6, 6, 6, 6, 4, 2, 2]",32,32,1e-14,32,32,18.933333333333334,3.2604144848832695,2.1865615470536954,3.273352664107612,128,"[0.824715, 1.651704, 2.503113, 2.364933, 3.071682, 3.273353, 2.596693, 2.132157, 2.441459, 2.22278, 2.789259, 2.812175, 2.068565, 1.27368, 0.958667]",342,171,0.004261178448674095,0.0008426252797363294,0.9978711843680488,0.00280032153566534,0.05293661054128508,15016,240256,0.4640381309982331,0.2183149729935394,387,complete,False,a250ae81afc363466076dd397784dfa7e178223a,f2b6f21f8cfddcca,1.0.0
graph_ordering,full,True,path,16,15,3,19,-1,rand43,72,7,"[2, 4, 6, 5, 7, 7, 5, 4, 6, 6, 6, 6, 4, 2, 2]",64,64,1e-14,64,64,29.6,3.2733018774486613,2.198961274061543,3.273352664107612,128,"[0.824715, 1.651704, 2.503113, 2.364933, 3.071682, 3.273353, 2.596693, 2.132157, 2.441459, 2.22278, 2.789259, 2.812175, 2.068565, 1.27368, 0.958667]",342,171,4.8949953620928065e-06,4.243535919064157e-06,0.9999975525007905,5.1817491792949255e-06,0.0022763470498432777,43688,699008,0.7139753960000235,0.43179209498157434,387,complete,False,a250ae81afc363466076dd397784dfa7e178223a,f2b6f21f8cfddcca,1.0.0
graph_ordering,full,True,path,16,15,3,19,-1,rand43,72,7,"[2, 4, 6, 5, 7, 7, 5, 4, 6, 6, 6, 6, 4, 2, 2]",-1,untruncated,1e-14,128,128,38.13333333333333,3.27335266410761,2.198995612586245,3.273352664107612,128,"[0.824715, 1.651704, 2.503113, 2.364933, 3.071682, 3.273353, 2.596693, 2.132157, 2.441459, 2.22278, 2.789259, 2.812175, 2.068565, 1.27368, 0.958667]",342,171,1.666503228176728e-28,2.9618866282410745e-29,0.9999999999999993,-2.220446049250313e-15,7.017591472588909e-14,84648,1354368,0.6545416119988658,0.35909226196963573,387,complete,False,a250ae81afc363466076dd397784dfa7e178223a,f2b6f21f8cfddcca,1.0.0
graph_ordering,full,True,cycle,16,16,3,7,-1,natural,30,2,"[2, 2, 2, 2, 2, 2, 2, 2, 2, 2, 2, 2, 2, 2, 2]",4,4,1e-14,4,4,3.7333333333333334,1.7750765935350643,1.4503251907979382,2.0909379608963983,64,"[0.858034, 1.622325, 2.00233, 1.898313, 1.861829, 1.856579, 1.750682, 1.184953, 1.707894, 1.672784, 1.596289, 2.090938, 1.831055, 1.420528, 0.863438]",84,42,0.25445799006971276,0.0749328085844482,0.8783959551578617,0.21779659203045976,0.480785521762603,424,6784,0.0395157270013442,0.006664760003332049,132,complete,False,a250ae81afc363466076dd397784dfa7e178223a,f2b6f21f8cfddcca,1.0.0
graph_ordering,full,True,cycle,16,16,3,7,-1,natural,30,2,"[2, 2, 2, 2, 2, 2, 2, 2, 2, 2, 2, 2, 2, 2, 2]",8,8,1e-14,8,8,6.666666666666667,2.0500633731037254,1.5887283873723816,2.0909379608963983,64,"[0.858034, 1.622325, 2.00233, 1.898313, 1.861829, 1.856579, 1.750682, 1.184953, 1.707894, 1.672784, 1.596289, 2.090938, 1.831055, 1.420528, 0.863438]",84,42,0.006350693124450755,0.0014101306230330673,0.9968281182888828,0.005404550427820842,0.0735654301887867,1448,23168,0.0422804530007852,0.009759572016264428,132,complete,False,a250ae81afc363466076dd397784dfa7e178223a,f2b6f21f8cfddcca,1.0.0
graph_ordering,full,True,cycle,16,16,3,7,-1,natural,30,2,"[2, 2, 2, 2, 2, 2, 2, 2, 2, 2, 2, 2, 2, 2, 2]",16,16,1e-14,16,16,11.466666666666667,2.0908919755373834,1.614491611450087,2.0909379608963983,64,"[0.858034, 1.622325, 2.00233, 1.898313, 1.861829, 1.856579, 1.750682, 1.184953, 1.707894, 1.672784, 1.596289, 2.090938, 1.831055, 1.420528, 0.863438]",84,42,8.914062355715992e-06,6.358506790748883e-06,0.9999955429674907,8.909439767501581e-06,0.002984871791585014,4776,76416,0.05272969499856117,0.016201210013605305,132,complete,False,a250ae81afc363466076dd397784dfa7e178223a,f2b6f21f8cfddcca,1.0.0
graph_ordering,full,True,cycle,16,16,3,7,-1,natural,30,2,"[2, 2, 2, 2, 2, 2, 2, 2, 2, 2, 2, 2, 2, 2, 2]",32,32,1e-14,32,32,18.933333333333334,2.090937958013226,1.6145314529086685,2.0909379608963983,64,"[0.858034, 1.622325, 2.00233, 1.898313, 1.861829, 1.856579, 1.750682, 1.184953, 1.707894, 1.672784, 1.596289, 2.090938, 1.831055, 1.420528, 0.863438]",84,42,3.0775939160236584e-10,2.2973682953228418e-10,0.9999999998461205,3.0776137194266084e-10,1.754307246765991e-05,15016,240256,0.07111309199899551,0.02849060001062753,132,complete,False,a250ae81afc363466076dd397784dfa7e178223a,f2b6f21f8cfddcca,1.0.0
graph_ordering,full,True,cycle,16,16,3,7,-1,natural,30,2,"[2, 2, 2, 2, 2, 2, 2, 2, 2, 2, 2, 2, 2, 2, 2]",64,64,1e-14,64,64,29.6,2.0909379608963983,1.614531456631925,2.0909379608963983,64,"[0.858034, 1.622325, 2.00233, 1.898313, 1.861829, 1.856579, 1.750682, 1.184953, 1.707894, 1.672784, 1.596289, 2.090938, 1.831055, 1.420528, 0.863438]",84,42,3.9095379197456065e-30,7.7666459354560325e-31,1.0,4.440892098500626e-16,1.8550368742294702e-14,43688,699008,0.07584654300080729,0.0334190640005545,132,complete,False,a250ae81afc363466076dd397784dfa7e178223a,f2b6f21f8cfddcca,1.0.0
graph_ordering,full,True,cycle,16,16,3,7,-1,natural,30,2,"[2, 2, 2, 2, 2, 2, 2, 2, 2, 2, 2, 2, 2, 2, 2]",-1,untruncated,1e-14,64,64,29.6,2.090937960896397,1.6145314566319244,2.0909379608963983,64,"[0.858034, 1.622325, 2.00233, 1.898313, 1.861829, 1.856579, 1.750682, 1.184953, 1.707894, 1.672784, 1.596289, 2.090938, 1.831055, 1.420528, 0.863438]",84,42,3.9095379197456065e-30,7.7666459354560325e-31,1.0,4.440892098500626e-16,1.8550368742294702e-14,43688,699008,0.07265047599867103,0.03327960999740753,132,complete,False,a250ae81afc363466076dd397784dfa7e178223a,f2b6f21f8cfddcca,1.0.0
graph_ordering,full,True,cycle,16,16,3,7,-1,bfs,30,2,"[2, 2, 2, 2, 2, 2, 2, 2, 2, 2, 2, 2, 2, 2, 2]",4,4,1e-14,4,4,3.7333333333333334,1.854595946917819,1.4153257847048057,2.298399620341176,64,"[0.858034, 1.622325, 1.5943, 1.78978, 1.857329, 1.726356, 2.087434, 2.046481, 2.2984, 2.292175, 1.797501, 1.691089, 1.74383, 1.045588, 0.792885]",84,42,0.2565356191350779,0.07647934596418625,0.8774007194973157,0.22412730418555948,0.4881877476095858,424,6784,0.04587543199886568,0.007820912996976404,132,complete,False,a250ae81afc363466076dd397784dfa7e178223a,f2b6f21f8cfddcca,1.0.0
graph_ordering,full,True,cycle,16,16,3,7,-1,bfs,30,2,"[2, 2, 2, 2, 2, 2, 2, 2, 2, 2, 2, 2, 2, 2, 2]",8,8,1e-14,8,8,6.666666666666667,2.099581438076113,1.5870258904398085,2.298399620341176,64,"[0.858034, 1.622325, 1.5943, 1.78978, 1.857329, 1.726356, 2.087434, 2.046481, 2.2984, 2.292175, 1.797501, 1.691089, 1.74383, 1.045588, 0.792885]",84,42,0.07141828589741386,0.017674477873737313,0.9647595857419266,0.06342453135183845,0.25389646373583724,1448,23168,0.05428591900090396,0.011356660013916553,132,complete,False,a250ae81afc363466076dd397784dfa7e178223a,f2b6f21f8cfddcca,1.0.0
graph_ordering,full,True,cycle,16,16,3,7,-1,bfs,30,2,"[2, 2, 2, 2, 2, 2, 2, 2, 2, 2, 2, 2, 2, 2, 2]",16,16,1e-14,16,16,11.466666666666667,2.2982263445519564,1.6825652107794768,2.298399620341176,64,"[0.858034, 1.622325, 1.5943, 1.78978, 1.857329, 1.726356, 2.087434, 2.046481, 2.2984, 2.292175, 1.797501, 1.691089, 1.74383, 1.045588, 0.792885]",84,42,0.00010395977822180954,7.146005662618699e-05,0.9999480200995929,8.654197759772053e-05,0.00930289471392384,4776,76416,0.06139613699997426,0.01723593001770496,132,complete,False,a250ae81afc363466076dd397784dfa7e178223a,f2b6f21f8cfddcca,1.0.0
graph_ordering,full,True,cycle,16,16,3,7,-1,bfs,30,2,"[2, 2, 2, 2, 2, 2, 2, 2, 2, 2, 2, 2, 2, 2, 2]",32,32,1e-14,32,32,18.933333333333334,2.2983993180748787,1.6829003237802973,2.298399620341176,64,"[0.858034, 1.622325, 1.5943, 1.78978, 1.857329, 1.726356, 2.087434, 2.046481, 2.2984, 2.292175, 1.797501, 1.691089, 1.74383, 1.045588, 0.792885]",84,42,3.572639053146058e-08,2.0265729554669342e-08,0.9999999821368049,3.186803665400362e-08,0.00017851621095677915,15016,240256,0.08188893800070218,0.030585149988837657,132,complete,False,a250ae81afc363466076dd397784dfa7e178223a,f2b6f21f8cfddcca,1.0.0
graph_ordering,full,True,cycle,16,16,3,7,-1,bfs,30,2,"[2, 2, 2, 2, 2, 2, 2, 2, 2, 2, 2, 2, 2, 2, 2]",64,64,1e-14,64,64,29.6,2.298399620341176,1.682900510736471,2.298399620341176,64,"[0.858034, 1.622325, 1.5943, 1.78978, 1.857329, 1.726356, 2.087434, 2.046481, 2.2984, 2.292175, 1.797501, 1.691089, 1.74383, 1.045588, 0.792885]",84,42,2.0362627892970285e-30,6.941306649074373e-31,0.9999999999999999,4.440892098500626e-16,2.133682634240064e-14,43688,699008,0.1066811359996791,0.052159251985358424,132,complete,False,a250ae81afc363466076dd397784dfa7e178223a,f2b6f21f8cfddcca,1.0.0
graph_ordering,full,True,cycle,16,16,3,7,-1,bfs,30,2,"[2, 2, 2, 2, 2, 2, 2, 2, 2, 2, 2, 2, 2, 2, 2]",-1,untruncated,1e-14,64,64,29.6,2.2983996203411756,1.682900510736471,2.298399620341176,64,"[0.858034, 1.622325, 1.5943, 1.78978, 1.857329, 1.726356, 2.087434, 2.046481, 2.2984, 2.292175, 1.797501, 1.691089, 1.74383, 1.045588, 0.792885]",84,42,2.0362627892970285e-30,6.941306649074373e-31,0.9999999999999999,4.440892098500626e-16,2.133682634240064e-14,43688,699008,0.1026194249989203,0.04669288100922131,132,complete,False,a250ae81afc363466076dd397784dfa7e178223a,f2b6f21f8cfddcca,1.0.0
graph_ordering,full,True,cycle,16,16,3,7,-1,rcm,30,2,"[2, 2, 2, 2, 2, 2, 2, 2, 2, 2, 2, 2, 2, 2, 2]",4,4,1e-14,4,4,3.7333333333333334,1.8545959469178208,1.4153257847048053,2.29839962034117,64,"[0.792885, 1.045588, 1.74383, 1.691089, 1.797501, 2.292175, 2.2984, 2.046481, 2.087434, 1.726356, 1.857329, 1.78978, 1.5943, 1.622325, 0.858034]",84,42,0.2565356191350775,0.0764793459641863,0.8774007194973159,0.22412730418556004,0.48818774760958766,424,6784,0.04821845399965241,0.007660210987523897,132,complete,False,a250ae81afc363466076dd397784dfa7e178223a,f2b6f21f8cfddcca,1.0.0
graph_ordering,full,True,cycle,16,16,3,7,-1,rcm,30,2,"[2, 2, 2, 2, 2, 2, 2, 2, 2, 2, 2, 2, 2, 2, 2]",8,8,1e-14,8,8,6.666666666666667,2.0995814380761115,1.5870258904398087,2.29839962034117,64,"[0.792885, 1.045588, 1.74383, 1.691089, 1.797501, 2.292175, 2.2984, 2.046481, 2.087434, 1.726356, 1.857329, 1.78978, 1.5943, 1.622325, 0.858034]",84,42,0.07141828589741428,0.017674477873737673,0.9647595857419266,0.06342453135183701,0.25389646373583774,1448,23168,0.05195752799954789,0.010801270998854307,132,complete,False,a250ae81afc363466076dd397784dfa7e178223a,f2b6f21f8cfddcca,1.0.0
graph_ordering,full,True,cycle,16,16,3,7,-1,rcm,30,2,"[2, 2, 2, 2, 2, 2, 2, 2, 2, 2, 2, 2, 2, 2, 2]",16,16,1e-14,16,16,11.466666666666667,2.2982263445519466,1.6825652107794724,2.29839962034117,64,"[0.792885, 1.045588, 1.74383, 1.691089, 1.797501, 2.292175, 2.2984, 2.046481, 2.087434, 1.726356, 1.857329, 1.78978, 1.5943, 1.622325, 0.858034]",84,42,0.00010395977822181014,7.146005662618697e-05,0.9999480200995936,8.654197759816462e-05,0.009302894713923888,4776,76416,0.06067374300073425,0.01701514600063092,132,complete,False,a250ae81afc363466076dd397784dfa7e178223a,f2b6f21f8cfddcca,1.0.0
graph_ordering,full,True,cycle,16,16,3,7,-1,rcm,30,2,"[2, 2, 2, 2, 2, 2, 2, 2, 2, 2, 2, 2, 2, 2, 2]",32,32,1e-14,32,32,18.933333333333334,2.2983993180748694,1.6829003237802924,2.29839962034117,64,"[0.792885, 1.045588, 1.74383, 1.691089, 1.797501, 2.292175, 2.2984, 2.046481, 2.087434, 1.726356, 1.857329, 1.78978, 1.5943, 1.622325, 0.858034]",84,42,3.5726390531463395e-08,2.0265729554670553e-08,0.999999982136805,3.186803820831585e-08,0.0001785162109567878,15016,240256,0.07907428900034574,0.030773704003877356,132,complete,False,a250ae81afc363466076dd397784dfa7e178223a,f2b6f21f8cfddcca,1.0.0
graph_ordering,full,True,cycle,16,16,3,7,-1,rcm,30,2,"[2, 2, 2, 2, 2, 2, 2, 2, 2, 2, 2, 2, 2, 2, 2]",64,64,1e-14,64,64,29.6,2.29839962034117,1.6829005107364665,2.29839962034117,64,"[0.792885, 1.045588, 1.74383, 1.691089, 1.797501, 2.292175, 2.2984, 2.046481, 2.087434, 1.726356, 1.857329, 1.78978, 1.5943, 1.622325, 0.858034]",84,42,2.5804142552219307e-30,6.561543980202882e-31,0.9999999999999999,0.0,1.724922871931887e-14,43688,699008,0.09741206000035163,0.04323374200248509,132,complete,False,a250ae81afc363466076dd397784dfa7e178223a,f2b6f21f8cfddcca,1.0.0
graph_ordering,full,True,cycle,16,16,3,7,-1,rcm,30,2,"[2, 2, 2, 2, 2, 2, 2, 2, 2, 2, 2, 2, 2, 2, 2]",-1,untruncated,1e-14,64,64,29.6,2.29839962034117,1.6829005107364665,2.29839962034117,64,"[0.792885, 1.045588, 1.74383, 1.691089, 1.797501, 2.292175, 2.2984, 2.046481, 2.087434, 1.726356, 1.857329, 1.78978, 1.5943, 1.622325, 0.858034]",84,42,2.5804142552219307e-30,6.561543980202882e-31,0.9999999999999999,0.0,1.724922871931887e-14,43688,699008,0.09968610499890929,0.04557075899174379,132,complete,False,a250ae81afc363466076dd397784dfa7e178223a,f2b6f21f8cfddcca,1.0.0
graph_ordering,full,True,cycle,16,16,3,7,-1,rand37,72,6,"[2, 2, 4, 6, 6, 6, 6, 6, 6, 6, 6, 6, 4, 4, 2]",4,4,1e-14,4,4,3.7333333333333334,1.7308967422494472,1.1237746967160982,4.45264956644078,256,"[0.879303, 1.259405, 2.033343, 2.931849, 3.476622, 4.085305, 4.070579, 4.032234, 4.45265, 3.990945, 3.693199, 3.304653, 2.392275, 1.702257, 0.863438]",336,168,2.1039019751715773,0.10771645898819812,0.3396027689180623,0.8815099372288313,1.1452302339615164,424,6784,0.12753384899951925,0.02352155902372033,384,complete,False,a250ae81afc363466076dd397784dfa7e178223a,f2b6f21f8cfddcca,1.0.0
graph_ordering,full,True,cycle,16,16,3,7,-1,rand37,72,6,"[2, 2, 4, 6, 6, 6, 6, 6, 6, 6, 6, 6, 4, 4, 2]",8,8,1e-14,8,8,6.666666666666667,2.5373133034730966,1.6984425108874563,4.45264956644078,256,"[0.879303, 1.259405, 2.033343, 2.931849, 3.476622, 4.085305, 4.070579, 4.032234, 4.45265, 3.990945, 3.693199, 3.304653, 2.392275, 1.702257, 0.863438]",336,168,1.2930336439145251,0.08005579759948706,0.5194467965090513,0.7158104298874294,0.966339138090704,1448,23168,0.15219085200078553,0.03936024498761981,384,complete,False,a250ae81afc363466076dd397784dfa7e178223a,f2b6f21f8cfddcca,1.0.0
graph_ordering,full,True,cycle,16,16,3,7,-1,rand37,72,6,"[2, 2, 4, 6, 6, 6, 6, 6, 6, 6, 6, 6, 4, 4, 2]",16,16,1e-14,16,16,11.466666666666667,3.3854139718260026,2.3106367398640604,4.45264956644078,256,"[0.879303, 1.259405, 2.033343, 2.931849, 3.476622, 4.085305, 4.070579, 4.032234, 4.45265, 3.990945, 3.693199, 3.304653, 2.392275, 1.702257, 0.863438]",336,168,0.5808706972258878,0.03520196527616912,0.7463636541044644,0.3790777746750631,0.6511740420798663,4776,76416,0.21658191200003785,0.0888603270323074,384,complete,False,a250ae81afc363466076dd397784dfa7e178223a,f2b6f21f8cfddcca,1.0.0
graph_ordering,full,True,cycle,16,16,3,7,-1,rand37,72,6,"[2, 2, 4, 6, 6, 6, 6, 6, 6, 6, 6, 6, 4, 4, 2]",32,32,1e-14,32,32,18.933333333333334,4.050375018665701,2.7055432639435884,4.45264956644078,256,"[0.879303, 1.259405, 2.033343, 2.931849, 3.476622, 4.085305, 4.070579, 4.032234, 4.45265, 3.990945, 3.693199, 3.304653, 2.392275, 1.702257, 0.863438]",336,168,0.13504835640096,0.013143110427707043,0.9345206090860546,0.0977889129898869,0.3167082936704556,15016,240256,0.4126080979986,0.2304856499977177,384,complete,False,a250ae81afc363466076dd397784dfa7e178223a,f2b6f21f8cfddcca,1.0.0
graph_ordering,full,True,cycle,16,16,3,7,-1,rand37,72,6,"[2, 2, 4, 6, 6, 6, 6, 6, 6, 6, 6, 6, 4, 4, 2]",64,64,1e-14,64,64,29.6,4.368716631117423,2.8418950179354643,4.45264956644078,256,"[0.879303, 1.259405, 2.033343, 2.931849, 3.476622, 4.085305, 4.070579, 4.032234, 4.45265, 3.990945, 3.693199, 3.304653, 2.392275, 1.702257, 0.863438]",336,168,0.01696680017559991,0.0033250300905311144,0.9915452461698477,0.011351654329672889,0.1066960800507104,43688,699008,0.9110910420004075,0.5915632490050484,384,complete,False,a250ae81afc363466076dd397784dfa7e178223a,f2b6f21f8cfddcca,1.0.0
graph_ordering,full,True,cycle,16,16,3,7,-1,rand37,72,6,"[2, 2, 4, 6, 6, 6, 6, 6, 6, 6, 6, 6, 4, 4, 2]",-1,untruncated,1e-14,256,256,50.93333333333333,4.452649566440781,2.8778705354998233,4.45264956644078,256,"[0.879303, 1.259405, 2.033343, 2.931849, 3.476622, 4.085305, 4.070579, 4.032234, 4.45265, 3.990945, 3.693199, 3.304653, 2.392275, 1.702257, 0.863438]",336,168,9.964741181189471e-29,1.7714964390993825e-29,1.0,4.440892098500626e-16,4.512474002224412e-14,174760,2796160,2.3581423020004877,1.5866737190262938,384,complete,False,a250ae81afc363466076dd397784dfa7e178223a,f2b6f21f8cfddcca,1.0.0
graph_ordering,full,True,cycle,16,16,3,7,-1,rand41,76,10,"[2, 2, 2, 4, 4, 6, 8, 8, 10, 8, 6, 6, 4, 4, 2]",4,4,1e-14,4,4,3.7333333333333334,1.5874057190382203,1.1350296909987783,4.738908022056005,256,"[0.971823, 1.259405, 1.360369, 2.175094, 2.855311, 3.383549, 3.974459, 4.5585, 4.738908, 3.957902, 3.218206, 3.343842, 2.567596, 1.907741, 0.921795]",360,180,2.2287911666402906,0.15342823185579157,0.3182737780476472,0.9042880455269788,1.1752672147019128,424,6784,0.13081104299999424,0.023549543015178642,408,complete,False,a250ae81afc363466076dd397784dfa7e178223a,f2b6f21f8cfddcca,1.0.0
graph_ordering,full,True,cycle,16,16,3,7,-1,rand41,76,10,"[2, 2, 2, 4, 4, 6, 8, 8, 10, 8, 6, 6, 4, 4, 2]",8,8,1e-14,8,8,6.666666666666667,2.3397746171870573,1.5894527756061287,4.738908022056005,256,"[0.971823, 1.259405, 1.360369, 2.175094, 2.855311, 3.383549, 3.974459, 4.5585, 4.738908, 3.957902, 3.218206, 3.343842, 2.567596, 1.907741, 0.921795]",360,180,1.4163520179225884,0.07898069657191649,0.487770884202056,0.7487206336743553,0.9987214489314042,1448,23168,0.16015270499883627,0.04082274197935476,408,complete,False,a250ae81afc363466076dd397784dfa7e178223a,f2b6f21f8cfddcca,1.0.0
graph_ordering,full,True,cycle,16,16,3,7,-1,rand41,76,10,"[2, 2, 2, 4, 4, 6, 8, 8, 10, 8, 6, 6, 4, 4, 2]",16,16,1e-14,16,16,11.466666666666667,3.1901237531608455,2.0132833988867085,4.738908022056005,256,"[0.971823, 1.259405, 1.360369, 2.175094, 2.855311, 3.383549, 3.974459, 4.5585, 4.738908, 3.957902, 3.218206, 3.343842, 2.567596, 1.907741, 0.921795]",360,180,0.7693104919509078,0.04081794154404066,0.6784642186666662,0.47437027027929124,0.7416154503932458,4776,76416,0.2315321620008035,0.09728336799162207,408,complete,False,a250ae81afc363466076dd397784dfa7e178223a,f2b6f21f8cfddcca,1.0.0
graph_ordering,full,True,cycle,16,16,3,7,-1,rand41,76,10,"[2, 2, 2, 4, 4, 6, 8, 8, 10, 8, 6, 6, 4, 4, 2]",32,32,1e-14,32,32,18.933333333333334,3.9839451280067033,2.373920261146395,4.738908022056005,256,"[0.971823, 1.259405, 1.360369, 2.175094, 2.855311, 3.383549, 3.974459, 4.5585, 4.738908, 3.957902, 3.218206, 3.343842, 2.567596, 1.907741, 0.921795]",360,180,0.29497793582835646,0.021646714231657628,0.8622705038385006,0.18925024263674128,0.4462814458952123,15016,240256,0.47110955500102136,0.2708552639687696,408,complete,False,a250ae81afc363466076dd397784dfa7e178223a,f2b6f21f8cfddcca,1.0.0
graph_ordering,full,True,cycle,16,16,3,7,-1,rand41,76,10,"[2, 2, 2, 4, 4, 6, 8, 8, 10, 8, 6, 6, 4, 4, 2]",64,64,1e-14,64,64,29.6,4.515620684573683,2.628474297842133,4.738908022056005,256,"[0.971823, 1.259405, 1.360369, 2.175094, 2.855311, 3.383549, 3.974459, 4.5585, 4.738908, 3.957902, 3.218206, 3.343842, 2.567596, 1.907741, 0.921795]",360,180,0.05948600707319638,0.006612462200538897,0.970651650081506,0.041974058844353235,0.20597089104322086,43688,699008,1.2820042160001321,0.8586362660225859,408,complete,False,a250ae81afc363466076dd397784dfa7e178223a,f2b6f21f8cfddcca,1.0.0
graph_ordering,full,True,cycle,16,16,3,7,-1,rand41,76,10,"[2, 2, 2, 4, 4, 6, 8, 8, 10, 8, 6, 6, 4, 4, 2]",-1,untruncated,1e-14,256,256,50.93333333333333,4.7389080220560045,2.746299885697505,4.738908022056005,256,"[0.971823, 1.259405, 1.360369, 2.175094, 2.855311, 3.383549, 3.974459, 4.5585, 4.738908, 3.957902, 3.218206, 3.343842, 2.567596, 1.907741, 0.921795]",360,180,5.223073910552842e-28,1.8153815257837563e-28,1.0000000000000002,4.440892098500626e-16,5.5681659085062165e-14,174760,2796160,3.4654538440008764,2.245917764998012,408,complete,False,a250ae81afc363466076dd397784dfa7e178223a,f2b6f21f8cfddcca,1.0.0
graph_ordering,full,True,cycle,16,16,3,7,-1,rand43,76,8,"[2, 4, 6, 6, 8, 8, 6, 4, 6, 6, 6, 6, 4, 2, 2]",4,4,1e-14,4,4,3.7333333333333334,1.6095298852599207,0.9510231603270878,3.8504943753160488,256,"[0.773938, 1.566823, 2.471691, 3.01982, 3.839274, 3.850494, 3.470514, 2.878496, 3.778507, 3.094361, 3.40406, 3.200799, 2.369128, 1.508267, 0.839737]",360,180,1.8880620619834811,0.16809981480727532,0.37844116462338295,0.851386838654163,1.1085993180169795,424,6784,0.12759982399984438,0.023317072995268973,408,complete,False,a250ae81afc363466076dd397784dfa7e178223a,f2b6f21f8cfddcca,1.0.0
graph_ordering,full,True,cycle,16,16,3,7,-1,rand43,76,8,"[2, 4, 6, 6, 8, 8, 6, 4, 6, 6, 6, 6, 4, 2, 2]",8,8,1e-14,8,8,6.666666666666667,2.1376507071165767,1.4295933251744926,3.8504943753160488,256,"[0.773938, 1.566823, 2.471691, 3.01982, 3.839274, 3.850494, 3.470514, 2.878496, 3.778507, 3.094361, 3.40406, 3.200799, 2.369128, 1.508267, 0.839737]",360,180,1.0799817967328778,0.06621917722200743,0.5788174011272763,0.638521306552962,0.8930498510433199,1448,23168,0.15296393899916438,0.03981707399543666,408,complete,False,a250ae81afc363466076dd397784dfa7e178223a,f2b6f21f8cfddcca,1.0.0
graph_ordering,full,True,cycle,16,16,3,7,-1,rand43,76,8,"[2, 4, 6, 6, 8, 8, 6, 4, 6, 6, 6, 6, 4, 2, 2]",16,16,1e-14,16,16,11.466666666666667,2.921060872875335,1.9819854252945746,3.8504943753160488,256,"[0.773938, 1.566823, 2.471691, 3.01982, 3.839274, 3.850494, 3.470514, 2.878496, 3.778507, 3.094361, 3.40406, 3.200799, 2.369128, 1.508267, 0.839737]",360,180,0.5206206727623781,0.046257212413539125,0.7690943244858516,0.3576456291418584,0.6301267634640706,4776,76416,0.22375103100057459,0.0895343000011053,408,complete,False,a250ae81afc363466076dd397784dfa7e178223a,f2b6f21f8cfddcca,1.0.0
graph_ordering,full,True,cycle,16,16,3,7,-1,rand43,76,8,"[2, 4, 6, 6, 8, 8, 6, 4, 6, 6, 6, 6, 4, 2, 2]",32,32,1e-14,32,32,18.933333333333334,3.667325225661584,2.502380412055509,3.8504943753160488,256,"[0.773938, 1.566823, 2.471691, 3.01982, 3.839274, 3.850494, 3.470514, 2.878496, 3.778507, 3.094361, 3.40406, 3.200799, 2.369128, 1.508267, 0.839737]",360,180,0.10771835032336939,0.021719405319715158,0.9473582745716284,0.07768287833953247,0.2815193484102884,15016,240256,0.3998043190003955,0.22836807500243594,408,complete,False,a250ae81afc363466076dd397784dfa7e178223a,f2b6f21f8cfddcca,1.0.0
graph_ordering,full,True,cycle,16,16,3,7,-1,rand43,76,8,"[2, 4, 6, 6, 8, 8, 6, 4, 6, 6, 6, 6, 4, 2, 2]",64,64,1e-14,64,64,29.6,3.837618783451614,2.665118940153992,3.8504943753160488,256,"[0.773938, 1.566823, 2.471691, 3.01982, 3.839274, 3.850494, 3.470514, 2.878496, 3.778507, 3.094361, 3.40406, 3.200799, 2.369128, 1.508267, 0.839737]",360,180,0.0027024273418060868,0.0014272329419148405,0.9986491434940593,0.0016967194064164692,0.04119999674545704,43688,699008,0.9012488049993408,0.5794532739982969,408,complete,False,a250ae81afc363466076dd397784dfa7e178223a,f2b6f21f8cfddcca,1.0.0
graph_ordering,full,True,cycle,16,16,3,7,-1,rand43,76,8,"[2, 4, 6, 6, 8, 8, 6, 4, 6, 6, 6, 6, 4, 2, 2]",-1,untruncated,1e-14,256,256,50.93333333333333,3.850494375316047,2.671060615323645,3.8504943753160488,256,"[0.773938, 1.566823, 2.471691, 3.01982, 3.839274, 3.850494, 3.470514, 2.878496, 3.778507, 3.094361, 3.40406, 3.200799, 2.369128, 1.508267, 0.839737]",360,180,2.8746032551817773e-28,1.0252724738020367e-28,1.0,4.440892098500626e-16,7.16701099726658e-14,174760,2796160,1.4506282139991526,0.9315534249963093,408,complete,False,a250ae81afc363466076dd397784dfa7e178223a,f2b6f21f8cfddcca,1.0.0
graph_ordering,full,True,cycle,16,16,3,11,-1,natural,30,2,"[2, 2, 2, 2, 2, 2, 2, 2, 2, 2, 2, 2, 2, 2, 2]",4,4,1e-14,4,4,3.7333333333333334,1.734760381842921,1.2351949921035705,1.9666529390030814,64,"[0.838078, 1.249747, 1.479397, 1.754801, 1.522226, 1.687368, 1.426659, 1.236541, 1.19959, 1.720469, 1.792759, 1.846051, 1.966653, 1.531862, 0.858315]",84,42,0.12212153495805639,0.030611910842050213,0.9402344613494874,0.11240297047298153,0.3402243948066015,424,6784,0.03697983299935004,0.006690606987831416,132,complete,False,a250ae81afc363466076dd397784dfa7e178223a,f2b6f21f8cfddcca,1.0.0
graph_ordering,full,True,cycle,16,16,3,11,-1,natural,30,2,"[2, 2, 2, 2, 2, 2, 2, 2, 2, 2, 2, 2, 2, 2, 2]",8,8,1e-14,8,8,6.666666666666667,1.9008335838369814,1.3917909536456685,1.9666529390030814,64,"[0.838078, 1.249747, 1.479397, 1.754801, 1.522226, 1.687368, 1.426659, 1.236541, 1.19959, 1.720469, 1.792759, 1.846051, 1.966653, 1.531862, 0.858315]",84,42,0.028009905316759988,0.007822411439878961,0.9860594875630518,0.026819894845724557,0.1643233829939816,1448,23168,0.04311886299910839,0.010074238000015612,132,complete,False,a250ae81afc363466076dd397784dfa7e178223a,f2b6f21f8cfddcca,1.0.0
graph_ordering,full,True,cycle,16,16,3,11,-1,natural,30,2,"[2, 2, 2, 2, 2, 2, 2, 2, 2, 2, 2, 2, 2, 2, 2]",16,16,1e-14,16,16,11.466666666666667,1.9666146140659404,1.4739188557518004,1.9666529390030814,64,"[0.838078, 1.249747, 1.479397, 1.754801, 1.522226, 1.687368, 1.426659, 1.236541, 1.19959, 1.720469, 1.792759, 1.846051, 1.966653, 1.531862, 0.858315]",84,42,2.9756029510601744e-05,9.977568003503743e-06,0.9999851220481554,2.9755682128596028e-05,0.005454897201656419,4776,76416,0.04953612400095153,0.015592885014484636,132,complete,False,a250ae81afc363466076dd397784dfa7e178223a,f2b6f21f8cfddcca,1.0.0
graph_ordering,full,True,cycle,16,16,3,11,-1,natural,30,2,"[2, 2, 2, 2, 2, 2, 2, 2, 2, 2, 2, 2, 2, 2, 2]",32,32,1e-14,32,32,18.933333333333334,1.9666529290532146,1.4740342617741917,1.9666529390030814,64,"[0.838078, 1.249747, 1.479397, 1.754801, 1.522226, 1.687368, 1.426659, 1.236541, 1.19959, 1.720469, 1.792759, 1.846051, 1.966653, 1.531862, 0.858315]",84,42,2.2919485462728777e-09,1.1780781115522234e-09,0.9999999988540257,2.2919495190620864e-09,4.787429943007808e-05,15016,240256,0.06610041999920213,0.027860391011927277,132,complete,False,a250ae81afc363466076dd397784dfa7e178223a,f2b6f21f8cfddcca,1.0.0
graph_ordering,full,True,cycle,16,16,3,11,-1,natural,30,2,"[2, 2, 2, 2, 2, 2, 2, 2, 2, 2, 2, 2, 2, 2, 2]",64,64,1e-14,64,64,29.6,1.9666529390030814,1.4740342913739783,1.9666529390030814,64,"[0.838078, 1.249747, 1.479397, 1.754801, 1.522226, 1.687368, 1.426659, 1.236541, 1.19959, 1.720469, 1.792759, 1.846051, 1.966653, 1.531862, 0.858315]",84,42,1.2029465387761175e-30,3.3297471784954117e-31,1.0,1.7763568394002505e-15,2.594857276356225e-14,43688,699008,0.07215802899918344,0.032855122999535524,132,complete,False,a250ae81afc363466076dd397784dfa7e178223a,f2b6f21f8cfddcca,1.0.0
graph_ordering,full,True,cycle,16,16,3,11,-1,natural,30,2,"[2, 2, 2, 2, 2, 2, 2, 2, 2, 2, 2, 2, 2, 2, 2]",-1,untruncated,1e-14,64,64,29.6,1.9666529390030825,1.4740342913739781,1.9666529390030814,64,"[0.838078, 1.249747, 1.479397, 1.754801, 1.522226, 1.687368, 1.426659, 1.236541, 1.19959, 1.720469, 1.792759, 1.846051, 1.966653, 1.531862, 0.858315]",84,42,1.2029465387761175e-30,3.3297471784954117e-31,1.0,1.7763568394002505e-15,2.594857276356225e-14,43688,699008,0.0703468689989677,0.03259023699865793,132,complete,False,a250ae81afc363466076dd397784dfa7e178223a,f2b6f21f8cfddcca,1.0.0
graph_ordering,full,True,cycle,16,16,3,11,-1,bfs,30,2,"[2, 2, 2, 2, 2, 2, 2, 2, 2, 2, 2, 2, 2, 2, 2]",4,4,1e-14,4,4,3.7333333333333334,1.4095420221008175,0.9690038276453279,1.747937915678332,64,"[0.838078, 1.249747, 1.038617, 1.129459, 1.293468, 1.553138, 1.747938, 1.515362, 1.335161, 1.500303, 1.429494, 1.167546, 1.085766, 0.872918, 0.243618]",84,42,0.1853820135105726,0.023523205016742096,0.9110097529103584,0.1466506191006336,0.39046352797035205,424,6784,0.04346386399993207,0.00713976599763555,132,complete,False,a250ae81afc363466076dd397784dfa7e178223a,f2b6f21f8cfddcca,1.0.0
graph_ordering,full,True,cycle,16,16,3,11,-1,bfs,30,2,"[2, 2, 2, 2, 2, 2, 2, 2, 2, 2, 2, 2, 2, 2, 2]",8,8,1e-14,8,8,6.666666666666667,1.662125706800304,1.1518165344973323,1.747937915678332,64,"[0.838078, 1.249747, 1.038617, 1.129459, 1.293468, 1.553138, 1.747938, 1.515362, 1.335161, 1.500303, 1.429494, 1.167546, 1.085766, 0.872918, 0.243618]",84,42,0.020435934245443915,0.004170212771032596,0.989823374961133,0.01704329299827212,0.13083018366428018,1448,23168,0.04946759000085876,0.010809743016579887,132,complete,False,a250ae81afc363466076dd397784dfa7e178223a,f2b6f21f8cfddcca,1.0.0
graph_ordering,full,True,cycle,16,16,3,11,-1,bfs,30,2,"[2, 2, 2, 2, 2, 2, 2, 2, 2, 2, 2, 2, 2, 2, 2]",16,16,1e-14,16,16,11.466666666666667,1.7475707869148487,1.199843364202064,1.747937915678332,64,"[0.838078, 1.249747, 1.038617, 1.129459, 1.293468, 1.553138, 1.747938, 1.515362, 1.335161, 1.500303, 1.429494, 1.167546, 1.085766, 0.872918, 0.243618]",84,42,3.812866974854435e-05,1.0691715668506345e-05,0.9999809357900096,3.506445048118145e-05,0.005921550292307356,4776,76416,0.05761289700058114,0.01658974800739088,132,complete,False,a250ae81afc363466076dd397784dfa7e178223a,f2b6f21f8cfddcca,1.0.0
graph_ordering,full,True,cycle,16,16,3,11,-1,bfs,30,2,"[2, 2, 2, 2, 2, 2, 2, 2, 2, 2, 2, 2, 2, 2, 2]",32,32,1e-14,32,32,18.933333333333334,1.7479368962472466,1.200040256046695,1.747937915678332,64,"[0.838078, 1.249747, 1.038617, 1.129459, 1.293468, 1.553138, 1.747938, 1.515362, 1.335161, 1.500303, 1.429494, 1.167546, 1.085766, 0.872918, 0.243618]",84,42,8.642743843882e-08,2.8554030083618876e-08,0.9999999567862818,8.15548916177633e-08,0.000285578170502243,15016,240256,0.07962122299977636,0.03088236300209246,132,complete,False,a250ae81afc363466076dd397784dfa7e178223a,f2b6f21f8cfddcca,1.0.0
graph_ordering,full,True,cycle,16,16,3,11,-1,bfs,30,2,"[2, 2, 2, 2, 2, 2, 2, 2, 2, 2, 2, 2, 2, 2, 2]",64,64,1e-14,64,64,29.6,1.747937915678332,1.2000409228333768,1.747937915678332,64,"[0.838078, 1.249747, 1.038617, 1.129459, 1.293468, 1.553138, 1.747938, 1.515362, 1.335161, 1.500303, 1.429494, 1.167546, 1.085766, 0.872918, 0.243618]",84,42,1.4208297767416922e-30,3.473269528937414e-31,1.0000000000000004,1.3322676295501878e-15,3.5391077754193886e-14,43688,699008,0.0983549229986238,0.04526437000822625,132,complete,False,a250ae81afc363466076dd397784dfa7e178223a,f2b6f21f8cfddcca,1.0.0
graph_ordering,full,True,cycle,16,16,3,11,-1,bfs,30,2,"[2, 2, 2, 2, 2, 2, 2, 2, 2, 2, 2, 2, 2, 2, 2]",-1,untruncated,1e-14,64,64,29.6,1.7479379156783326,1.200040922833377,1.747937915678332,64,"[0.838078, 1.249747, 1.038617, 1.129459, 1.293468, 1.553138, 1.747938, 1.515362, 1.335161, 1.500303, 1.429494, 1.167546, 1.085766, 0.872918, 0.243618]",84,42,1.4208297767416922e-30,3.473269528937414e-31,1.0000000000000004,1.3322676295501878e-15,3.5391077754193886e-14,43688,699008,0.1023444920010661,0.04686246399069205,132,complete,False,a250ae81afc363466076dd397784dfa7e178223a,f2b6f21f8cfddcca,1.0.0
graph_ordering,full,True,cycle,16,16,3,11,-1,rcm,30,2,"[2, 2, 2, 2, 2, 2, 2, 2, 2, 2, 2, 2, 2, 2, 2]",4,4,1e-14,4,4,3.7333333333333334,1.4095420221008148,0.9690038276453277,1.7479379156783341,64,"[0.243618, 0.872918, 1.085766, 1.167546, 1.429494, 1.500303, 1.335161, 1.515362, 1.747938, 1.553138, 1.293468, 1.129459, 1.038617, 1.249747, 0.838078]",84,42,0.18538201351057282,0.023523205016742106,0.9110097529103581,0.14665061910063404,0.39046352797034906,424,6784,0.04493210500004352,0.007226319996334496,132,complete,False,a250ae81afc363466076dd397784dfa7e178223a,f2b6f21f8cfddcca,1.0.0
graph_ordering,full,True,cycle,16,16,3,11,-1,rcm,30,2,"[2, 2, 2, 2, 2, 2, 2, 2, 2, 2, 2, 2, 2, 2, 2]",8,8,1e-14,8,8,6.666666666666667,1.6621257068003108,1.151816534497331,1.7479379156783341,64,"[0.243618, 0.872918, 1.085766, 1.167546, 1.429494, 1.500303, 1.335161, 1.515362, 1.747938, 1.553138, 1.293468, 1.129459, 1.038617, 1.249747, 0.838078]",84,42,0.020435934245443824,0.004170212771032455,0.9898233749611332,0.017043292998273007,0.13083018366428018,1448,23168,0.051049518999207066,0.010966784988340805,132,complete,False,a250ae81afc363466076dd397784dfa7e178223a,f2b6f21f8cfddcca,1.0.0
graph_ordering,full,True,cycle,16,16,3,11,-1,rcm,30,2,"[2, 2, 2, 2, 2, 2, 2, 2, 2, 2, 2, 2, 2, 2, 2]",16,16,1e-14,16,16,11.466666666666667,1.747570786914859,1.1998433642020707,1.7479379156783341,64,"[0.243618, 0.872918, 1.085766, 1.167546, 1.429494, 1.500303, 1.335161, 1.515362, 1.747938, 1.553138, 1.293468, 1.129459, 1.038617, 1.249747, 0.838078]",84,42,3.8128669748545196e-05,1.0691715668506641e-05,0.9999809357900097,3.5064450480293274e-05,0.005921550292307325,4776,76416,0.0577155880000646,0.016642892001982545,132,complete,False,a250ae81afc363466076dd397784dfa7e178223a,f2b6f21f8cfddcca,1.0.0
graph_ordering,full,True,cycle,16,16,3,11,-1,rcm,30,2,"[2, 2, 2, 2, 2, 2, 2, 2, 2, 2, 2, 2, 2, 2, 2]",32,32,1e-14,32,32,18.933333333333334,1.7479368962472475,1.2000402560466992,1.7479379156783341,64,"[0.243618, 0.872918, 1.085766, 1.167546, 1.429494, 1.500303, 1.335161, 1.515362, 1.747938, 1.553138, 1.293468, 1.129459, 1.038617, 1.249747, 0.838078]",84,42,8.642743843883114e-08,2.8554030083623372e-08,0.9999999567862813,8.155489272798633e-08,0.00028557817050224143,15016,240256,0.07738390600025014,0.030281766992629855,132,complete,False,a250ae81afc363466076dd397784dfa7e178223a,f2b6f21f8cfddcca,1.0.0
graph_ordering,full,True,cycle,16,16,3,11,-1,rcm,30,2,"[2, 2, 2, 2, 2, 2, 2, 2, 2, 2, 2, 2, 2, 2, 2]",64,64,1e-14,64,64,29.6,1.7479379156783341,1.2000409228333795,1.7479379156783341,64,"[0.243618, 0.872918, 1.085766, 1.167546, 1.429494, 1.500303, 1.335161, 1.515362, 1.747938, 1.553138, 1.293468, 1.129459, 1.038617, 1.249747, 0.838078]",84,42,1.5072682512256875e-30,3.8198459123269186e-31,1.0000000000000002,1.3322676295501878e-15,2.107877962295321e-14,43688,699008,0.10255447199961054,0.04598445700321463,132,complete,False,a250ae81afc363466076dd397784dfa7e178223a,f2b6f21f8cfddcca,1.0.0
graph_ordering,full,True,cycle,16,16,3,11,-1,rcm,30,2,"[2, 2, 2, 2, 2, 2, 2, 2, 2, 2, 2, 2, 2, 2, 2]",-1,untruncated,1e-14,64,64,29.6,1.747937915678334,1.2000409228333795,1.7479379156783341,64,"[0.243618, 0.872918, 1.085766, 1.167546, 1.429494, 1.500303, 1.335161, 1.515362, 1.747938, 1.553138, 1.293468, 1.129459, 1.038617, 1.249747, 0.838078]",84,42,1.5072682512256875e-30,3.8198459123269186e-31,1.0000000000000002,1.3322676295501878e-15,2.107877962295321e-14,43688,699008,0.09663346099841874,0.04509023700848047,132,complete,False,a250ae81afc363466076dd397784dfa7e178223a,f2b6f21f8cfddcca,1.0.0
graph_ordering,full,True,cycle,16,16,3,11,-1,rand37,72,6,"[2, 2, 4, 6, 6, 6, 6, 6, 6, 6, 6, 6, 4, 4, 2]",4,4,1e-14,4,4,3.7333333333333334,1.4120546231200541,0.8675217716660842,3.3294338052453685,256,"[0.435878, 0.822494, 1.70016, 2.156006, 2.719952, 2.727583, 3.226593, 3.061523, 3.329434, 3.262881, 3.287213, 2.707795, 1.729074, 1.598546, 0.858315]",336,168,1.174132737435744,0.05555550879757539,0.551800497072051,0.6423085391442138,0.8965789163982318,424,6784,0.1228173550007341,0.022984705994531396,384,complete,False,a250ae81afc363466076dd397784dfa7e178223a,f2b6f21f8cfddcca,1.0.0
graph_ordering,full,True,cycle,16,16,3,11,-1,rand37,72,6,"[2, 2, 4, 6, 6, 6, 6, 6, 6, 6, 6, 6, 4, 4, 2]",8,8,1e-14,8,8,6.666666666666667,2.1934586960860734,1.3661453885574517,3.3294338052453685,256,"[0.435878, 0.822494, 1.70016, 2.156006, 2.719952, 2.727583, 3.226593, 3.061523, 3.329434, 3.262881, 3.287213, 2.707795, 1.729074, 1.598546, 0.858315]",336,168,0.6105987739158041,0.03840127675793744,0.7353885892010935,0.38523148899815807,0.657157893991774,1448,23168,0.1558917370002746,0.03925719398830552,384,complete,False,a250ae81afc363466076dd397784dfa7e178223a,f2b6f21f8cfddcca,1.0.0
graph_ordering,full,True,cycle,16,16,3,11,-1,rand37,72,6,"[2, 2, 4, 6, 6, 6, 6, 6, 6, 6, 6, 6, 4, 4, 2]",16,16,1e-14,16,16,11.466666666666667,2.7586510715669643,1.810402903375104,3.3294338052453685,256,"[0.435878, 0.822494, 1.70016, 2.156006, 2.719952, 2.727583, 3.226593, 3.061523, 3.329434, 3.262881, 3.287213, 2.707795, 1.729074, 1.598546, 0.858315]",336,168,0.229881582090309,0.016709059631951052,0.891151472977491,0.15477922928040078,0.40159957385241746,4776,76416,0.2160140899995895,0.08751853299690993,384,complete,False,a250ae81afc363466076dd397784dfa7e178223a,f2b6f21f8cfddcca,1.0.0
graph_ordering,full,True,cycle,16,16,3,11,-1,rand37,72,6,"[2, 2, 4, 6, 6, 6, 6, 6, 6, 6, 6, 6, 4, 4, 2]",32,32,1e-14,32,32,18.933333333333334,3.162768366767539,2.124842155302996,3.3294338052453685,256,"[0.435878, 0.822494, 1.70016, 2.156006, 2.719952, 2.727583, 3.226593, 3.061523, 3.329434, 3.262881, 3.287213, 2.707795, 1.729074, 1.598546, 0.858315]",336,168,0.04277202186532649,0.005678782037547936,0.9788178308585102,0.02842675213758339,0.16920902941727475,15016,240256,0.3987709470002301,0.22899095599314023,384,complete,False,a250ae81afc363466076dd397784dfa7e178223a,f2b6f21f8cfddcca,1.0.0
graph_ordering,full,True,cycle,16,16,3,11,-1,rand37,72,6,"[2, 2, 4, 6, 6, 6, 6, 6, 6, 6, 6, 6, 4, 4, 2]",64,64,1e-14,64,64,29.6,3.310316125336202,2.2320993592320373,3.3294338052453685,256,"[0.435878, 0.822494, 1.70016, 2.156006, 2.719952, 2.727583, 3.226593, 3.061523, 3.329434, 3.262881, 3.287213, 2.707795, 1.729074, 1.598546, 0.858315]",336,168,0.0023562853470883846,0.00031232844716887697,0.998822441788765,0.0014815039420430498,0.03849744228339382,43688,699008,0.8957639870004641,0.584987116026241,384,complete,False,a250ae81afc363466076dd397784dfa7e178223a,f2b6f21f8cfddcca,1.0.0
graph_ordering,full,True,cycle,16,16,3,11,-1,rand37,72,6,"[2, 2, 4, 6, 6, 6, 6, 6, 6, 6, 6, 6, 4, 4, 2]",-1,untruncated,1e-14,256,256,50.93333333333333,3.3294338052453685,2.241563166361307,3.3294338052453685,256,"[0.435878, 0.822494, 1.70016, 2.156006, 2.719952, 2.727583, 3.226593, 3.061523, 3.329434, 3.262881, 3.287213, 2.707795, 1.729074, 1.598546, 0.858315]",336,168,1.049636833573667e-28,3.994434695485744e-29,0.9999999999999999,0.0,9.085350538514862e-14,174760,2796160,1.9115479060001235,1.26641316201858,384,complete,False,a250ae81afc363466076dd397784dfa7e178223a,f2b6f21f8cfddcca,1.0.0
graph_ordering,full,True,cycle,16,16,3,11,-1,rand41,76,10,"[2, 2, 2, 4, 4, 6, 8, 8, 10, 8, 6, 6, 4, 4, 2]",4,4,1e-14,4,4,3.7333333333333334,1.4178607993536507,0.8193953277096298,3.986072523316194,256,"[0.669827, 0.822494, 0.704803, 1.528985, 1.969925, 2.453386, 3.272073, 3.899677, 3.986073, 3.291262, 2.668953, 2.181607, 1.938828, 1.506973, 0.985887]",360,180,1.136860919465949,0.08880549523371122,0.5602481092252162,0.6354308657480989,0.8901734591037963,424,6784,0.1298372390010627,0.02317512398440158,408,complete,False,a250ae81afc363466076dd397784dfa7e178223a,f2b6f21f8cfddcca,1.0.0
graph_ordering,full,True,cycle,16,16,3,11,-1,rand41,76,10,"[2, 2, 2, 4, 4, 6, 8, 8, 10, 8, 6, 6, 4, 4, 2]",8,8,1e-14,8,8,6.666666666666667,2.3343310898874625,1.2546518511768985,3.986072523316194,256,"[0.669827, 0.822494, 0.704803, 1.528985, 1.969925, 2.453386, 3.272073, 3.899677, 3.986073, 3.291262, 2.668953, 2.181607, 1.938828, 1.506973, 0.985887]",360,180,0.5552489895289076,0.05427508793157292,0.7553791562833188,0.3947181488994993,0.6663353225546932,1448,23168,0.16634804400018766,0.042279377001250396,408,complete,False,a250ae81afc363466076dd397784dfa7e178223a,f2b6f21f8cfddcca,1.0.0
graph_ordering,full,True,cycle,16,16,3,11,-1,rand41,76,10,"[2, 2, 2, 4, 4, 6, 8, 8, 10, 8, 6, 6, 4, 4, 2]",16,16,1e-14,16,16,11.466666666666667,3.077518211320318,1.6230099709411878,3.986072523316194,256,"[0.669827, 0.822494, 0.704803, 1.528985, 1.969925, 2.453386, 3.272073, 3.899677, 3.986073, 3.291262, 2.668953, 2.181607, 1.938828, 1.506973, 0.985887]",360,180,0.2523236820636553,0.028230866787327537,0.8809470794273266,0.19298295248579678,0.45090736157750405,4776,76416,0.22783584599892492,0.09449057097663172,408,complete,False,a250ae81afc363466076dd397784dfa7e178223a,f2b6f21f8cfddcca,1.0.0
graph_ordering,full,True,cycle,16,16,3,11,-1,rand41,76,10,"[2, 2, 2, 4, 4, 6, 8, 8, 10, 8, 6, 6, 4, 4, 2]",32,32,1e-14,32,32,18.933333333333334,3.583229079662307,1.8998185479739182,3.986072523316194,256,"[0.669827, 0.822494, 0.704803, 1.528985, 1.969925, 2.453386, 3.272073, 3.899677, 3.986073, 3.291262, 2.668953, 2.181607, 1.938828, 1.506973, 0.985887]",360,180,0.08474157787093142,0.011172671844288226,0.9584286898140625,0.06722254466320199,0.26151846575491233,15016,240256,0.4519178210011887,0.26563989100213803,408,complete,False,a250ae81afc363466076dd397784dfa7e178223a,f2b6f21f8cfddcca,1.0.0
graph_ordering,full,True,cycle,16,16,3,11,-1,rand41,76,10,"[2, 2, 2, 4, 4, 6, 8, 8, 10, 8, 6, 6, 4, 4, 2]",64,64,1e-14,64,64,29.6,3.9075288268068684,2.079904610268293,3.986072523316194,256,"[0.669827, 0.822494, 0.704803, 1.528985, 1.969925, 2.453386, 3.272073, 3.899677, 3.986073, 3.291262, 2.668953, 2.181607, 1.938828, 1.506973, 0.985887]",360,180,0.011900247810307216,0.0015868983222602983,0.9940651234354164,0.009399294893544186,0.09706433945132252,43688,699008,1.2668507649996172,0.8528644349826209,408,complete,False,a250ae81afc363466076dd397784dfa7e178223a,f2b6f21f8cfddcca,1.0.0
graph_ordering,full,True,cycle,16,16,3,11,-1,rand41,76,10,"[2, 2, 2, 4, 4, 6, 8, 8, 10, 8, 6, 6, 4, 4, 2]",-1,untruncated,1e-14,256,256,50.93333333333333,3.9860725233161944,2.1253835047016185,3.986072523316194,256,"[0.669827, 0.822494, 0.704803, 1.528985, 1.969925, 2.453386, 3.272073, 3.899677, 3.986073, 3.291262, 2.668953, 2.181607, 1.938828, 1.506973, 0.985887]",360,180,9.743626693258054e-29,2.405663201613631e-29,0.9999999999999998,1.3322676295501878e-15,7.242951111046328e-14,174760,2796160,3.5366100659994117,2.3001769979837263,408,complete,False,a250ae81afc363466076dd397784dfa7e178223a,f2b6f21f8cfddcca,1.0.0
graph_ordering,full,True,cycle,16,16,3,11,-1,rand43,76,8,"[2, 4, 6, 6, 8, 8, 6, 4, 6, 6, 6, 6, 4, 2, 2]",4,4,1e-14,4,4,3.7333333333333334,1.5934774785109453,0.8841592168315618,3.329891911700941,256,"[0.877666, 1.121284, 1.577218, 2.063026, 2.819585, 3.329892, 2.665622, 1.873896, 2.514632, 2.071505, 2.109001, 2.272282, 1.445208, 1.01436, 0.740581]",360,180,0.7975727268401123,0.06259715451260835,0.6681620008487863,0.5301848082940988,0.7931826252679054,424,6784,0.13329886099927535,0.023570154004119104,408,complete,False,a250ae81afc363466076dd397784dfa7e178223a,f2b6f21f8cfddcca,1.0.0
graph_ordering,full,True,cycle,16,16,3,11,-1,rand43,76,8,"[2, 4, 6, 6, 8, 8, 6, 4, 6, 6, 6, 6, 4, 2, 2]",8,8,1e-14,8,8,6.666666666666667,2.3969929763616276,1.2571486722258334,3.329891911700941,256,"[0.877666, 1.121284, 1.577218, 2.063026, 2.819585, 3.329892, 2.665622, 1.873896, 2.514632, 2.071505, 2.109001, 2.272282, 1.445208, 1.01436, 0.740581]",360,180,0.32987775963014027,0.03279946805995045,0.8471994682649363,0.22832957209579463,0.4930563097267333,1448,23168,0.16231412200068007,0.04057239998837758,408,complete,False,a250ae81afc363466076dd397784dfa7e178223a,f2b6f21f8cfddcca,1.0.0
graph_ordering,full,True,cycle,16,16,3,11,-1,rand43,76,8,"[2, 4, 6, 6, 8, 8, 6, 4, 6, 6, 6, 6, 4, 2, 2]",16,16,1e-14,16,16,11.466666666666667,2.930092753974994,1.6415084604324013,3.329891911700941,256,"[0.877666, 1.121284, 1.577218, 2.063026, 2.819585, 3.329892, 2.665622, 1.873896, 2.514632, 2.071505, 2.109001, 2.272282, 1.445208, 1.01436, 0.740581]",360,180,0.09264074018246693,0.010426517048387726,0.9546438814791741,0.07123090092376727,0.26934486299103116,4776,76416,0.21988665500066418,0.08537158099352382,408,complete,False,a250ae81afc363466076dd397784dfa7e178223a,f2b6f21f8cfddcca,1.0.0
graph_ordering,full,True,cycle,16,16,3,11,-1,rand43,76,8,"[2, 4, 6, 6, 8, 8, 6, 4, 6, 6, 6, 6, 4, 2, 2]",32,32,1e-14,32,32,18.933333333333334,3.2518785884428647,1.8529451716271448,3.329891911700941,256,"[0.877666, 1.121284, 1.577218, 2.063026, 2.819585, 3.329892, 2.665622, 1.873896, 2.514632, 2.071505, 2.109001, 2.272282, 1.445208, 1.01436, 0.740581]",360,180,0.011793101285580797,0.002147576665886549,0.9941176543918269,0.009611061972995327,0.09815430070522989,15016,240256,0.39662796599986905,0.21871483500763134,408,complete,False,a250ae81afc363466076dd397784dfa7e178223a,f2b6f21f8cfddcca,1.0.0
graph_ordering,full,True,cycle,16,16,3,11,-1,rand43,76,8,"[2, 4, 6, 6, 8, 8, 6, 4, 6, 6, 6, 6, 4, 2, 2]",64,64,1e-14,64,64,29.6,3.3285184990452934,1.898634555633279,3.329891911700941,256,"[0.877666, 1.121284, 1.577218, 2.063026, 2.819585, 3.329892, 2.665622, 1.873896, 2.514632, 2.071505, 2.109001, 2.272282, 1.445208, 1.01436, 0.740581]",360,180,0.0002321286190576658,0.0001249598713189886,0.9998839379579688,0.000147159890219406,0.01213117078543531,43688,699008,0.9003041920004762,0.5687083540124149,408,complete,False,a250ae81afc363466076dd397784dfa7e178223a,f2b6f21f8cfddcca,1.0.0
graph_ordering,full,True,cycle,16,16,3,11,-1,rand43,76,8,"[2, 4, 6, 6, 8, 8, 6, 4, 6, 6, 6, 6, 4, 2, 2]",-1,untruncated,1e-14,256,256,50.93333333333333,3.3298919117009405,1.8997171183371326,3.329891911700941,256,"[0.877666, 1.121284, 1.577218, 2.063026, 2.819585, 3.329892, 2.665622, 1.873896, 2.514632, 2.071505, 2.109001, 2.272282, 1.445208, 1.01436, 0.740581]",360,180,1.4929880174223004e-28,4.045182527364782e-29,0.9999999999999999,1.3322676295501878e-15,7.759126636523034e-14,174760,2796160,1.4790258430002723,0.9275286690062785,408,complete,False,a250ae81afc363466076dd397784dfa7e178223a,f2b6f21f8cfddcca,1.0.0
graph_ordering,full,True,cycle,16,16,3,19,-1,natural,30,2,"[2, 2, 2, 2, 2, 2, 2, 2, 2, 2, 2, 2, 2, 2, 2]",4,4,1e-14,4,4,3.7333333333333334,1.7819156916618168,1.4593320376685157,2.018653834942922,64,"[0.97635, 1.631604, 1.819628, 1.999512, 1.91285, 1.671774, 1.981248, 1.488195, 1.756466, 1.975824, 2.018654, 1.671392, 1.534423, 1.504655, 0.925769]",84,42,0.12844514173248708,0.026788033204019495,0.9373739714060817,0.11850399379453225,0.34962783826869415,424,6784,0.03776344800098741,0.006758807008736767,132,complete,False,a250ae81afc363466076dd397784dfa7e178223a,f2b6f21f8cfddcca,1.0.0
graph_ordering,full,True,cycle,16,16,3,19,-1,natural,30,2,"[2, 2, 2, 2, 2, 2, 2, 2, 2, 2, 2, 2, 2, 2, 2]",8,8,1e-14,8,8,6.666666666666667,1.901762316946948,1.5615968655580768,2.018653834942922,64,"[0.97635, 1.631604, 1.819628, 1.999512, 1.91285, 1.671774, 1.981248, 1.488195, 1.756466, 1.975824, 2.018654, 1.671392, 1.534423, 1.504655, 0.925769]",84,42,0.033057047012364046,0.005643073111056066,0.9835799903984832,0.03177794927631494,0.17898184712281415,1448,23168,0.04338910499973281,0.010346905013648211,132,complete,False,a250ae81afc363466076dd397784dfa7e178223a,f2b6f21f8cfddcca,1.0.0
graph_ordering,full,True,cycle,16,16,3,19,-1,natural,30,2,"[2, 2, 2, 2, 2, 2, 2, 2, 2, 2, 2, 2, 2, 2, 2]",16,16,1e-14,16,16,11.466666666666667,2.0181358236761744,1.657391143284664,2.018653834942922,64,"[0.97635, 1.631604, 1.819628, 1.999512, 1.91285, 1.671774, 1.981248, 1.488195, 1.756466, 1.975824, 2.018654, 1.671392, 1.534423, 1.504655, 0.925769]",84,42,9.985584930912522e-05,4.5340613121885425e-05,0.9999500727342235,8.670124335752316e-05,0.009311451160389023,4776,76416,0.05152069500036305,0.016562211991185904,132,complete,False,a250ae81afc363466076dd397784dfa7e178223a,f2b6f21f8cfddcca,1.0.0
graph_ordering,full,True,cycle,16,16,3,19,-1,natural,30,2,"[2, 2, 2, 2, 2, 2, 2, 2, 2, 2, 2, 2, 2, 2, 2]",32,32,1e-14,32,32,18.933333333333334,2.0186503517748577,1.657887014661677,2.018653834942922,64,"[0.97635, 1.631604, 1.819628, 1.999512, 1.91285, 1.671774, 1.981248, 1.488195, 1.756466, 1.975824, 2.018654, 1.671392, 1.534423, 1.504655, 0.925769]",84,42,2.722598532049922e-07,1.5033452282944144e-07,0.9999998638700768,2.7225983056933245e-07,0.0005217852509463697,15016,240256,0.06510238900045806,0.027816579980935785,132,complete,False,a250ae81afc363466076dd397784dfa7e178223a,f2b6f21f8cfddcca,1.0.0
graph_ordering,full,True,cycle,16,16,3,19,-1,natural,30,2,"[2, 2, 2, 2, 2, 2, 2, 2, 2, 2, 2, 2, 2, 2, 2]",64,64,1e-14,64,64,29.6,2.018653834942922,1.6578895163758745,2.018653834942922,64,"[0.97635, 1.631604, 1.819628, 1.999512, 1.91285, 1.671774, 1.981248, 1.488195, 1.756466, 1.975824, 2.018654, 1.671392, 1.534423, 1.504655, 0.925769]",84,42,1.1543032150787633e-30,1.833124250963248e-31,1.0000000000000004,5.329070518200751e-15,3.052786247642101e-14,43688,699008,0.07228505800048879,0.03391411501070252,132,complete,False,a250ae81afc363466076dd397784dfa7e178223a,f2b6f21f8cfddcca,1.0.0
graph_ordering,full,True,cycle,16,16,3,19,-1,natural,30,2,"[2, 2, 2, 2, 2, 2, 2, 2, 2, 2, 2, 2, 2, 2, 2]",-1,untruncated,1e-14,64,64,29.6,2.018653834942922,1.657889516375875,2.018653834942922,64,"[0.97635, 1.631604, 1.819628, 1.999512, 1.91285, 1.671774, 1.981248, 1.488195, 1.756466, 1.975824, 2.018654, 1.671392, 1.534423, 1.504655, 0.925769]",84,42,1.1543032150787633e-30,1.833124250963248e-31,1.0000000000000004,5.329070518200751e-15,3.052786247642101e-14,43688,699008,0.07497596999928646,0.034915976008051075,132,complete,False,a250ae81afc363466076dd397784dfa7e178223a,f2b6f21f8cfddcca,1.0.0
graph_ordering,full,True,cycle,16,16,3,19,-1,bfs,30,2,"[2, 2, 2, 2, 2, 2, 2, 2, 2, 2, 2, 2, 2, 2, 2]",4,4,1e-14,4,4,3.7333333333333334,1.799403365690851,1.2828101773501535,1.9954409301595875,64,"[0.97635, 1.631604, 1.728546, 1.79662, 1.82662, 1.995441, 1.478282, 1.388655, 1.427258, 1.186173, 1.531148, 1.837957, 1.742537, 1.035488, 0.631404]",84,42,0.15298935363845204,0.028352407294708497,0.925892209585753,0.12864163202716317,0.36478546306447723,424,6784,0.04611867299900041,0.00746091699693352,132,complete,False,a250ae81afc363466076dd397784dfa7e178223a,f2b6f21f8cfddcca,1.0.0
graph_ordering,full,True,cycle,16,16,3,19,-1,bfs,30,2,"[2, 2, 2, 2, 2, 2, 2, 2, 2, 2, 2, 2, 2, 2, 2]",8,8,1e-14,8,8,6.666666666666667,1.91955670411677,1.4341818606216543,1.9954409301595875,64,"[0.97635, 1.631604, 1.728546, 1.79662, 1.82662, 1.995441, 1.478282, 1.388655, 1.427258, 1.186173, 1.531148, 1.837957, 1.742537, 1.035488, 0.631404]",84,42,0.02322480815503708,0.0038986658610794325,0.9884407035219948,0.02249461124675267,0.1504079660778621,1448,23168,0.04900823200114246,0.010566588998699444,132,complete,False,a250ae81afc363466076dd397784dfa7e178223a,f2b6f21f8cfddcca,1.0.0
graph_ordering,full,True,cycle,16,16,3,19,-1,bfs,30,2,"[2, 2, 2, 2, 2, 2, 2, 2, 2, 2, 2, 2, 2, 2, 2]",16,16,1e-14,16,16,11.466666666666667,1.9943906603204236,1.4805561443065054,1.9954409301595875,64,"[0.97635, 1.631604, 1.728546, 1.79662, 1.82662, 1.995441, 1.478282, 1.388655, 1.427258, 1.186173, 1.531148, 1.837957, 1.742537, 1.035488, 0.631404]",84,42,8.318301938967356e-05,2.9518680974726892e-05,0.9999584089238884,7.852942843411537e-05,0.008861770151184703,4776,76416,0.05715461399995547,0.017098789992815,132,complete,False,a250ae81afc363466076dd397784dfa7e178223a,f2b6f21f8cfddcca,1.0.0
graph_ordering,full,True,cycle,16,16,3,19,-1,bfs,30,2,"[2, 2, 2, 2, 2, 2, 2, 2, 2, 2, 2, 2, 2, 2, 2]",32,32,1e-14,32,32,18.933333333333334,1.9954399205645679,1.4809384414383546,1.9954409301595875,64,"[0.97635, 1.631604, 1.728546, 1.79662, 1.82662, 1.995441, 1.478282, 1.388655, 1.427258, 1.186173, 1.531148, 1.837957, 1.742537, 1.035488, 0.631404]",84,42,6.800177444039698e-08,2.1532744442657168e-08,0.9999999659991134,6.229527682588554e-08,0.0002495902161870589,15016,240256,0.0798689959992771,0.03109310099898721,132,complete,False,a250ae81afc363466076dd397784dfa7e178223a,f2b6f21f8cfddcca,1.0.0
graph_ordering,full,True,cycle,16,16,3,19,-1,bfs,30,2,"[2, 2, 2, 2, 2, 2, 2, 2, 2, 2, 2, 2, 2, 2, 2]",64,64,1e-14,64,64,29.6,1.9954409301595875,1.4809389267434703,1.9954409301595875,64,"[0.97635, 1.631604, 1.728546, 1.79662, 1.82662, 1.995441, 1.478282, 1.388655, 1.427258, 1.186173, 1.531148, 1.837957, 1.742537, 1.035488, 0.631404]",84,42,5.2828606535172924e-30,4.146388713351809e-30,1.0,4.884981308350689e-15,2.17723820111804e-14,43688,699008,0.10068445899923972,0.0459206019895646,132,complete,False,a250ae81afc363466076dd397784dfa7e178223a,f2b6f21f8cfddcca,1.0.0
graph_ordering,full,True,cycle,16,16,3,19,-1,bfs,30,2,"[2, 2, 2, 2, 2, 2, 2, 2, 2, 2, 2, 2, 2, 2, 2]",-1,untruncated,1e-14,64,64,29.6,1.9954409301595872,1.4809389267434703,1.9954409301595875,64,"[0.97635, 1.631604, 1.728546, 1.79662, 1.82662, 1.995441, 1.478282, 1.388655, 1.427258, 1.186173, 1.531148, 1.837957, 1.742537, 1.035488, 0.631404]",84,42,5.2828606535172924e-30,4.146388713351809e-30,1.0,4.884981308350689e-15,2.17723820111804e-14,43688,699008,0.10007138900073187,0.045340492002651445,132,complete,False,a250ae81afc363466076dd397784dfa7e178223a,f2b6f21f8cfddcca,1.0.0
graph_ordering,full,True,cycle,16,16,3,19,-1,rcm,30,2,"[2, 2, 2, 2, 2, 2, 2, 2, 2, 2, 2, 2, 2, 2, 2]",4,4,1e-14,4,4,3.7333333333333334,1.799403365690848,1.2828101773501495,1.995440930159588,64,"[0.631404, 1.035488, 1.742537, 1.837957, 1.531148, 1.186173, 1.427258, 1.388655, 1.478282, 1.995441, 1.82662, 1.79662, 1.728546, 1.631604, 0.97635]",84,42,0.15298935363845542,0.028352407294709024,0.9258922095857508,0.1286416320271646,0.36478546306448006,424,6784,0.04685835800046334,0.007323028001337661,132,complete,False,a250ae81afc363466076dd397784dfa7e178223a,f2b6f21f8cfddcca,1.0.0
graph_ordering,full,True,cycle,16,16,3,19,-1,rcm,30,2,"[2, 2, 2, 2, 2, 2, 2, 2, 2, 2, 2, 2, 2, 2, 2]",8,8,1e-14,8,8,6.666666666666667,1.9195567041167607,1.4341818606216497,1.995440930159588,64,"[0.631404, 1.035488, 1.742537, 1.837957, 1.531148, 1.186173, 1.427258, 1.388655, 1.478282, 1.995441, 1.82662, 1.79662, 1.728546, 1.631604, 0.97635]",84,42,0.02322480815503707,0.0038986658610794577,0.9884407035219944,0.022494611246753338,0.15040796607786203,1448,23168,0.05143207299988717,0.010661292002623668,132,complete,False,a250ae81afc363466076dd397784dfa7e178223a,f2b6f21f8cfddcca,1.0.0
graph_ordering,full,True,cycle,16,16,3,19,-1,rcm,30,2,"[2, 2, 2, 2, 2, 2, 2, 2, 2, 2, 2, 2, 2, 2, 2]",16,16,1e-14,16,16,11.466666666666667,1.9943906603204236,1.480556144306509,1.995440930159588,64,"[0.631404, 1.035488, 1.742537, 1.837957, 1.531148, 1.186173, 1.427258, 1.388655, 1.478282, 1.995441, 1.82662, 1.79662, 1.728546, 1.631604, 0.97635]",84,42,8.31830193896711e-05,2.951868097472761e-05,0.9999584089238884,7.852942843455946e-05,0.008861770151184653,4776,76416,0.06003134999991744,0.017376740002873703,132,complete,False,a250ae81afc363466076dd397784dfa7e178223a,f2b6f21f8cfddcca,1.0.0
graph_ordering,full,True,cycle,16,16,3,19,-1,rcm,30,2,"[2, 2, 2, 2, 2, 2, 2, 2, 2, 2, 2, 2, 2, 2, 2]",32,32,1e-14,32,32,18.933333333333334,1.9954399205645705,1.480938441438354,1.995440930159588,64,"[0.631404, 1.035488, 1.742537, 1.837957, 1.531148, 1.186173, 1.427258, 1.388655, 1.478282, 1.995441, 1.82662, 1.79662, 1.728546, 1.631604, 0.97635]",84,42,6.800177444038838e-08,2.1532744442651685e-08,0.9999999659991129,6.229527638179633e-08,0.00024959021618705556,15016,240256,0.0850380240008235,0.032944402995781275,132,complete,False,a250ae81afc363466076dd397784dfa7e178223a,f2b6f21f8cfddcca,1.0.0
graph_ordering,full,True,cycle,16,16,3,19,-1,rcm,30,2,"[2, 2, 2, 2, 2, 2, 2, 2, 2, 2, 2, 2, 2, 2, 2]",64,64,1e-14,64,64,29.6,1.995440930159588,1.4809389267434716,1.995440930159588,64,"[0.631404, 1.035488, 1.742537, 1.837957, 1.531148, 1.186173, 1.427258, 1.388655, 1.478282, 1.995441, 1.82662, 1.79662, 1.728546, 1.631604, 0.97635]",84,42,1.907037847892355e-30,3.0940640966466412e-31,1.0,4.440892098500626e-15,2.8316645856932897e-14,43688,699008,0.10064437899927725,0.04435520300648932,132,complete,False,a250ae81afc363466076dd397784dfa7e178223a,f2b6f21f8cfddcca,1.0.0
graph_ordering,full,True,cycle,16,16,3,19,-1,rcm,30,2,"[2, 2, 2, 2, 2, 2, 2, 2, 2, 2, 2, 2, 2, 2, 2]",-1,untruncated,1e-14,64,64,29.6,1.9954409301595881,1.4809389267434718,1.995440930159588,64,"[0.631404, 1.035488, 1.742537, 1.837957, 1.531148, 1.186173, 1.427258, 1.388655, 1.478282, 1.995441, 1.82662, 1.79662, 1.728546, 1.631604, 0.97635]",84,42,1.907037847892355e-30,3.0940640966466412e-31,1.0,4.440892098500626e-15,2.8316645856932897e-14,43688,699008,0.10164489099952334,0.04529095500220137,132,complete,False,a250ae81afc363466076dd397784dfa7e178223a,f2b6f21f8cfddcca,1.0.0
graph_ordering,full,True,cycle,16,16,3,19,-1,rand37,72,6,"[2, 2, 4, 6, 6, 6, 6, 6, 6, 6, 6, 6, 4, 4, 2]",4,4,1e-14,4,4,3.7333333333333334,1.7110449670816656,0.9626685386926198,3.865541589920769,256,"[0.857819, 0.810288, 1.789271, 2.594088, 2.962269, 3.374311, 3.625498, 3.865542, 3.790088, 3.727052, 3.721704, 3.024791, 2.43598, 1.847271, 0.925769]",336,168,1.652537737495538,0.12205035512484406,0.43002226970114216,0.8377040065492153,1.0928313969086823,424,6784,0.12732362300084787,0.023163301002568915,384,complete,False,a250ae81afc363466076dd397784dfa7e178223a,f2b6f21f8cfddcca,1.0.0
graph_ordering,full,True,cycle,16,16,3,19,-1,rand37,72,6,"[2, 2, 4, 6, 6, 6, 6, 6, 6, 6, 6, 6, 4, 4, 2]",8,8,1e-14,8,8,6.666666666666667,2.1522727235351296,1.5576910091928193,3.865541589920769,256,"[0.857819, 0.810288, 1.789271, 2.594088, 2.962269, 3.374311, 3.625498, 3.865542, 3.790088, 3.727052, 3.721704, 3.024791, 2.43598, 1.847271, 0.925769]",336,168,1.0082324038459178,0.04251041578526742,0.6013250814659257,0.5983444612377409,0.8558469502309713,1448,23168,0.154493377000108,0.0415401149984973,384,complete,False,a250ae81afc363466076dd397784dfa7e178223a,f2b6f21f8cfddcca,1.0.0
graph_ordering,full,True,cycle,16,16,3,19,-1,rand37,72,6,"[2, 2, 4, 6, 6, 6, 6, 6, 6, 6, 6, 6, 4, 4, 2]",16,16,1e-14,16,16,11.466666666666667,2.8405172985961737,1.9904353830667296,3.865541589920769,256,"[0.857819, 0.810288, 1.789271, 2.594088, 2.962269, 3.374311, 3.625498, 3.865542, 3.790088, 3.727052, 3.721704, 3.024791, 2.43598, 1.847271, 0.925769]",336,168,0.4137998527276062,0.022049124826649516,0.8123635278229319,0.28235840324962125,0.5529244159908067,4776,76416,0.22582657099883363,0.09249143701708817,384,complete,False,a250ae81afc363466076dd397784dfa7e178223a,f2b6f21f8cfddcca,1.0.0
graph_ordering,full,True,cycle,16,16,3,19,-1,rand37,72,6,"[2, 2, 4, 6, 6, 6, 6, 6, 6, 6, 6, 6, 4, 4, 2]",32,32,1e-14,32,32,18.933333333333334,3.5201195611289484,2.425925824427468,3.865541589920769,256,"[0.857819, 0.810288, 1.789271, 2.594088, 2.962269, 3.374311, 3.625498, 3.865542, 3.790088, 3.727052, 3.721704, 3.024791, 2.43598, 1.847271, 0.925769]",336,168,0.08792151959699829,0.006820391610177609,0.9569155090466355,0.06256887472551143,0.2521496811686498,15016,240256,0.40540924400011136,0.23435102300572908,384,complete,False,a250ae81afc363466076dd397784dfa7e178223a,f2b6f21f8cfddcca,1.0.0
graph_ordering,full,True,cycle,16,16,3,19,-1,rand37,72,6,"[2, 2, 4, 6, 6, 6, 6, 6, 6, 6, 6, 6, 4, 4, 2]",64,64,1e-14,64,64,29.6,3.8212838931379105,2.598416117905613,3.865541589920769,256,"[0.857819, 0.810288, 1.789271, 2.594088, 2.962269, 3.374311, 3.625498, 3.865542, 3.790088, 3.727052, 3.721704, 3.024791, 2.43598, 1.847271, 0.925769]",336,168,0.008325629093599468,0.001221027964906237,0.9958444955176982,0.006101962700710395,0.0781748021852604,43688,699008,0.8550987110011192,0.5630824900035805,384,complete,False,a250ae81afc363466076dd397784dfa7e178223a,f2b6f21f8cfddcca,1.0.0
graph_ordering,full,True,cycle,16,16,3,19,-1,rand37,72,6,"[2, 2, 4, 6, 6, 6, 6, 6, 6, 6, 6, 6, 4, 4, 2]",-1,untruncated,1e-14,256,256,50.93333333333333,3.8655415899207703,2.623449357411778,3.865541589920769,256,"[0.857819, 0.810288, 1.789271, 2.594088, 2.962269, 3.374311, 3.625498, 3.865542, 3.790088, 3.727052, 3.721704, 3.024791, 2.43598, 1.847271, 0.925769]",336,168,9.867554322317317e-29,1.857490428656352e-29,1.0,3.9968028886505635e-15,7.716322935072964e-14,174760,2796160,2.142347062999761,1.4044113219788414,384,complete,False,a250ae81afc363466076dd397784dfa7e178223a,f2b6f21f8cfddcca,1.0.0
graph_ordering,full,True,cycle,16,16,3,19,-1,rand41,76,10,"[2, 2, 2, 4, 4, 6, 8, 8, 10, 8, 6, 6, 4, 4, 2]",4,4,1e-14,4,4,3.7333333333333334,1.577054335457109,0.8434194010028019,4.646154860000474,256,"[0.87352, 0.810288, 1.199584, 2.061665, 2.27187, 2.952216, 3.904956, 4.402615, 4.646155, 3.989338, 3.121061, 2.814777, 2.201211, 1.328004, 0.604918]",360,180,1.8452821529326973,0.15236970921111903,0.3885715135364504,0.8718039368311458,1.1330977202680441,424,6784,0.12890428099854034,0.02391248998719675,408,complete,False,a250ae81afc363466076dd397784dfa7e178223a,f2b6f21f8cfddcca,1.0.0
graph_ordering,full,True,cycle,16,16,3,19,-1,rand41,76,10,"[2, 2, 2, 4, 4, 6, 8, 8, 10, 8, 6, 6, 4, 4, 2]",8,8,1e-14,8,8,6.666666666666667,2.438756515230126,1.2304678032154912,4.646154860000474,256,"[0.87352, 0.810288, 1.199584, 2.061665, 2.27187, 2.952216, 3.904956, 4.402615, 4.646155, 3.989338, 3.121061, 2.814777, 2.201211, 1.328004, 0.604918]",360,180,1.0989682446145181,0.09081869189932028,0.5727968031924587,0.6381087539724497,0.8926657001794868,1448,23168,0.15456860499944014,0.041490273015369894,408,complete,False,a250ae81afc363466076dd397784dfa7e178223a,f2b6f21f8cfddcca,1.0.0
graph_ordering,full,True,cycle,16,16,3,19,-1,rand41,76,10,"[2, 2, 2, 4, 4, 6, 8, 8, 10, 8, 6, 6, 4, 4, 2]",16,16,1e-14,16,16,11.466666666666667,3.251884517690976,1.7119590306834256,4.646154860000474,256,"[0.87352, 0.810288, 1.199584, 2.061665, 2.27187, 2.952216, 3.904956, 4.402615, 4.646155, 3.989338, 3.121061, 2.814777, 2.201211, 1.328004, 0.604918]",360,180,0.6154770220760002,0.040795883732117226,0.7331713868946094,0.42302740531079097,0.6934160061643114,4776,76416,0.2329164299990225,0.09620474102484877,408,complete,False,a250ae81afc363466076dd397784dfa7e178223a,f2b6f21f8cfddcca,1.0.0
graph_ordering,full,True,cycle,16,16,3,19,-1,rand41,76,10,"[2, 2, 2, 4, 4, 6, 8, 8, 10, 8, 6, 6, 4, 4, 2]",32,32,1e-14,32,32,18.933333333333334,3.9396181867219244,2.1055183012988983,4.646154860000474,256,"[0.87352, 0.810288, 1.199584, 2.061665, 2.27187, 2.952216, 3.904956, 4.402615, 4.646155, 3.989338, 3.121061, 2.814777, 2.201211, 1.328004, 0.604918]",360,180,0.260540348084498,0.02246415809149658,0.8773179410693235,0.18759311473004003,0.4442157884923524,15016,240256,0.46462593100113736,0.27918910500739,408,complete,False,a250ae81afc363466076dd397784dfa7e178223a,f2b6f21f8cfddcca,1.0.0
graph_ordering,full,True,cycle,16,16,3,19,-1,rand41,76,10,"[2, 2, 2, 4, 4, 6, 8, 8, 10, 8, 6, 6, 4, 4, 2]",64,64,1e-14,64,64,29.6,4.46452036515576,2.3779455483518546,4.646154860000474,256,"[0.87352, 0.810288, 1.199584, 2.061665, 2.27187, 2.952216, 3.904956, 4.402615, 4.646155, 3.989338, 3.121061, 2.814777, 2.201211, 1.328004, 0.604918]",360,180,0.05068283380892918,0.007040908910261002,0.9749402598643199,0.03621690943628619,0.191182900744486,43688,699008,1.2603398529990955,0.8473986249955487,408,complete,False,a250ae81afc363466076dd397784dfa7e178223a,f2b6f21f8cfddcca,1.0.0
graph_ordering,full,True,cycle,16,16,3,19,-1,rand41,76,10,"[2, 2, 2, 4, 4, 6, 8, 8, 10, 8, 6, 6, 4, 4, 2]",-1,untruncated,1e-14,256,256,50.93333333333333,4.6461548600004745,2.4788118784446853,4.646154860000474,256,"[0.87352, 0.810288, 1.199584, 2.061665, 2.27187, 2.952216, 3.904956, 4.402615, 4.646155, 3.989338, 3.121061, 2.814777, 2.201211, 1.328004, 0.604918]",360,180,2.03059655252508e-28,6.721587970753896e-29,1.0,4.218847493575595e-15,7.080179612485224e-14,174760,2796160,3.5742801950000285,2.3212614150179434,408,complete,False,a250ae81afc363466076dd397784dfa7e178223a,f2b6f21f8cfddcca,1.0.0
graph_ordering,full,True,cycle,16,16,3,19,-1,rand43,76,8,"[2, 4, 6, 6, 8, 8, 6, 4, 6, 6, 6, 6, 4, 2, 2]",4,4,1e-14,4,4,3.7333333333333334,1.585501818005298,1.0985968842330662,3.5936243740115654,256,"[0.978983, 1.610387, 2.415222, 2.804425, 3.277485, 3.593624, 3.069402, 2.155223, 2.908931, 2.650148, 3.221849, 3.26822, 2.361213, 1.506418, 0.921903]",360,180,1.1580451684746709,0.08048210414287991,0.5541997602848928,0.7029164867208864,0.9538829285987868,424,6784,0.15154315200015844,0.02517411101143807,408,complete,False,a250ae81afc363466076dd397784dfa7e178223a,f2b6f21f8cfddcca,1.0.0
graph_ordering,full,True,cycle,16,16,3,19,-1,rand43,76,8,"[2, 4, 6, 6, 8, 8, 6, 4, 6, 6, 6, 6, 4, 2, 2]",8,8,1e-14,8,8,6.666666666666667,2.2693733548078674,1.5470803979541385,3.5936243740115654,256,"[0.978983, 1.610387, 2.415222, 2.804425, 3.277485, 3.593624, 3.069402, 2.155223, 2.908931, 2.650148, 3.221849, 3.26822, 2.361213, 1.506418, 0.921903]",360,180,0.6804136078308413,0.035667396370063616,0.7099643663252738,0.46872041514075424,0.7363568678037481,1448,23168,0.17561828899852117,0.045185418992332416,408,complete,False,a250ae81afc363466076dd397784dfa7e178223a,f2b6f21f8cfddcca,1.0.0
graph_ordering,full,True,cycle,16,16,3,19,-1,rand43,76,8,"[2, 4, 6, 6, 8, 8, 6, 4, 6, 6, 6, 6, 4, 2, 2]",16,16,1e-14,16,16,11.466666666666667,3.041373012620233,2.1112390122623057,3.5936243740115654,256,"[0.978983, 1.610387, 2.415222, 2.804425, 3.277485, 3.593624, 3.069402, 2.155223, 2.908931, 2.650148, 3.221849, 3.26822, 2.361213, 1.506418, 0.921903]",360,180,0.23342911947947598,0.022543263981863373,0.8893818935875303,0.1780366360158574,0.4321528616706762,4776,76416,0.23226296499888122,0.09115924499383254,408,complete,False,a250ae81afc363466076dd397784dfa7e178223a,f2b6f21f8cfddcca,1.0.0
graph_ordering,full,True,cycle,16,16,3,19,-1,rand43,76,8,"[2, 4, 6, 6, 8, 8, 6, 4, 6, 6, 6, 6, 4, 2, 2]",32,32,1e-14,32,32,18.933333333333334,3.453581251433522,2.370427081030206,3.5936243740115654,256,"[0.978983, 1.610387, 2.415222, 2.804425, 3.277485, 3.593624, 3.069402, 2.155223, 2.908931, 2.650148, 3.221849, 3.26822, 2.361213, 1.506418, 0.921903]",360,180,0.042496089396718506,0.009494817886611918,0.9789403189020045,0.030476345656496706,0.17524883671264813,15016,240256,0.418203129000176,0.23148844999923313,408,complete,False,a250ae81afc363466076dd397784dfa7e178223a,f2b6f21f8cfddcca,1.0.0
graph_ordering,full,True,cycle,16,16,3,19,-1,rand43,76,8,"[2, 4, 6, 6, 8, 8, 6, 4, 6, 6, 6, 6, 4, 2, 2]",64,64,1e-14,64,64,29.6,3.586697750416102,2.445866968707323,3.5936243740115654,256,"[0.978983, 1.610387, 2.415222, 2.804425, 3.277485, 3.593624, 3.069402, 2.155223, 2.908931, 2.650148, 3.221849, 3.26822, 2.361213, 1.506418, 0.921903]",360,180,0.0016854288414152308,0.0011386947937208603,0.9991573054140205,0.001172101919511337,0.03424099263552673,43688,699008,0.967573818999881,0.6086185509993811,408,complete,False,a250ae81afc363466076dd397784dfa7e178223a,f2b6f21f8cfddcca,1.0.0
graph_ordering,full,True,cycle,16,16,3,19,-1,rand43,76,8,"[2, 4, 6, 6, 8, 8, 6, 4, 6, 6, 6, 6, 4, 2, 2]",-1,untruncated,1e-14,256,256,50.93333333333333,3.5936243740115668,2.4495622154154635,3.5936243740115654,256,"[0.978983, 1.610387, 2.415222, 2.804425, 3.277485, 3.593624, 3.069402, 2.155223, 2.908931, 2.650148, 3.221849, 3.26822, 2.361213, 1.506418, 0.921903]",360,180,8.75241692154588e-29,3.1012393742849875e-29,1.0,5.10702591327572e-15,6.345521521711707e-14,174760,2796160,1.4776473670008272,0.9376870310170489,408,complete,False,a250ae81afc363466076dd397784dfa7e178223a,f2b6f21f8cfddcca,1.0.0
graph_ordering,full,True,grid_4x4,16,24,3,7,-1,natural,60,5,"[2, 3, 4, 4, 5, 5, 5, 4, 5, 5, 5, 4, 4, 3, 2]",4,4,1e-14,4,4,3.7333333333333334,1.4527764945914394,1.1208619209630244,4.562370181503816,256,"[0.800246, 1.696298, 2.516464, 3.444802, 3.926285, 4.054532, 4.56237, 4.370705, 4.458737, 4.33616, 4.082058, 3.442367, 2.695457, 1.797677, 0.9694]",216,108,2.5179498607117257,0.10586751803892648,0.2768236525427462,0.9192590517368666,1.1965370721853323,424,6784,0.0830288710003515,0.016236928997386713,288,complete,False,a250ae81afc363466076dd397784dfa7e178223a,f2b6f21f8cfddcca,1.0.0
graph_ordering,full,True,grid_4x4,16,24,3,7,-1,natural,60,5,"[2, 3, 4, 4, 5, 5, 5, 4, 5, 5, 5, 4, 4, 3, 2]",8,8,1e-14,8,8,6.666666666666667,2.4028055658925895,1.78041190207984,4.562370181503816,256,"[0.800246, 1.696298, 2.516464, 3.444802, 3.926285, 4.054532, 4.56237, 4.370705, 4.458737, 4.33616, 4.082058, 3.442367, 2.695457, 1.797677, 0.9694]",216,108,1.4470796112868278,0.05347049610176682,0.4806645175923456,0.7470402491462855,0.997044590573943,1448,23168,0.09871392599961837,0.02728929798468016,288,complete,False,a250ae81afc363466076dd397784dfa7e178223a,f2b6f21f8cfddcca,1.0.0
graph_ordering,full,True,grid_4x4,16,24,3,7,-1,natural,60,5,"[2, 3, 4, 4, 5, 5, 5, 4, 5, 5, 5, 4, 4, 3, 2]",16,16,1e-14,16,16,11.466666666666667,3.233400387657535,2.380059361915151,4.562370181503816,256,"[0.800246, 1.696298, 2.516464, 3.444802, 3.926285, 4.054532, 4.56237, 4.370705, 4.458737, 4.33616, 4.082058, 3.442367, 2.695457, 1.797677, 0.9694]",216,108,0.6212449305787369,0.04161471835636232,0.7307691047443092,0.44479779806369957,0.7139763049526258,4776,76416,0.14153782999892428,0.05818259501756984,288,complete,False,a250ae81afc363466076dd397784dfa7e178223a,f2b6f21f8cfddcca,1.0.0
graph_ordering,full,True,grid_4x4,16,24,3,7,-1,natural,60,5,"[2, 3, 4, 4, 5, 5, 5, 4, 5, 5, 5, 4, 4, 3, 2]",32,32,1e-14,32,32,18.933333333333334,3.856935659321912,2.8247047421513813,4.562370181503816,256,"[0.800246, 1.696298, 2.516464, 3.444802, 3.926285, 4.054532, 4.56237, 4.370705, 4.458737, 4.33616, 4.082058, 3.442367, 2.695457, 1.797677, 0.9694]",216,108,0.19903293935731609,0.0259356469964387,0.9047475953914507,0.16209524468786762,0.41140885837765856,15016,240256,0.24660268200022983,0.14157906997934333,288,complete,False,a250ae81afc363466076dd397784dfa7e178223a,f2b6f21f8cfddcca,1.0.0
graph_ordering,full,True,grid_4x4,16,24,3,7,-1,natural,60,5,"[2, 3, 4, 4, 5, 5, 5, 4, 5, 5, 5, 4, 4, 3, 2]",64,64,1e-14,64,64,29.6,4.399394259498896,3.0758647322549226,4.562370181503816,256,"[0.800246, 1.696298, 2.516464, 3.444802, 3.926285, 4.054532, 4.56237, 4.370705, 4.458737, 4.33616, 4.082058, 3.442367, 2.695457, 1.797677, 0.9694]",216,108,0.030780816424677324,0.0061914609480815345,0.9846969987856262,0.028288928087409126,0.16879536373994525,43688,699008,0.57351081699926,0.39757186300266767,288,complete,False,a250ae81afc363466076dd397784dfa7e178223a,f2b6f21f8cfddcca,1.0.0
graph_ordering,full,True,grid_4x4,16,24,3,7,-1,natural,60,5,"[2, 3, 4, 4, 5, 5, 5, 4, 5, 5, 5, 4, 4, 3, 2]",-1,untruncated,1e-14,256,256,50.93333333333333,4.562370181503816,3.143570741472657,4.562370181503816,256,"[0.800246, 1.696298, 2.516464, 3.444802, 3.926285, 4.054532, 4.56237, 4.370705, 4.458737, 4.33616, 4.082058, 3.442367, 2.695457, 1.797677, 0.9694]",216,108,6.660714745488896e-30,6.393543769675012e-30,1.0,1.3322676295501878e-15,2.808360062248489e-14,174760,2796160,1.2861062230003881,0.9050877420104371,288,complete,False,a250ae81afc363466076dd397784dfa7e178223a,f2b6f21f8cfddcca,1.0.0
graph_ordering,full,True,grid_4x4,16,24,3,7,-1,bfs,68,6,"[2, 3, 4, 5, 5, 6, 6, 6, 6, 6, 5, 5, 4, 3, 2]",4,4,1e-14,4,4,3.7333333333333334,1.5471704055571718,1.157701849371912,4.725693744516977,256,"[0.800246, 1.696298, 2.322744, 3.004242, 3.163807, 3.452807, 4.318132, 4.725694, 4.711026, 4.277641, 3.82683, 3.38223, 2.544992, 1.797677, 0.9694]",264,132,2.5046557695921736,0.12042757119930689,0.27822907648769263,0.9409036464689382,1.2303678996765868,424,6784,0.10584452799957944,0.019244426006480353,336,complete,False,a250ae81afc363466076dd397784dfa7e178223a,f2b6f21f8cfddcca,1.0.0
graph_ordering,full,True,grid_4x4,16,24,3,7,-1,bfs,68,6,"[2, 3, 4, 5, 5, 6, 6, 6, 6, 6, 5, 5, 4, 3, 2]",8,8,1e-14,8,8,6.666666666666667,2.4300501298320483,1.6789774295138404,4.725693744516977,256,"[0.800246, 1.696298, 2.322744, 3.004242, 3.163807, 3.452807, 4.318132, 4.725694, 4.711026, 4.277641, 3.82683, 3.38223, 2.544992, 1.797677, 0.9694]",264,132,1.4587442991969375,0.09242693366901877,0.4760577652581012,0.7561664920068581,1.0061858615155246,1448,23168,0.1218917030000739,0.031676921991675044,336,complete,False,a250ae81afc363466076dd397784dfa7e178223a,f2b6f21f8cfddcca,1.0.0
graph_ordering,full,True,grid_4x4,16,24,3,7,-1,bfs,68,6,"[2, 3, 4, 5, 5, 6, 6, 6, 6, 6, 5, 5, 4, 3, 2]",16,16,1e-14,16,16,11.466666666666667,3.2677604541227243,2.2288201051206866,4.725693744516977,256,"[0.800246, 1.696298, 2.322744, 3.004242, 3.163807, 3.452807, 4.318132, 4.725694, 4.711026, 4.277641, 3.82683, 3.38223, 2.544992, 1.797677, 0.9694]",264,132,0.6987547471127045,0.07505947545150701,0.7015684031381392,0.4835012128545926,0.7500953265487523,4776,76416,0.17874975299855578,0.07123981698896387,336,complete,False,a250ae81afc363466076dd397784dfa7e178223a,f2b6f21f8cfddcca,1.0.0
graph_ordering,full,True,grid_4x4,16,24,3,7,-1,bfs,68,6,"[2, 3, 4, 5, 5, 6, 6, 6, 6, 6, 5, 5, 4, 3, 2]",32,32,1e-14,32,32,18.933333333333334,4.123640422259459,2.6903862358119115,4.725693744516977,256,"[0.800246, 1.696298, 2.322744, 3.004242, 3.163807, 3.452807, 4.318132, 4.725694, 4.711026, 4.277641, 3.82683, 3.38223, 2.544992, 1.797677, 0.9694]",264,132,0.22107411642648508,0.03992286396606752,0.8945363273509699,0.17919357848514839,0.43362731420969514,15016,240256,0.32817630599856784,0.17943881300379871,336,complete,False,a250ae81afc363466076dd397784dfa7e178223a,f2b6f21f8cfddcca,1.0.0
graph_ordering,full,True,grid_4x4,16,24,3,7,-1,bfs,68,6,"[2, 3, 4, 5, 5, 6, 6, 6, 6, 6, 5, 5, 4, 3, 2]",64,64,1e-14,64,64,29.6,4.638646729119502,2.955326132829785,4.725693744516977,256,"[0.800246, 1.696298, 2.322744, 3.004242, 3.163807, 3.452807, 4.318132, 4.725694, 4.711026, 4.277641, 3.82683, 3.38223, 2.544992, 1.797677, 0.9694]",264,132,0.0219547683114883,0.009550156609493113,0.9890466118636687,0.01945597445135161,0.1398268219324575,43688,699008,0.7388982940010465,0.4815749559948017,336,complete,False,a250ae81afc363466076dd397784dfa7e178223a,f2b6f21f8cfddcca,1.0.0
graph_ordering,full,True,grid_4x4,16,24,3,7,-1,bfs,68,6,"[2, 3, 4, 5, 5, 6, 6, 6, 6, 6, 5, 5, 4, 3, 2]",-1,untruncated,1e-14,256,256,50.93333333333333,4.725693744516977,2.9995846385882152,4.725693744516977,256,"[0.800246, 1.696298, 2.322744, 3.004242, 3.163807, 3.452807, 4.318132, 4.725694, 4.711026, 4.277641, 3.82683, 3.38223, 2.544992, 1.797677, 0.9694]",264,132,1.2684558001717708e-29,3.776667370228141e-30,1.0,0.0,3.5926179696619574e-14,174760,2796160,1.5081889260000025,0.9809582330199191,336,complete,False,a250ae81afc363466076dd397784dfa7e178223a,f2b6f21f8cfddcca,1.0.0
graph_ordering,full,True,grid_4x4,16,24,3,7,-1,rcm,68,6,"[2, 3, 4, 5, 5, 6, 6, 6, 6, 6, 5, 5, 4, 3, 2]",4,4,1e-14,4,4,3.7333333333333334,1.5471704055571474,1.1577018493718987,4.72569374451698,256,"[0.9694, 1.797677, 2.544992, 3.38223, 3.82683, 4.277641, 4.711026, 4.725694, 4.318132, 3.452807, 3.163807, 3.004242, 2.322744, 1.696298, 0.800246]",264,132,2.504655769592171,0.12042757119930798,0.27822907648769296,0.9409036464689261,1.2303678996765672,424,6784,0.11126737800077535,0.020256185980542796,336,complete,False,a250ae81afc363466076dd397784dfa7e178223a,f2b6f21f8cfddcca,1.0.0
graph_ordering,full,True,grid_4x4,16,24,3,7,-1,rcm,68,6,"[2, 3, 4, 5, 5, 6, 6, 6, 6, 6, 5, 5, 4, 3, 2]",8,8,1e-14,8,8,6.666666666666667,2.4300501298320394,1.6789774295138336,4.72569374451698,256,"[0.9694, 1.797677, 2.544992, 3.38223, 3.82683, 4.277641, 4.711026, 4.725694, 4.318132, 3.452807, 3.163807, 3.004242, 2.322744, 1.696298, 0.800246]",264,132,1.458744299196936,0.09242693366901907,0.4760577652581008,0.7561664920068573,1.0061858615155286,1448,23168,0.1324475560013525,0.033273488992563216,336,complete,False,a250ae81afc363466076dd397784dfa7e178223a,f2b6f21f8cfddcca,1.0.0
graph_ordering,full,True,grid_4x4,16,24,3,7,-1,rcm,68,6,"[2, 3, 4, 5, 5, 6, 6, 6, 6, 6, 5, 5, 4, 3, 2]",16,16,1e-14,16,16,11.466666666666667,3.2677604541227203,2.228820105120685,4.72569374451698,256,"[0.9694, 1.797677, 2.544992, 3.38223, 3.82683, 4.277641, 4.711026, 4.725694, 4.318132, 3.452807, 3.163807, 3.004242, 2.322744, 1.696298, 0.800246]",264,132,0.698754747112707,0.07505947545150769,0.7015684031381375,0.48350121285459524,0.7500953265487522,4776,76416,0.18205812700034585,0.07020446499518584,336,complete,False,a250ae81afc363466076dd397784dfa7e178223a,f2b6f21f8cfddcca,1.0.0
graph_ordering,full,True,grid_4x4,16,24,3,7,-1,rcm,68,6,"[2, 3, 4, 5, 5, 6, 6, 6, 6, 6, 5, 5, 4, 3, 2]",32,32,1e-14,32,32,18.933333333333334,4.123640422259465,2.69038623581191,4.72569374451698,256,"[0.9694, 1.797677, 2.544992, 3.38223, 3.82683, 4.277641, 4.711026, 4.725694, 4.318132, 3.452807, 3.163807, 3.004242, 2.322744, 1.696298, 0.800246]",264,132,0.22107411642648467,0.03992286396606787,0.8945363273509699,0.17919357848514794,0.43362731420969597,15016,240256,0.3195398480002041,0.1777134800213389,336,complete,False,a250ae81afc363466076dd397784dfa7e178223a,f2b6f21f8cfddcca,1.0.0
graph_ordering,full,True,grid_4x4,16,24,3,7,-1,rcm,68,6,"[2, 3, 4, 5, 5, 6, 6, 6, 6, 6, 5, 5, 4, 3, 2]",64,64,1e-14,64,64,29.6,4.638646729119504,2.95532613282978,4.72569374451698,256,"[0.9694, 1.797677, 2.544992, 3.38223, 3.82683, 4.277641, 4.711026, 4.725694, 4.318132, 3.452807, 3.163807, 3.004242, 2.322744, 1.696298, 0.800246]",264,132,0.021954768311487714,0.009550156609492794,0.989046611863669,0.019455974451350944,0.13982682193245916,43688,699008,0.7805391380006768,0.4973697459918185,336,complete,False,a250ae81afc363466076dd397784dfa7e178223a,f2b6f21f8cfddcca,1.0.0
graph_ordering,full,True,grid_4x4,16,24,3,7,-1,rcm,68,6,"[2, 3, 4, 5, 5, 6, 6, 6, 6, 6, 5, 5, 4, 3, 2]",-1,untruncated,1e-14,256,256,50.93333333333333,4.725693744516979,2.9995846385882157,4.72569374451698,256,"[0.9694, 1.797677, 2.544992, 3.38223, 3.82683, 4.277641, 4.711026, 4.725694, 4.318132, 3.452807, 3.163807, 3.004242, 2.322744, 1.696298, 0.800246]",264,132,6.179030888773487e-30,5.845848799726606e-31,0.9999999999999999,8.881784197001252e-16,3.097605723059553e-14,174760,2796160,1.6295808110007783,1.0739856809905177,336,complete,False,a250ae81afc363466076dd397784dfa7e178223a,f2b6f21f8cfddcca,1.0.0
graph_ordering,full,True,grid_4x4,16,24,3,7,-1,rand37,138,15,"[3, 5, 8, 11, 12, 15, 15, 13, 13, 11, 10, 9, 7, 4, 2]",4,4,1e-14,4,4,3.7333333333333334,1.8506013706635103,1.475561032986667,6.097374269520732,256,"[0.99792, 1.900889, 2.858012, 3.814004, 4.744266, 5.579507, 6.093951, 6.097374, 5.745155, 5.145948, 4.473655, 3.742375, 2.770713, 1.93582, 0.9694]",684,342,3.666523240847753,0.1896031839804506,0.15134938919084556,0.97814152125638,1.3054913772313177,424,6784,0.2239956989997154,0.044009520979670924,756,complete,False,a250ae81afc363466076dd397784dfa7e178223a,f2b6f21f8cfddcca,1.0.0
graph_ordering,full,True,grid_4x4,16,24,3,7,-1,rand37,138,15,"[3, 5, 8, 11, 12, 15, 15, 13, 13, 11, 10, 9, 7, 4, 2]",8,8,1e-14,8,8,6.666666666666667,2.6625537374534067,1.9976581104517799,6.097374269520732,256,"[0.99792, 1.900889, 2.858012, 3.814004, 4.744266, 5.579507, 6.093951, 6.097374, 5.745155, 5.145948, 4.473655, 3.742375, 2.770713, 1.93582, 0.9694]",684,342,2.95789132821781,0.10685665063979918,0.22257916721988025,0.947274412615498,1.2412731132988104,1448,23168,0.28215937899949495,0.08030190000499715,756,complete,False,a250ae81afc363466076dd397784dfa7e178223a,f2b6f21f8cfddcca,1.0.0
graph_ordering,full,True,grid_4x4,16,24,3,7,-1,rand37,138,15,"[3, 5, 8, 11, 12, 15, 15, 13, 13, 11, 10, 9, 7, 4, 2]",16,16,1e-14,16,16,11.466666666666667,3.5809348899977937,2.4348766185384165,6.097374269520732,256,"[0.99792, 1.900889, 2.858012, 3.814004, 4.744266, 5.579507, 6.093951, 6.097374, 5.745155, 5.145948, 4.473655, 3.742375, 2.770713, 1.93582, 0.9694]",684,342,2.1020745158443477,0.06903400708912057,0.345564903568575,0.8741494915437182,1.135998105514297,4776,76416,0.42903777200081095,0.18848705297568813,756,complete,False,a250ae81afc363466076dd397784dfa7e178223a,f2b6f21f8cfddcca,1.0.0
graph_ordering,full,True,grid_4x4,16,24,3,7,-1,rand37,138,15,"[3, 5, 8, 11, 12, 15, 15, 13, 13, 11, 10, 9, 7, 4, 2]",32,32,1e-14,32,32,18.933333333333334,4.504469056017953,2.9249703583993933,6.097374269520732,256,"[0.99792, 1.900889, 2.858012, 3.814004, 4.744266, 5.579507, 6.093951, 6.097374, 5.745155, 5.145948, 4.473655, 3.742375, 2.770713, 1.93582, 0.9694]",684,342,1.3383859768614539,0.045780029488026064,0.5087621944654508,0.7056043363073651,0.9564701744695834,15016,240256,0.8635592640002869,0.5392800309764425,756,complete,False,a250ae81afc363466076dd397784dfa7e178223a,f2b6f21f8cfddcca,1.0.0
graph_ordering,full,True,grid_4x4,16,24,3,7,-1,rand37,138,15,"[3, 5, 8, 11, 12, 15, 15, 13, 13, 11, 10, 9, 7, 4, 2]",64,64,1e-14,64,64,29.6,5.295698248314203,3.385049613737206,6.097374269520732,256,"[0.99792, 1.900889, 2.858012, 3.814004, 4.744266, 5.579507, 6.093951, 6.097374, 5.745155, 5.145948, 4.473655, 3.742375, 2.770713, 1.93582, 0.9694]",684,342,0.6129693752601955,0.037731692770113394,0.7344645379753938,0.40231753253398317,0.6736478886341486,43688,699008,2.33108400600031,1.6327019429991196,756,complete,False,a250ae81afc363466076dd397784dfa7e178223a,f2b6f21f8cfddcca,1.0.0
graph_ordering,full,True,grid_4x4,16,24,3,7,-1,rand37,138,15,"[3, 5, 8, 11, 12, 15, 15, 13, 13, 11, 10, 9, 7, 4, 2]",-1,untruncated,1e-14,256,256,50.93333333333333,6.097374269520732,3.791265984711491,6.097374269520732,256,"[0.99792, 1.900889, 2.858012, 3.814004, 4.744266, 5.579507, 6.093951, 6.097374, 5.745155, 5.145948, 4.473655, 3.742375, 2.770713, 1.93582, 0.9694]",684,342,7.041123740030132e-29,2.6312425568870726e-29,1.0,4.440892098500626e-16,7.083890248978887e-14,174760,2796160,6.700096083999597,4.571008527957019,756,complete,False,a250ae81afc363466076dd397784dfa7e178223a,f2b6f21f8cfddcca,1.0.0
graph_ordering,full,True,grid_4x4,16,24,3,7,-1,rand41,100,9,"[4, 5, 7, 9, 8, 8, 9, 7, 8, 8, 7, 7, 6, 5, 2]",4,4,1e-14,4,4,3.7333333333333334,1.6088546321005246,0.8331044637893622,4.749605708305845,256,"[0.928259, 1.900889, 2.863082, 3.762244, 4.46414, 4.474328, 4.749606, 4.172744, 4.309635, 4.116358, 3.870001, 3.393606, 2.807504, 1.97343, 0.994106]",456,228,3.038413454539566,0.12028968888578728,0.21304768700407406,0.9615724832268342,1.2680462315532717,424,6784,0.16603434299941,0.030859998012601864,528,complete,False,a250ae81afc363466076dd397784dfa7e178223a,f2b6f21f8cfddcca,1.0.0
graph_ordering,full,True,grid_4x4,16,24,3,7,-1,rand41,100,9,"[4, 5, 7, 9, 8, 8, 9, 7, 8, 8, 7, 7, 6, 5, 2]",8,8,1e-14,8,8,6.666666666666667,2.497214083230949,1.6602581045771854,4.749605708305845,256,"[0.928259, 1.900889, 2.863082, 3.762244, 4.46414, 4.474328, 4.749606, 4.172744, 4.309635, 4.116358, 3.870001, 3.393606, 2.807504, 1.97343, 0.994106]",456,228,2.087682532545616,0.07236624776867448,0.3466589131801105,0.8778110617391657,1.1405653478597506,1448,23168,0.20683278499927837,0.05650504299410386,528,complete,False,a250ae81afc363466076dd397784dfa7e178223a,f2b6f21f8cfddcca,1.0.0
graph_ordering,full,True,grid_4x4,16,24,3,7,-1,rand41,100,9,"[4, 5, 7, 9, 8, 8, 9, 7, 8, 8, 7, 7, 6, 5, 2]",16,16,1e-14,16,16,11.466666666666667,3.403709022659693,2.3263618499512635,4.749605708305845,256,"[0.928259, 1.900889, 2.863082, 3.762244, 4.46414, 4.474328, 4.749606, 4.172744, 4.309635, 4.116358, 3.870001, 3.393606, 2.807504, 1.97343, 0.994106]",456,228,1.1289625753340444,0.06838795044039236,0.5646231207780682,0.6361844189646362,0.8908745477698491,4776,76416,0.28111546999934944,0.11346123697330768,528,complete,False,a250ae81afc363466076dd397784dfa7e178223a,f2b6f21f8cfddcca,1.0.0
graph_ordering,full,True,grid_4x4,16,24,3,7,-1,rand41,100,9,"[4, 5, 7, 9, 8, 8, 9, 7, 8, 8, 7, 7, 6, 5, 2]",32,32,1e-14,32,32,18.933333333333334,4.132804550418763,2.850487276244207,4.749605708305845,256,"[0.928259, 1.900889, 2.863082, 3.762244, 4.46414, 4.474328, 4.749606, 4.172744, 4.309635, 4.116358, 3.870001, 3.393606, 2.807504, 1.97343, 0.994106]",456,228,0.39171453138452667,0.03682033353883926,0.8206389044635335,0.26753715052565086,0.536953564869134,15016,240256,0.5018556140003056,0.2781136379835516,528,complete,False,a250ae81afc363466076dd397784dfa7e178223a,f2b6f21f8cfddcca,1.0.0
graph_ordering,full,True,grid_4x4,16,24,3,7,-1,rand41,100,9,"[4, 5, 7, 9, 8, 8, 9, 7, 8, 8, 7, 7, 6, 5, 2]",64,64,1e-14,64,64,29.6,4.519000307669456,3.169739578283865,4.749605708305845,256,"[0.928259, 1.900889, 2.863082, 3.762244, 4.46414, 4.474328, 4.749606, 4.172744, 4.309635, 4.116358, 3.870001, 3.393606, 2.807504, 1.97343, 0.994106]",456,228,0.05081371573217759,0.016779504694577632,0.9748090094902329,0.03933040457408432,0.19931111842961088,43688,699008,1.2026096749996213,0.7765258769813954,528,complete,False,a250ae81afc363466076dd397784dfa7e178223a,f2b6f21f8cfddcca,1.0.0
graph_ordering,full,True,grid_4x4,16,24,3,7,-1,rand41,100,9,"[4, 5, 7, 9, 8, 8, 9, 7, 8, 8, 7, 7, 6, 5, 2]",-1,untruncated,1e-14,256,256,50.93333333333333,4.749605708305843,3.251995353904435,4.749605708305845,256,"[0.928259, 1.900889, 2.863082, 3.762244, 4.46414, 4.474328, 4.749606, 4.172744, 4.309635, 4.116358, 3.870001, 3.393606, 2.807504, 1.97343, 0.994106]",456,228,6.751625509891444e-29,1.8932919999741425e-29,0.9999999999999993,1.3322676295501878e-15,4.4883686989298426e-14,174760,2796160,2.8479654909988312,1.8179839310141688,528,complete,False,a250ae81afc363466076dd397784dfa7e178223a,f2b6f21f8cfddcca,1.0.0
graph_ordering,full,True,grid_4x4,16,24,3,7,-1,rand43,116,13,"[3, 6, 9, 9, 9, 11, 8, 8, 12, 13, 11, 8, 4, 3, 2]",4,4,1e-14,4,4,3.7333333333333334,1.4431880596847153,0.9661086855920902,5.278778228519656,256,"[0.974016, 1.889417, 2.862641, 3.675375, 4.436624, 5.10512, 4.820978, 4.946972, 5.278778, 5.14845, 4.300362, 3.481173, 2.552072, 1.922893, 0.994948]",552,276,3.2862429625962046,0.11569972129006621,0.1862868399996626,0.9696322386790803,1.2850965080761447,424,6784,0.19238955400032864,0.03627791601684294,624,complete,False,a250ae81afc363466076dd397784dfa7e178223a,f2b6f21f8cfddcca,1.0.0
graph_ordering,full,True,grid_4x4,16,24,3,7,-1,rand43,116,13,"[3, 6, 9, 9, 9, 11, 8, 8, 12, 13, 11, 8, 4, 3, 2]",8,8,1e-14,8,8,6.666666666666667,2.3298160406951496,1.7083503451593975,5.278778228519656,256,"[0.974016, 1.889417, 2.862641, 3.675375, 4.436624, 5.10512, 4.820978, 4.946972, 5.278778, 5.14845, 4.300362, 3.481173, 2.552072, 1.922893, 0.994948]",552,276,2.227817419466166,0.07104229161521239,0.3230585992327354,0.8875369033702317,1.1529482383728278,1448,23168,0.22986163499990653,0.06273426703774021,624,complete,False,a250ae81afc363466076dd397784dfa7e178223a,f2b6f21f8cfddcca,1.0.0
graph_ordering,full,True,grid_4x4,16,24,3,7,-1,rand43,116,13,"[3, 6, 9, 9, 9, 11, 8, 8, 12, 13, 11, 8, 4, 3, 2]",16,16,1e-14,16,16,11.466666666666667,3.2987535487283983,2.3358261241395377,5.278778228519656,256,"[0.974016, 1.889417, 2.862641, 3.675375, 4.436624, 5.10512, 4.820978, 4.946972, 5.278778, 5.14845, 4.300362, 3.481173, 2.552072, 1.922893, 0.994948]",552,276,1.404892432569786,0.06894454048063435,0.49138960357211064,0.7230463550289654,0.9733818830274368,4776,76416,0.3381624310004554,0.14451047497459513,624,complete,False,a250ae81afc363466076dd397784dfa7e178223a,f2b6f21f8cfddcca,1.0.0
graph_ordering,full,True,grid_4x4,16,24,3,7,-1,rand43,116,13,"[3, 6, 9, 9, 9, 11, 8, 8, 12, 13, 11, 8, 4, 3, 2]",32,32,1e-14,32,32,18.933333333333334,4.098529965605631,2.8591063749203136,5.278778228519656,256,"[0.974016, 1.889417, 2.862641, 3.675375, 4.436624, 5.10512, 4.820978, 4.946972, 5.278778, 5.14845, 4.300362, 3.481173, 2.552072, 1.922893, 0.994948]",552,276,0.6710811748292747,0.05794704579066261,0.7127030390510444,0.4491642814455751,0.7180764915092879,15016,240256,0.6683288389995141,0.3982616150078684,624,complete,False,a250ae81afc363466076dd397784dfa7e178223a,f2b6f21f8cfddcca,1.0.0
graph_ordering,full,True,grid_4x4,16,24,3,7,-1,rand43,116,13,"[3, 6, 9, 9, 9, 11, 8, 8, 12, 13, 11, 8, 4, 3, 2]",64,64,1e-14,64,64,29.6,4.817949495967677,3.265736581703112,5.278778228519656,256,"[0.974016, 1.889417, 2.862641, 3.675375, 4.436624, 5.10512, 4.820978, 4.946972, 5.278778, 5.14845, 4.300362, 3.481173, 2.552072, 1.922893, 0.994948]",552,276,0.20436692596084255,0.032845401375768316,0.9021632291287959,0.14329932616068386,0.3857946016000999,43688,699008,1.5540436120008962,1.0564871399692493,624,complete,False,a250ae81afc363466076dd397784dfa7e178223a,f2b6f21f8cfddcca,1.0.0
graph_ordering,full,True,grid_4x4,16,24,3,7,-1,rand43,116,13,"[3, 6, 9, 9, 9, 11, 8, 8, 12, 13, 11, 8, 4, 3, 2]",-1,untruncated,1e-14,256,256,50.93333333333333,5.278778228519655,3.49265453311505,5.278778228519656,256,"[0.974016, 1.889417, 2.862641, 3.675375, 4.436624, 5.10512, 4.820978, 4.946972, 5.278778, 5.14845, 4.300362, 3.481173, 2.552072, 1.922893, 0.994948]",552,276,5.942647869687499e-29,3.182201558070066e-29,0.9999999999999998,1.3322676295501878e-15,6.691194345521841e-14,174760,2796160,3.6932408470001974,2.4574651700095274,624,complete,False,a250ae81afc363466076dd397784dfa7e178223a,f2b6f21f8cfddcca,1.0.0
graph_ordering,full,True,grid_4x4,16,24,3,11,-1,natural,60,5,"[2, 3, 4, 4, 5, 5, 5, 4, 5, 5, 5, 4, 4, 3, 2]",4,4,1e-14,4,4,3.7333333333333334,1.6122553153923627,0.9479886131100034,3.64921067293477,256,"[0.838207, 1.501004, 2.09381, 2.761618, 3.180806, 3.512209, 3.460045, 3.292526, 3.589026, 3.649211, 3.59031, 3.189446, 2.386246, 1.563636, 0.824024]",216,108,1.7634668056697493,0.10417172906174393,0.40746915185145566,0.8484865570365296,1.10521737463704,424,6784,0.0848771429991757,0.016318157000569045,288,complete,False,a250ae81afc363466076dd397784dfa7e178223a,f2b6f21f8cfddcca,1.0.0
graph_ordering,full,True,grid_4x4,16,24,3,11,-1,natural,60,5,"[2, 3, 4, 4, 5, 5, 5, 4, 5, 5, 5, 4, 4, 3, 2]",8,8,1e-14,8,8,6.666666666666667,2.3913301392890203,1.6163970198215378,3.64921067293477,256,"[0.838207, 1.501004, 2.09381, 2.761618, 3.180806, 3.512209, 3.460045, 3.292526, 3.589026, 3.649211, 3.59031, 3.189446, 2.386246, 1.563636, 0.824024]",216,108,0.859181620583477,0.04375774541653529,0.6485599986688494,0.5736377371463797,0.8331095815837696,1448,23168,0.0989397409994126,0.02708724999683909,288,complete,False,a250ae81afc363466076dd397784dfa7e178223a,f2b6f21f8cfddcca,1.0.0
graph_ordering,full,True,grid_4x4,16,24,3,11,-1,natural,60,5,"[2, 3, 4, 4, 5, 5, 5, 4, 5, 5, 5, 4, 4, 3, 2]",16,16,1e-14,16,16,11.466666666666667,2.996212980756474,2.1554901663899075,3.64921067293477,256,"[0.838207, 1.501004, 2.09381, 2.761618, 3.180806, 3.512209, 3.460045, 3.292526, 3.589026, 3.649211, 3.59031, 3.189446, 2.386246, 1.563636, 0.824024]",216,108,0.2824091622550587,0.01599868009702558,0.8678294814823571,0.23311316894941247,0.4985564171304541,4776,76416,0.13890361599987955,0.05675599198912096,288,complete,False,a250ae81afc363466076dd397784dfa7e178223a,f2b6f21f8cfddcca,1.0.0
graph_ordering,full,True,grid_4x4,16,24,3,11,-1,natural,60,5,"[2, 3, 4, 4, 5, 5, 5, 4, 5, 5, 5, 4, 4, 3, 2]",32,32,1e-14,32,32,18.933333333333334,3.457035812697505,2.499918353738581,3.64921067293477,256,"[0.838207, 1.501004, 2.09381, 2.761618, 3.180806, 3.512209, 3.460045, 3.292526, 3.589026, 3.649211, 3.59031, 3.189446, 2.386246, 1.563636, 0.824024]",216,108,0.051832705422885615,0.005743660289154963,0.9743790831330381,0.0458209052431936,0.21530948736320585,15016,240256,0.24433436000072106,0.14148459300668037,288,complete,False,a250ae81afc363466076dd397784dfa7e178223a,f2b6f21f8cfddcca,1.0.0
graph_ordering,full,True,grid_4x4,16,24,3,11,-1,natural,60,5,"[2, 3, 4, 4, 5, 5, 5, 4, 5, 5, 5, 4, 4, 3, 2]",64,64,1e-14,64,64,29.6,3.626273030887286,2.614431598056782,3.64921067293477,256,"[0.838207, 1.501004, 2.09381, 2.761618, 3.180806, 3.512209, 3.460045, 3.292526, 3.589026, 3.649211, 3.59031, 3.189446, 2.386246, 1.563636, 0.824024]",216,108,0.004034191968392539,0.0011558561880082134,0.9979842658941076,0.0038026897189717968,0.061695313608108725,43688,699008,0.5691748389999702,0.39242338501389895,288,complete,False,a250ae81afc363466076dd397784dfa7e178223a,f2b6f21f8cfddcca,1.0.0
graph_ordering,full,True,grid_4x4,16,24,3,11,-1,natural,60,5,"[2, 3, 4, 4, 5, 5, 5, 4, 5, 5, 5, 4, 4, 3, 2]",-1,untruncated,1e-14,256,256,50.93333333333333,3.6492106729347698,2.6288082610561174,3.64921067293477,256,"[0.838207, 1.501004, 2.09381, 2.761618, 3.180806, 3.512209, 3.460045, 3.292526, 3.589026, 3.649211, 3.59031, 3.189446, 2.386246, 1.563636, 0.824024]",216,108,2.6188805245349715e-30,1.3749067319154281e-30,1.0000000000000002,4.440892098500626e-16,4.0562142798402335e-14,174760,2796160,1.2906150900016655,0.9120547259699379,288,complete,False,a250ae81afc363466076dd397784dfa7e178223a,f2b6f21f8cfddcca,1.0.0
graph_ordering,full,True,grid_4x4,16,24,3,11,-1,bfs,68,6,"[2, 3, 4, 5, 5, 6, 6, 6, 6, 6, 5, 5, 4, 3, 2]",4,4,1e-14,4,4,3.7333333333333334,1.556092371693642,1.0036694102727635,3.9095813991063286,256,"[0.838207, 1.501004, 2.012285, 2.543856, 3.020824, 3.436955, 3.888849, 3.773451, 3.909581, 3.379758, 3.062388, 2.838469, 2.138091, 1.563636, 0.824024]",264,132,1.7462858724132397,0.09722493308727964,0.4120689978346645,0.851752828002817,1.1090276879097172,424,6784,0.10831723999945098,0.019811078973361873,336,complete,False,a250ae81afc363466076dd397784dfa7e178223a,f2b6f21f8cfddcca,1.0.0
graph_ordering,full,True,grid_4x4,16,24,3,11,-1,bfs,68,6,"[2, 3, 4, 5, 5, 6, 6, 6, 6, 6, 5, 5, 4, 3, 2]",8,8,1e-14,8,8,6.666666666666667,2.3713097171651745,1.6960291228155504,3.9095813991063286,256,"[0.838207, 1.501004, 2.012285, 2.543856, 3.020824, 3.436955, 3.888849, 3.773451, 3.909581, 3.379758, 3.062388, 2.838469, 2.138091, 1.563636, 0.824024]",264,132,0.7568687167485223,0.0606403249493271,0.6825493892747332,0.5370687005008847,0.7995116644015325,1448,23168,0.13486474199999066,0.034330387015870656,336,complete,False,a250ae81afc363466076dd397784dfa7e178223a,f2b6f21f8cfddcca,1.0.0
graph_ordering,full,True,grid_4x4,16,24,3,11,-1,bfs,68,6,"[2, 3, 4, 5, 5, 6, 6, 6, 6, 6, 5, 5, 4, 3, 2]",16,16,1e-14,16,16,11.466666666666667,3.1026383786251737,2.135028829838057,3.9095813991063286,256,"[0.838207, 1.501004, 2.012285, 2.543856, 3.020824, 3.436955, 3.888849, 3.773451, 3.909581, 3.379758, 3.062388, 2.838469, 2.138091, 1.563636, 0.824024]",264,132,0.2787385017191771,0.02317319015048248,0.86931925694446,0.2338255440086744,0.49937176824317386,4776,76416,0.17961614599880704,0.0699868010051432,336,complete,False,a250ae81afc363466076dd397784dfa7e178223a,f2b6f21f8cfddcca,1.0.0
graph_ordering,full,True,grid_4x4,16,24,3,11,-1,bfs,68,6,"[2, 3, 4, 5, 5, 6, 6, 6, 6, 6, 5, 5, 4, 3, 2]",32,32,1e-14,32,32,18.933333333333334,3.657863752083172,2.4550209986650438,3.9095813991063286,256,"[0.838207, 1.501004, 2.012285, 2.543856, 3.020824, 3.436955, 3.888849, 3.773451, 3.909581, 3.379758, 3.062388, 2.838469, 2.138091, 1.563636, 0.824024]",264,132,0.05758713456769781,0.00665993601034939,0.9715697896460745,0.050927744093991256,0.22714138525379513,15016,240256,0.32398109800124075,0.18607556000824843,336,complete,False,a250ae81afc363466076dd397784dfa7e178223a,f2b6f21f8cfddcca,1.0.0
graph_ordering,full,True,grid_4x4,16,24,3,11,-1,bfs,68,6,"[2, 3, 4, 5, 5, 6, 6, 6, 6, 6, 5, 5, 4, 3, 2]",64,64,1e-14,64,64,29.6,3.8867195975387627,2.5714973668817267,3.9095813991063286,256,"[0.838207, 1.501004, 2.012285, 2.543856, 3.020824, 3.436955, 3.888849, 3.773451, 3.909581, 3.379758, 3.062388, 2.838469, 2.138091, 1.563636, 0.824024]",264,132,0.0033594443505461534,0.000948075177039963,0.9983212752848334,0.0027210753075305183,0.05218169116623932,43688,699008,0.7053103489997739,0.45843372399212967,336,complete,False,a250ae81afc363466076dd397784dfa7e178223a,f2b6f21f8cfddcca,1.0.0
graph_ordering,full,True,grid_4x4,16,24,3,11,-1,bfs,68,6,"[2, 3, 4, 5, 5, 6, 6, 6, 6, 6, 5, 5, 4, 3, 2]",-1,untruncated,1e-14,256,256,50.93333333333333,3.9095813991063295,2.582091866327951,3.9095813991063286,256,"[0.838207, 1.501004, 2.012285, 2.543856, 3.020824, 3.436955, 3.888849, 3.773451, 3.909581, 3.379758, 3.062388, 2.838469, 2.138091, 1.563636, 0.824024]",264,132,1.7043667574872846e-29,4.97428160761945e-30,1.0000000000000007,4.440892098500626e-16,3.323841446905023e-14,174760,2796160,1.5306492689996958,1.0119693130181986,336,complete,False,a250ae81afc363466076dd397784dfa7e178223a,f2b6f21f8cfddcca,1.0.0
graph_ordering,full,True,grid_4x4,16,24,3,11,-1,rcm,68,6,"[2, 3, 4, 5, 5, 6, 6, 6, 6, 6, 5, 5, 4, 3, 2]",4,4,1e-14,4,4,3.7333333333333334,1.5560923716936403,1.0036694102727632,3.9095813991063313,256,"[0.824024, 1.563636, 2.138091, 2.838469, 3.062388, 3.379758, 3.909581, 3.773451, 3.888849, 3.436955, 3.020824, 2.543856, 2.012285, 1.501004, 0.838207]",264,132,1.746285872413226,0.09722493308727771,0.4120689978346688,0.8517528280028168,1.1090276879097187,424,6784,0.10833871599970735,0.01937117799752741,336,complete,False,a250ae81afc363466076dd397784dfa7e178223a,f2b6f21f8cfddcca,1.0.0
graph_ordering,full,True,grid_4x4,16,24,3,11,-1,rcm,68,6,"[2, 3, 4, 5, 5, 6, 6, 6, 6, 6, 5, 5, 4, 3, 2]",8,8,1e-14,8,8,6.666666666666667,2.371309717165179,1.69602912281555,3.9095813991063313,256,"[0.824024, 1.563636, 2.138091, 2.838469, 3.062388, 3.379758, 3.909581, 3.773451, 3.888849, 3.436955, 3.020824, 2.543856, 2.012285, 1.501004, 0.838207]",264,132,0.7568687167485185,0.06064032494932752,0.6825493892747361,0.5370687005008855,0.7995116644015352,1448,23168,0.13639879699985613,0.03186251701663423,336,complete,False,a250ae81afc363466076dd397784dfa7e178223a,f2b6f21f8cfddcca,1.0.0
graph_ordering,full,True,grid_4x4,16,24,3,11,-1,rcm,68,6,"[2, 3, 4, 5, 5, 6, 6, 6, 6, 6, 5, 5, 4, 3, 2]",16,16,1e-14,16,16,11.466666666666667,3.1026383786251786,2.135028829838061,3.9095813991063313,256,"[0.824024, 1.563636, 2.138091, 2.838469, 3.062388, 3.379758, 3.909581, 3.773451, 3.888849, 3.436955, 3.020824, 2.543856, 2.012285, 1.501004, 0.838207]",264,132,0.2787385017191755,0.023173190150482883,0.8693192569444603,0.2338255440086736,0.49937176824317603,4776,76416,0.17932233000101405,0.0692044870211248,336,complete,False,a250ae81afc363466076dd397784dfa7e178223a,f2b6f21f8cfddcca,1.0.0
graph_ordering,full,True,grid_4x4,16,24,3,11,-1,rcm,68,6,"[2, 3, 4, 5, 5, 6, 6, 6, 6, 6, 5, 5, 4, 3, 2]",32,32,1e-14,32,32,18.933333333333334,3.657863752083169,2.455020998665047,3.9095813991063313,256,"[0.824024, 1.563636, 2.138091, 2.838469, 3.062388, 3.379758, 3.909581, 3.773451, 3.888849, 3.436955, 3.020824, 2.543856, 2.012285, 1.501004, 0.838207]",264,132,0.057587134567697304,0.006659936010349379,0.9715697896460754,0.0509277440939917,0.22714138525379468,15016,240256,0.31955683199885243,0.18125314301505568,336,complete,False,a250ae81afc363466076dd397784dfa7e178223a,f2b6f21f8cfddcca,1.0.0
graph_ordering,full,True,grid_4x4,16,24,3,11,-1,rcm,68,6,"[2, 3, 4, 5, 5, 6, 6, 6, 6, 6, 5, 5, 4, 3, 2]",64,64,1e-14,64,64,29.6,3.886719597538762,2.571497366881727,3.9095813991063313,256,"[0.824024, 1.563636, 2.138091, 2.838469, 3.062388, 3.379758, 3.909581, 3.773451, 3.888849, 3.436955, 3.020824, 2.543856, 2.012285, 1.501004, 0.838207]",264,132,0.0033594443505461915,0.0009480751770399727,0.9983212752848333,0.0027210753075309624,0.05218169116623929,43688,699008,0.7146251470003335,0.46837300800143566,336,complete,False,a250ae81afc363466076dd397784dfa7e178223a,f2b6f21f8cfddcca,1.0.0
graph_ordering,full,True,grid_4x4,16,24,3,11,-1,rcm,68,6,"[2, 3, 4, 5, 5, 6, 6, 6, 6, 6, 5, 5, 4, 3, 2]",-1,untruncated,1e-14,256,256,50.93333333333333,3.9095813991063304,2.582091866327951,3.9095813991063313,256,"[0.824024, 1.563636, 2.138091, 2.838469, 3.062388, 3.379758, 3.909581, 3.773451, 3.888849, 3.436955, 3.020824, 2.543856, 2.012285, 1.501004, 0.838207]",264,132,8.479555719051064e-30,2.3743392033880106e-30,0.9999999999999996,8.881784197001252e-16,3.107559416814659e-14,174760,2796160,1.5674195990013686,1.0244249909974315,336,complete,False,a250ae81afc363466076dd397784dfa7e178223a,f2b6f21f8cfddcca,1.0.0
graph_ordering,full,True,grid_4x4,16,24,3,11,-1,rand37,138,15,"[3, 5, 8, 11, 12, 15, 15, 13, 13, 11, 10, 9, 7, 4, 2]",4,4,1e-14,4,4,3.7333333333333334,1.3496714821240303,0.8672482346197596,5.704580767664026,256,"[0.960338, 1.876153, 2.743378, 3.570736, 4.437711, 5.264591, 5.704581, 5.689851, 5.315718, 4.816026, 4.091448, 3.33923, 2.418564, 1.569315, 0.824024]",684,342,2.700526392776882,0.13300676127003555,0.2534399284321646,0.9507431859734397,1.2474463821071409,424,6784,0.22939444000076037,0.04499240798577375,756,complete,False,a250ae81afc363466076dd397784dfa7e178223a,f2b6f21f8cfddcca,1.0.0
graph_ordering,full,True,grid_4x4,16,24,3,11,-1,rand37,138,15,"[3, 5, 8, 11, 12, 15, 15, 13, 13, 11, 10, 9, 7, 4, 2]",8,8,1e-14,8,8,6.666666666666667,2.2072769659085894,1.3589362302968757,5.704580767664026,256,"[0.960338, 1.876153, 2.743378, 3.570736, 4.437711, 5.264591, 5.704581, 5.689851, 5.315718, 4.816026, 4.091448, 3.33923, 2.418564, 1.569315, 0.824024]",684,342,1.9514300253791672,0.05366487897000176,0.37379189152636577,0.8775568545459217,1.1402466664771242,1448,23168,0.2813120129994786,0.08109668201541353,756,complete,False,a250ae81afc363466076dd397784dfa7e178223a,f2b6f21f8cfddcca,1.0.0
graph_ordering,full,True,grid_4x4,16,24,3,11,-1,rand37,138,15,"[3, 5, 8, 11, 12, 15, 15, 13, 13, 11, 10, 9, 7, 4, 2]",16,16,1e-14,16,16,11.466666666666667,3.1722431174859573,1.9448171770154714,5.704580767664026,256,"[0.960338, 1.876153, 2.743378, 3.570736, 4.437711, 5.264591, 5.704581, 5.689851, 5.315718, 4.816026, 4.091448, 3.33923, 2.418564, 1.569315, 0.824024]",684,342,1.3576960641183713,0.039283711801188025,0.5049442467586163,0.7501936087838724,1.000193627536945,4776,76416,0.43054865799967956,0.18906836398491578,756,complete,False,a250ae81afc363466076dd397784dfa7e178223a,f2b6f21f8cfddcca,1.0.0
graph_ordering,full,True,grid_4x4,16,24,3,11,-1,rand37,138,15,"[3, 5, 8, 11, 12, 15, 15, 13, 13, 11, 10, 9, 7, 4, 2]",32,32,1e-14,32,32,18.933333333333334,4.071616971049563,2.5552173764651616,5.704580767664026,256,"[0.960338, 1.876153, 2.743378, 3.570736, 4.437711, 5.264591, 5.704581, 5.689851, 5.315718, 4.816026, 4.091448, 3.33923, 2.418564, 1.569315, 0.824024]",684,342,0.8356200723575804,0.029104570423893947,0.657107713103475,0.5363969663380508,0.7988942245838163,15016,240256,0.8755221339997661,0.5424620239955402,756,complete,False,a250ae81afc363466076dd397784dfa7e178223a,f2b6f21f8cfddcca,1.0.0
graph_ordering,full,True,grid_4x4,16,24,3,11,-1,rand37,138,15,"[3, 5, 8, 11, 12, 15, 15, 13, 13, 11, 10, 9, 7, 4, 2]",64,64,1e-14,64,64,29.6,4.902773438047625,3.066948642706691,5.704580767664026,256,"[0.960338, 1.876153, 2.743378, 3.570736, 4.437711, 5.264591, 5.704581, 5.689851, 5.315718, 4.816026, 4.091448, 3.33923, 2.418564, 1.569315, 0.824024]",684,342,0.3608910771377959,0.017636207159519815,0.834356819909694,0.2613889760937347,0.5302361331410226,43688,699008,2.4177964280006563,1.686131402002502,756,complete,False,a250ae81afc363466076dd397784dfa7e178223a,f2b6f21f8cfddcca,1.0.0
graph_ordering,full,True,grid_4x4,16,24,3,11,-1,rand37,138,15,"[3, 5, 8, 11, 12, 15, 15, 13, 13, 11, 10, 9, 7, 4, 2]",-1,untruncated,1e-14,256,256,50.93333333333333,5.704580767664024,3.508110997250253,5.704580767664026,256,"[0.960338, 1.876153, 2.743378, 3.570736, 4.437711, 5.264591, 5.704581, 5.689851, 5.315718, 4.816026, 4.091448, 3.33923, 2.418564, 1.569315, 0.824024]",684,342,1.1322973802262149e-29,2.8584943715347887e-30,1.0000000000000002,4.440892098500626e-16,8.418064759482175e-14,174760,2796160,6.77355786499902,4.6012200900022435,756,complete,False,a250ae81afc363466076dd397784dfa7e178223a,f2b6f21f8cfddcca,1.0.0
graph_ordering,full,True,grid_4x4,16,24,3,11,-1,rand41,100,9,"[4, 5, 7, 9, 8, 8, 9, 7, 8, 8, 7, 7, 6, 5, 2]",4,4,1e-14,4,4,3.7333333333333334,1.555392095718109,1.1201043611517383,4.2114323807864515,256,"[0.978622, 1.876153, 2.66497, 3.526631, 4.020073, 3.881913, 4.211432, 3.683039, 3.877621, 3.72427, 3.396647, 2.902202, 2.651852, 1.792394, 0.954702]",456,228,2.2371918177513908,0.09065772980310674,0.32020016153397646,0.8897860806983469,1.155867797044069,424,6784,0.16670948400133057,0.029950929023470962,528,complete,False,a250ae81afc363466076dd397784dfa7e178223a,f2b6f21f8cfddcca,1.0.0
graph_ordering,full,True,grid_4x4,16,24,3,11,-1,rand41,100,9,"[4, 5, 7, 9, 8, 8, 9, 7, 8, 8, 7, 7, 6, 5, 2]",8,8,1e-14,8,8,6.666666666666667,2.0882237221133018,1.5710995427230385,4.2114323807864515,256,"[0.978622, 1.876153, 2.66497, 3.526631, 4.020073, 3.881913, 4.211432, 3.683039, 3.877621, 3.72427, 3.396647, 2.902202, 2.651852, 1.792394, 0.954702]",456,228,1.4997415807271133,0.054575476616577884,0.46884549821680915,0.7378740248958309,0.9879449405102811,1448,23168,0.19932400200013944,0.05003824201412499,528,complete,False,a250ae81afc363466076dd397784dfa7e178223a,f2b6f21f8cfddcca,1.0.0
graph_ordering,full,True,grid_4x4,16,24,3,11,-1,rand41,100,9,"[4, 5, 7, 9, 8, 8, 9, 7, 8, 8, 7, 7, 6, 5, 2]",16,16,1e-14,16,16,11.466666666666667,2.8211106636453174,2.140577160815174,4.2114323807864515,256,"[0.978622, 1.876153, 2.66497, 3.526631, 4.020073, 3.881913, 4.211432, 3.683039, 3.877621, 3.72427, 3.396647, 2.902202, 2.651852, 1.792394, 0.954702]",456,228,0.7129600678055503,0.04758401959249503,0.6981160096500623,0.4530945921795482,0.7217609963959923,4776,76416,0.28034263900008227,0.1105461079714587,528,complete,False,a250ae81afc363466076dd397784dfa7e178223a,f2b6f21f8cfddcca,1.0.0
graph_ordering,full,True,grid_4x4,16,24,3,11,-1,rand41,100,9,"[4, 5, 7, 9, 8, 8, 9, 7, 8, 8, 7, 7, 6, 5, 2]",32,32,1e-14,32,32,18.933333333333334,3.575756796156882,2.6144970958176987,4.2114323807864515,256,"[0.978622, 1.876153, 2.66497, 3.526631, 4.020073, 3.881913, 4.211432, 3.683039, 3.877621, 3.72427, 3.396647, 2.902202, 2.651852, 1.792394, 0.954702]",456,228,0.24052417955729846,0.03056956224259421,0.8860261914818205,0.16616306895049116,0.4167811911676474,15016,240256,0.49131690099966363,0.27898685597574513,528,complete,False,a250ae81afc363466076dd397784dfa7e178223a,f2b6f21f8cfddcca,1.0.0
graph_ordering,full,True,grid_4x4,16,24,3,11,-1,rand41,100,9,"[4, 5, 7, 9, 8, 8, 9, 7, 8, 8, 7, 7, 6, 5, 2]",64,64,1e-14,64,64,29.6,4.0618993889819235,2.8873180879480453,4.2114323807864515,256,"[0.978622, 1.876153, 2.66497, 3.526631, 4.020073, 3.881913, 4.211432, 3.683039, 3.877621, 3.72427, 3.396647, 2.902202, 2.651852, 1.792394, 0.954702]",456,228,0.025708229068064272,0.006709182837426668,0.9872098918827669,0.02052035764893534,0.14362006501579344,43688,699008,1.1423639330005244,0.7430078469897126,528,complete,False,a250ae81afc363466076dd397784dfa7e178223a,f2b6f21f8cfddcca,1.0.0
graph_ordering,full,True,grid_4x4,16,24,3,11,-1,rand41,100,9,"[4, 5, 7, 9, 8, 8, 9, 7, 8, 8, 7, 7, 6, 5, 2]",-1,untruncated,1e-14,256,256,50.93333333333333,4.2114323807864515,2.9428347282476737,4.2114323807864515,256,"[0.978622, 1.876153, 2.66497, 3.526631, 4.020073, 3.881913, 4.211432, 3.683039, 3.877621, 3.72427, 3.396647, 2.902202, 2.651852, 1.792394, 0.954702]",456,228,3.344137429066036e-29,1.0387519546942369e-29,1.0000000000000002,1.7763568394002505e-15,5.76932981394341e-14,174760,2796160,2.9466323220003687,1.8949684550079837,528,complete,False,a250ae81afc363466076dd397784dfa7e178223a,f2b6f21f8cfddcca,1.0.0
graph_ordering,full,True,grid_4x4,16,24,3,11,-1,rand43,116,13,"[3, 6, 9, 9, 9, 11, 8, 8, 12, 13, 11, 8, 4, 3, 2]",4,4,1e-14,4,4,3.7333333333333334,1.4111139218432582,0.9631926033540321,4.921049095469973,256,"[0.891903, 1.863814, 2.783508, 3.449129, 3.963223, 4.472412, 4.179967, 4.268754, 4.921049, 4.6367, 4.006442, 3.171875, 2.23622, 1.572193, 0.767967]",552,276,2.274025973220303,0.11599833785077177,0.3148307594794769,0.9073303445822171,1.179477078597216,424,6784,0.19146371700117015,0.03677752200928808,624,complete,False,a250ae81afc363466076dd397784dfa7e178223a,f2b6f21f8cfddcca,1.0.0
graph_ordering,full,True,grid_4x4,16,24,3,11,-1,rand43,116,13,"[3, 6, 9, 9, 9, 11, 8, 8, 12, 13, 11, 8, 4, 3, 2]",8,8,1e-14,8,8,6.666666666666667,2.216467737245143,1.5145658883724173,4.921049095469973,256,"[0.891903, 1.863814, 2.783508, 3.449129, 3.963223, 4.472412, 4.179967, 4.268754, 4.921049, 4.6367, 4.006442, 3.171875, 2.23622, 1.572193, 0.767967]",552,276,1.6950500077491641,0.05829258037435209,0.4246446783631514,0.8079307199507529,1.0599461367893332,1448,23168,0.23020653299863625,0.0633803809996607,624,complete,False,a250ae81afc363466076dd397784dfa7e178223a,f2b6f21f8cfddcca,1.0.0
graph_ordering,full,True,grid_4x4,16,24,3,11,-1,rand43,116,13,"[3, 6, 9, 9, 9, 11, 8, 8, 12, 13, 11, 8, 4, 3, 2]",16,16,1e-14,16,16,11.466666666666667,3.066158231246978,2.118398019528235,4.921049095469973,256,"[0.891903, 1.863814, 2.783508, 3.449129, 3.963223, 4.472412, 4.179967, 4.268754, 4.921049, 4.6367, 4.006442, 3.171875, 2.23622, 1.572193, 0.767967]",552,276,0.9533449803308727,0.05146126862356602,0.6185300138966604,0.5833887320257185,0.8420756363903871,4776,76416,0.3360846389987273,0.14348351600165188,624,complete,False,a250ae81afc363466076dd397784dfa7e178223a,f2b6f21f8cfddcca,1.0.0
graph_ordering,full,True,grid_4x4,16,24,3,11,-1,rand43,116,13,"[3, 6, 9, 9, 9, 11, 8, 8, 12, 13, 11, 8, 4, 3, 2]",32,32,1e-14,32,32,18.933333333333334,3.902147613219112,2.60670141667092,4.921049095469973,256,"[0.891903, 1.863814, 2.783508, 3.449129, 3.963223, 4.472412, 4.179967, 4.268754, 4.921049, 4.6367, 4.006442, 3.171875, 2.23622, 1.572193, 0.767967]",552,276,0.4129689968109615,0.03297729812956053,0.8125688414087756,0.2930656036858599,0.5642802347284026,15016,240256,0.6632409099984216,0.3917156000061368,624,complete,False,a250ae81afc363466076dd397784dfa7e178223a,f2b6f21f8cfddcca,1.0.0
graph_ordering,full,True,grid_4x4,16,24,3,11,-1,rand43,116,13,"[3, 6, 9, 9, 9, 11, 8, 8, 12, 13, 11, 8, 4, 3, 2]",64,64,1e-14,64,64,29.6,4.626394906696388,3.0067941351511043,4.921049095469973,256,"[0.891903, 1.863814, 2.783508, 3.449129, 3.963223, 4.472412, 4.179967, 4.268754, 4.921049, 4.6367, 4.006442, 3.171875, 2.23622, 1.572193, 0.767967]",552,276,0.08250495493552111,0.012072205853109934,0.9594805118372711,0.058662296163127126,0.24402625145227544,43688,699008,1.565384344999984,1.0483343310279452,624,complete,False,a250ae81afc363466076dd397784dfa7e178223a,f2b6f21f8cfddcca,1.0.0
graph_ordering,full,True,grid_4x4,16,24,3,11,-1,rand43,116,13,"[3, 6, 9, 9, 9, 11, 8, 8, 12, 13, 11, 8, 4, 3, 2]",-1,untruncated,1e-14,256,256,50.93333333333333,4.921049095469974,3.1456770983083815,4.921049095469973,256,"[0.891903, 1.863814, 2.783508, 3.449129, 3.963223, 4.472412, 4.179967, 4.268754, 4.921049, 4.6367, 4.006442, 3.171875, 2.23622, 1.572193, 0.767967]",552,276,3.68375284814884e-29,8.691428841006728e-30,0.9999999999999998,0.0,6.605508571140208e-14,174760,2796160,3.6687552639996284,2.4705951530431776,624,complete,False,a250ae81afc363466076dd397784dfa7e178223a,f2b6f21f8cfddcca,1.0.0
graph_ordering,full,True,grid_4x4,16,24,3,19,-1,natural,60,5,"[2, 3, 4, 4, 5, 5, 5, 4, 5, 5, 5, 4, 4, 3, 2]",4,4,1e-14,4,4,3.7333333333333334,1.5302863145706318,1.0974694063642,3.973312741422653,256,"[0.899469, 1.861358, 2.761745, 3.328421, 3.666195, 3.717939, 3.830092, 3.973313, 3.766698, 3.644797, 3.096158, 2.57222, 2.34476, 1.527962, 0.764979]",216,108,2.1962207122323814,0.10481451754758433,0.3253727645440242,0.8840028193531757,1.1484044685210821,424,6784,0.08360393000111799,0.016301389996442595,288,complete,False,a250ae81afc363466076dd397784dfa7e178223a,f2b6f21f8cfddcca,1.0.0
graph_ordering,full,True,grid_4x4,16,24,3,19,-1,natural,60,5,"[2, 3, 4, 4, 5, 5, 5, 4, 5, 5, 5, 4, 4, 3, 2]",8,8,1e-14,8,8,6.666666666666667,2.3940200161102747,1.8088597082526867,3.973312741422653,256,"[0.899469, 1.861358, 2.761745, 3.328421, 3.666195, 3.717939, 3.830092, 3.973313, 3.766698, 3.644797, 3.096158, 2.57222, 2.34476, 1.527962, 0.764979]",216,108,0.9683877625296818,0.07200013101264467,0.6126204638053737,0.5906628555697856,0.8487701560146921,1448,23168,0.10352848200091103,0.02827651198458625,288,complete,False,a250ae81afc363466076dd397784dfa7e178223a,f2b6f21f8cfddcca,1.0.0
graph_ordering,full,True,grid_4x4,16,24,3,19,-1,natural,60,5,"[2, 3, 4, 4, 5, 5, 5, 4, 5, 5, 5, 4, 4, 3, 2]",16,16,1e-14,16,16,11.466666666666667,3.0034341842178556,2.3131246061193895,3.973312741422653,256,"[0.899469, 1.861358, 2.761745, 3.328421, 3.666195, 3.717939, 3.830092, 3.973313, 3.766698, 3.644797, 3.096158, 2.57222, 2.34476, 1.527962, 0.764979]",216,108,0.33161868265084776,0.029683060539219867,0.8463676919986013,0.2642834988114471,0.5334056989495243,4776,76416,0.14078367999900365,0.057316475997140515,288,complete,False,a250ae81afc363466076dd397784dfa7e178223a,f2b6f21f8cfddcca,1.0.0
graph_ordering,full,True,grid_4x4,16,24,3,19,-1,natural,60,5,"[2, 3, 4, 4, 5, 5, 5, 4, 5, 5, 5, 4, 4, 3, 2]",32,32,1e-14,32,32,18.933333333333334,3.633544860489427,2.646657204254578,3.973312741422653,256,"[0.899469, 1.861358, 2.761745, 3.328421, 3.666195, 3.717939, 3.830092, 3.973313, 3.766698, 3.644797, 3.096158, 2.57222, 2.34476, 1.527962, 0.764979]",216,108,0.06807984653335067,0.00788941569764644,0.9664656461619676,0.060006617140914376,0.24684991817946458,15016,240256,0.2466120890003367,0.14365040399934514,288,complete,False,a250ae81afc363466076dd397784dfa7e178223a,f2b6f21f8cfddcca,1.0.0
graph_ordering,full,True,grid_4x4,16,24,3,19,-1,natural,60,5,"[2, 3, 4, 4, 5, 5, 5, 4, 5, 5, 5, 4, 4, 3, 2]",64,64,1e-14,64,64,29.6,3.9140988053359522,2.7625436779491257,3.973312741422653,256,"[0.899469, 1.861358, 2.761745, 3.328421, 3.666195, 3.717939, 3.830092, 3.973313, 3.766698, 3.644797, 3.096158, 2.57222, 2.34476, 1.527962, 0.764979]",216,108,0.007029888812430017,0.0021064093835192715,0.9964893658580106,0.006309530287534781,0.07949537315433676,43688,699008,0.5637616129988601,0.3900566059819539,288,complete,False,a250ae81afc363466076dd397784dfa7e178223a,f2b6f21f8cfddcca,1.0.0
graph_ordering,full,True,grid_4x4,16,24,3,19,-1,natural,60,5,"[2, 3, 4, 4, 5, 5, 5, 4, 5, 5, 5, 4, 4, 3, 2]",-1,untruncated,1e-14,256,256,50.93333333333333,3.973312741422654,2.7837403757354813,3.973312741422653,256,"[0.899469, 1.861358, 2.761745, 3.328421, 3.666195, 3.717939, 3.830092, 3.973313, 3.766698, 3.644797, 3.096158, 2.57222, 2.34476, 1.527962, 0.764979]",216,108,1.0141091131142675e-30,5.097693387633805e-31,1.0000000000000002,0.0,4.263057413495122e-14,174760,2796160,1.3015127239996218,0.8969220479921205,288,complete,False,a250ae81afc363466076dd397784dfa7e178223a,f2b6f21f8cfddcca,1.0.0
graph_ordering,full,True,grid_4x4,16,24,3,19,-1,bfs,68,6,"[2, 3, 4, 5, 5, 6, 6, 6, 6, 6, 5, 5, 4, 3, 2]",4,4,1e-14,4,4,3.7333333333333334,1.6557784087351064,1.1130137884884455,3.7555080139049988,256,"[0.899469, 1.861358, 2.445859, 3.228522, 3.558811, 3.556426, 3.646019, 3.654636, 3.668053, 3.755508, 3.611814, 2.92175, 2.187116, 1.527962, 0.764979]",264,132,2.369587486142168,0.10012170553736825,0.29775282274593334,0.9126310881950283,1.1869436999189655,424,6784,0.10946970700024394,0.02025775499714655,336,complete,False,a250ae81afc363466076dd397784dfa7e178223a,f2b6f21f8cfddcca,1.0.0
graph_ordering,full,True,grid_4x4,16,24,3,19,-1,bfs,68,6,"[2, 3, 4, 5, 5, 6, 6, 6, 6, 6, 5, 5, 4, 3, 2]",8,8,1e-14,8,8,6.666666666666667,2.444697898846065,1.7604851013634255,3.7555080139049988,256,"[0.899469, 1.861358, 2.445859, 3.228522, 3.558811, 3.556426, 3.646019, 3.654636, 3.668053, 3.755508, 3.611814, 2.92175, 2.187116, 1.527962, 0.764979]",264,132,1.0788805101237573,0.0701919156591426,0.5791737366488116,0.6196743832030864,0.8755507365758455,1448,23168,0.13006148400017992,0.03421909100325138,336,complete,False,a250ae81afc363466076dd397784dfa7e178223a,f2b6f21f8cfddcca,1.0.0
graph_ordering,full,True,grid_4x4,16,24,3,19,-1,bfs,68,6,"[2, 3, 4, 5, 5, 6, 6, 6, 6, 6, 5, 5, 4, 3, 2]",16,16,1e-14,16,16,11.466666666666667,3.0935080649811884,2.294310458076465,3.7555080139049988,256,"[0.899469, 1.861358, 2.445859, 3.228522, 3.558811, 3.556426, 3.646019, 3.654636, 3.668053, 3.755508, 3.611814, 2.92175, 2.187116, 1.527962, 0.764979]",264,132,0.3572052550784077,0.03385378191240652,0.8355744139329496,0.27160324044680983,0.5413656189262229,4776,76416,0.1803053430012369,0.07045480799388315,336,complete,False,a250ae81afc363466076dd397784dfa7e178223a,f2b6f21f8cfddcca,1.0.0
graph_ordering,full,True,grid_4x4,16,24,3,19,-1,bfs,68,6,"[2, 3, 4, 5, 5, 6, 6, 6, 6, 6, 5, 5, 4, 3, 2]",32,32,1e-14,32,32,18.933333333333334,3.556881073243634,2.613755661160476,3.7555080139049988,256,"[0.899469, 1.861358, 2.445859, 3.228522, 3.558811, 3.556426, 3.646019, 3.654636, 3.668053, 3.755508, 3.611814, 2.92175, 2.187116, 1.527962, 0.764979]",264,132,0.08124302551715223,0.009449550517027179,0.9601143542218015,0.06486091942308225,0.25680383770211845,15016,240256,0.3057998780004709,0.1715546220075339,336,complete,False,a250ae81afc363466076dd397784dfa7e178223a,f2b6f21f8cfddcca,1.0.0
graph_ordering,full,True,grid_4x4,16,24,3,19,-1,bfs,68,6,"[2, 3, 4, 5, 5, 6, 6, 6, 6, 6, 5, 5, 4, 3, 2]",64,64,1e-14,64,64,29.6,3.7400914613698917,2.7410589370516467,3.7555080139049988,256,"[0.899469, 1.861358, 2.445859, 3.228522, 3.558811, 3.556426, 3.646019, 3.654636, 3.668053, 3.755508, 3.611814, 2.92175, 2.187116, 1.527962, 0.764979]",264,132,0.004670528482297265,0.0014336803481435666,0.9976666863397633,0.0036510418304999126,0.06045147189792019,43688,699008,0.7051691429987841,0.46977446898745256,336,complete,False,a250ae81afc363466076dd397784dfa7e178223a,f2b6f21f8cfddcca,1.0.0
graph_ordering,full,True,grid_4x4,16,24,3,19,-1,bfs,68,6,"[2, 3, 4, 5, 5, 6, 6, 6, 6, 6, 5, 5, 4, 3, 2]",-1,untruncated,1e-14,256,256,50.93333333333333,3.7555080139049983,2.752552038765951,3.7555080139049988,256,"[0.899469, 1.861358, 2.445859, 3.228522, 3.558811, 3.556426, 3.646019, 3.654636, 3.668053, 3.755508, 3.611814, 2.92175, 2.187116, 1.527962, 0.764979]",264,132,9.33170844949753e-30,1.7803283484825293e-30,0.9999999999999997,1.5543122344752192e-15,5.244686009519926e-14,174760,2796160,1.485635347000425,0.9739958019799815,336,complete,False,a250ae81afc363466076dd397784dfa7e178223a,f2b6f21f8cfddcca,1.0.0
graph_ordering,full,True,grid_4x4,16,24,3,19,-1,rcm,68,6,"[2, 3, 4, 5, 5, 6, 6, 6, 6, 6, 5, 5, 4, 3, 2]",4,4,1e-14,4,4,3.7333333333333334,1.6557784087351068,1.113013788488451,3.7555080139049917,256,"[0.764979, 1.527962, 2.187116, 2.92175, 3.611814, 3.755508, 3.668053, 3.654636, 3.646019, 3.556426, 3.558811, 3.228522, 2.445859, 1.861358, 0.899469]",264,132,2.369587486142119,0.10012170553736821,0.2977528227459406,0.9126310881950254,1.1869436999189655,424,6784,0.11108546700052102,0.020005511014460353,336,complete,False,a250ae81afc363466076dd397784dfa7e178223a,f2b6f21f8cfddcca,1.0.0
graph_ordering,full,True,grid_4x4,16,24,3,19,-1,rcm,68,6,"[2, 3, 4, 5, 5, 6, 6, 6, 6, 6, 5, 5, 4, 3, 2]",8,8,1e-14,8,8,6.666666666666667,2.444697898846047,1.7604851013634168,3.7555080139049917,256,"[0.764979, 1.527962, 2.187116, 2.92175, 3.611814, 3.755508, 3.668053, 3.654636, 3.646019, 3.556426, 3.558811, 3.228522, 2.445859, 1.861358, 0.899469]",264,132,1.078880510123754,0.07019191565914323,0.5791737366488127,0.6196743832030894,0.8755507365758531,1448,23168,0.12960246900001948,0.03310459599015303,336,complete,False,a250ae81afc363466076dd397784dfa7e178223a,f2b6f21f8cfddcca,1.0.0
graph_ordering,full,True,grid_4x4,16,24,3,19,-1,rcm,68,6,"[2, 3, 4, 5, 5, 6, 6, 6, 6, 6, 5, 5, 4, 3, 2]",16,16,1e-14,16,16,11.466666666666667,3.0935080649811755,2.294310458076469,3.7555080139049917,256,"[0.764979, 1.527962, 2.187116, 2.92175, 3.611814, 3.755508, 3.668053, 3.654636, 3.646019, 3.556426, 3.558811, 3.228522, 2.445859, 1.861358, 0.899469]",264,132,0.357205255078409,0.03385378191240678,0.8355744139329504,0.27160324044680884,0.5413656189262227,4776,76416,0.1805145470007119,0.07020070600810868,336,complete,False,a250ae81afc363466076dd397784dfa7e178223a,f2b6f21f8cfddcca,1.0.0
graph_ordering,full,True,grid_4x4,16,24,3,19,-1,rcm,68,6,"[2, 3, 4, 5, 5, 6, 6, 6, 6, 6, 5, 5, 4, 3, 2]",32,32,1e-14,32,32,18.933333333333334,3.556881073243642,2.6137556611604795,3.7555080139049917,256,"[0.764979, 1.527962, 2.187116, 2.92175, 3.611814, 3.755508, 3.668053, 3.654636, 3.646019, 3.556426, 3.558811, 3.228522, 2.445859, 1.861358, 0.899469]",264,132,0.08124302551715246,0.009449550517027297,0.9601143542218016,0.06486091942308014,0.25680383770211934,15016,240256,0.32370067900046706,0.1765993650078599,336,complete,False,a250ae81afc363466076dd397784dfa7e178223a,f2b6f21f8cfddcca,1.0.0
graph_ordering,full,True,grid_4x4,16,24,3,19,-1,rcm,68,6,"[2, 3, 4, 5, 5, 6, 6, 6, 6, 6, 5, 5, 4, 3, 2]",64,64,1e-14,64,64,29.6,3.74009146136988,2.7410589370516405,3.7555080139049917,256,"[0.764979, 1.527962, 2.187116, 2.92175, 3.611814, 3.755508, 3.668053, 3.654636, 3.646019, 3.556426, 3.558811, 3.228522, 2.445859, 1.861358, 0.899469]",264,132,0.00467052848229717,0.0014336803481435467,0.9976666863397645,0.0036510418304996906,0.060451471897921036,43688,699008,0.7348985440003162,0.4798088440147694,336,complete,False,a250ae81afc363466076dd397784dfa7e178223a,f2b6f21f8cfddcca,1.0.0
graph_ordering,full,True,grid_4x4,16,24,3,19,-1,rcm,68,6,"[2, 3, 4, 5, 5, 6, 6, 6, 6, 6, 5, 5, 4, 3, 2]",-1,untruncated,1e-14,256,256,50.93333333333333,3.7555080139049903,2.752552038765947,3.7555080139049917,256,"[0.764979, 1.527962, 2.187116, 2.92175, 3.611814, 3.755508, 3.668053, 3.654636, 3.646019, 3.556426, 3.558811, 3.228522, 2.445859, 1.861358, 0.899469]",264,132,4.777841256565177e-30,4.896687530588834e-31,1.0000000000000002,1.3322676295501878e-15,5.27380784281627e-14,174760,2796160,1.5833099160008715,1.033859269999084,336,complete,False,a250ae81afc363466076dd397784dfa7e178223a,f2b6f21f8cfddcca,1.0.0
graph_ordering,full,True,grid_4x4,16,24,3,19,-1,rand37,138,15,"[3, 5, 8, 11, 12, 15, 15, 13, 13, 11, 10, 9, 7, 4, 2]",4,4,1e-14,4,4,3.7333333333333334,1.7817879464961597,1.3473275468038621,5.929096842500033,256,"[0.979152, 1.947636, 2.818755, 3.781451, 4.615613, 5.362031, 5.822813, 5.929097, 5.662976, 4.921532, 4.342806, 3.548591, 2.691211, 1.746246, 0.764979]",684,342,3.423005364657501,0.14244186077072404,0.17327011251935934,0.9614721692659708,1.2678445684161652,424,6784,0.23109812100119598,0.045597797969094245,756,complete,False,a250ae81afc363466076dd397784dfa7e178223a,f2b6f21f8cfddcca,1.0.0
graph_ordering,full,True,grid_4x4,16,24,3,19,-1,rand37,138,15,"[3, 5, 8, 11, 12, 15, 15, 13, 13, 11, 10, 9, 7, 4, 2]",8,8,1e-14,8,8,6.666666666666667,2.5446894989775903,1.8900075750488017,5.929096842500033,256,"[0.979152, 1.947636, 2.818755, 3.781451, 4.615613, 5.362031, 5.822813, 5.929097, 5.662976, 4.921532, 4.342806, 3.548591, 2.691211, 1.746246, 0.764979]",684,342,2.405330273770083,0.08153722294519121,0.29597802403561424,0.9000529821960577,1.1694922122782208,1448,23168,0.27801285900022776,0.07956256999386824,756,complete,False,a250ae81afc363466076dd397784dfa7e178223a,f2b6f21f8cfddcca,1.0.0
graph_ordering,full,True,grid_4x4,16,24,3,19,-1,rand37,138,15,"[3, 5, 8, 11, 12, 15, 15, 13, 13, 11, 10, 9, 7, 4, 2]",16,16,1e-14,16,16,11.466666666666667,3.454779102459269,2.4003343791383416,5.929096842500033,256,"[0.979152, 1.947636, 2.818755, 3.781451, 4.615613, 5.362031, 5.822813, 5.929097, 5.662976, 4.921532, 4.342806, 3.548591, 2.691211, 1.746246, 0.764979]",684,342,1.613178554474406,0.04458188173165749,0.44374149811600305,0.7841964314836162,1.0348462428316842,4776,76416,0.42949119200056884,0.1892379510227329,756,complete,False,a250ae81afc363466076dd397784dfa7e178223a,f2b6f21f8cfddcca,1.0.0
graph_ordering,full,True,grid_4x4,16,24,3,19,-1,rand37,138,15,"[3, 5, 8, 11, 12, 15, 15, 13, 13, 11, 10, 9, 7, 4, 2]",32,32,1e-14,32,32,18.933333333333334,4.200353760255299,2.8342518433009056,5.929096842500033,256,"[0.979152, 1.947636, 2.818755, 3.781451, 4.615613, 5.362031, 5.822813, 5.929097, 5.662976, 4.921532, 4.342806, 3.548591, 2.691211, 1.746246, 0.764979]",684,342,0.9533753504090223,0.0344134072266802,0.6191289505041939,0.5768773844880182,0.8360876046277356,15016,240256,0.8578912310003943,0.5340037339847186,756,complete,False,a250ae81afc363466076dd397784dfa7e178223a,f2b6f21f8cfddcca,1.0.0
graph_ordering,full,True,grid_4x4,16,24,3,19,-1,rand37,138,15,"[3, 5, 8, 11, 12, 15, 15, 13, 13, 11, 10, 9, 7, 4, 2]",64,64,1e-14,64,64,29.6,5.054770511774053,3.276218496304006,5.929096842500033,256,"[0.979152, 1.947636, 2.818755, 3.781451, 4.615613, 5.362031, 5.822813, 5.929097, 5.662976, 4.921532, 4.342806, 3.548591, 2.691211, 1.746246, 0.764979]",684,342,0.4005216954321386,0.018319675746013057,0.8178594571208585,0.2853595234890536,0.5561220930017176,43688,699008,2.364812378998977,1.6454945640234655,756,complete,False,a250ae81afc363466076dd397784dfa7e178223a,f2b6f21f8cfddcca,1.0.0
graph_ordering,full,True,grid_4x4,16,24,3,19,-1,rand37,138,15,"[3, 5, 8, 11, 12, 15, 15, 13, 13, 11, 10, 9, 7, 4, 2]",-1,untruncated,1e-14,256,256,50.93333333333333,5.929096842500033,3.6623258367156697,5.929096842500033,256,"[0.979152, 1.947636, 2.818755, 3.781451, 4.615613, 5.362031, 5.822813, 5.929097, 5.662976, 4.921532, 4.342806, 3.548591, 2.691211, 1.746246, 0.764979]",684,342,2.3732487397826742e-29,1.1153361664473784e-29,0.9999999999999999,0.0,8.141787372318866e-14,174760,2796160,6.574592119999579,4.519657999962874,756,complete,False,a250ae81afc363466076dd397784dfa7e178223a,f2b6f21f8cfddcca,1.0.0
graph_ordering,full,True,grid_4x4,16,24,3,19,-1,rand41,100,9,"[4, 5, 7, 9, 8, 8, 9, 7, 8, 8, 7, 7, 6, 5, 2]",4,4,1e-14,4,4,3.7333333333333334,1.5199927619623441,0.9155791131295474,4.899071361666357,256,"[0.997721, 1.947636, 2.920626, 3.763868, 4.204283, 4.400575, 4.899071, 4.494226, 4.487503, 4.162834, 3.612625, 2.958534, 2.329384, 1.865402, 0.86804]",456,228,2.8715706147516924,0.1623068832262206,0.23033072098773216,0.9480588238390212,1.2426535569309307,424,6784,0.16780094000023382,0.030589088988563162,528,complete,False,a250ae81afc363466076dd397784dfa7e178223a,f2b6f21f8cfddcca,1.0.0
graph_ordering,full,True,grid_4x4,16,24,3,19,-1,rand41,100,9,"[4, 5, 7, 9, 8, 8, 9, 7, 8, 8, 7, 7, 6, 5, 2]",8,8,1e-14,8,8,6.666666666666667,2.2948461450368747,1.6167282922090798,4.899071361666357,256,"[0.997721, 1.947636, 2.920626, 3.763868, 4.204283, 4.400575, 4.899071, 4.494226, 4.487503, 4.162834, 3.612625, 2.958534, 2.329384, 1.865402, 0.86804]",456,228,1.9930824307818835,0.08601664046774778,0.36331273535882425,0.8713434866653431,1.1325306104369672,1448,23168,0.1998805529983656,0.05334293698615511,528,complete,False,a250ae81afc363466076dd397784dfa7e178223a,f2b6f21f8cfddcca,1.0.0
graph_ordering,full,True,grid_4x4,16,24,3,19,-1,rand41,100,9,"[4, 5, 7, 9, 8, 8, 9, 7, 8, 8, 7, 7, 6, 5, 2]",16,16,1e-14,16,16,11.466666666666667,2.905036824553773,2.193268361631064,4.899071361666357,256,"[0.997721, 1.947636, 2.920626, 3.763868, 4.204283, 4.400575, 4.899071, 4.494226, 4.487503, 4.162834, 3.612625, 2.958534, 2.329384, 1.865402, 0.86804]",456,228,1.200484526027309,0.09795157069840707,0.5440038126760364,0.6674175430833538,0.9201090973185929,4776,76416,0.29698214800009737,0.11777454197363113,528,complete,False,a250ae81afc363466076dd397784dfa7e178223a,f2b6f21f8cfddcca,1.0.0
graph_ordering,full,True,grid_4x4,16,24,3,19,-1,rand41,100,9,"[4, 5, 7, 9, 8, 8, 9, 7, 8, 8, 7, 7, 6, 5, 2]",32,32,1e-14,32,32,18.933333333333334,3.8229560892547667,2.746008919504592,4.899071361666357,256,"[0.997721, 1.947636, 2.920626, 3.763868, 4.204283, 4.400575, 4.899071, 4.494226, 4.487503, 4.162834, 3.612625, 2.958534, 2.329384, 1.865402, 0.86804]",456,228,0.49506407679039366,0.05143954662278951,0.7786941258955433,0.32389565382710395,0.5962287392156432,15016,240256,0.5044127099990874,0.28361862499696144,528,complete,False,a250ae81afc363466076dd397784dfa7e178223a,f2b6f21f8cfddcca,1.0.0
graph_ordering,full,True,grid_4x4,16,24,3,19,-1,rand41,100,9,"[4, 5, 7, 9, 8, 8, 9, 7, 8, 8, 7, 7, 6, 5, 2]",64,64,1e-14,64,64,29.6,4.645367384656136,3.0975531570225123,4.899071361666357,256,"[0.997721, 1.947636, 2.920626, 3.763868, 4.204283, 4.400575, 4.899071, 4.494226, 4.487503, 4.162834, 3.612625, 2.958534, 2.329384, 1.865402, 0.86804]",456,228,0.07434277146571165,0.017798430482367233,0.9633509927122297,0.050928951034933,0.22714411239512697,43688,699008,1.2024137069984135,0.777061248989412,528,complete,False,a250ae81afc363466076dd397784dfa7e178223a,f2b6f21f8cfddcca,1.0.0
graph_ordering,full,True,grid_4x4,16,24,3,19,-1,rand41,100,9,"[4, 5, 7, 9, 8, 8, 9, 7, 8, 8, 7, 7, 6, 5, 2]",-1,untruncated,1e-14,256,256,50.93333333333333,4.899071361666357,3.1941553512171845,4.899071361666357,256,"[0.997721, 1.947636, 2.920626, 3.763868, 4.204283, 4.400575, 4.899071, 4.494226, 4.487503, 4.162834, 3.612625, 2.958534, 2.329384, 1.865402, 0.86804]",456,228,7.121385160865489e-29,1.7238035359073608e-29,0.9999999999999999,0.0,4.6876989928646026e-14,174760,2796160,2.8657528429994272,1.827018395992127,528,complete,False,a250ae81afc363466076dd397784dfa7e178223a,f2b6f21f8cfddcca,1.0.0
graph_ordering,full,True,grid_4x4,16,24,3,19,-1,rand43,116,13,"[3, 6, 9, 9, 9, 11, 8, 8, 12, 13, 11, 8, 4, 3, 2]",4,4,1e-14,4,4,3.7333333333333334,1.5886603278745668,0.9073400225031947,5.1327122111652805,256,"[0.8811, 1.720097, 2.703965, 3.344707, 4.002251, 4.59669, 4.20263, 4.637078, 5.132712, 4.925597, 4.198163, 3.276025, 2.354814, 1.719443, 0.982389]",552,276,3.101326946675135,0.12528565382717896,0.20481566757615058,0.9580643039627583,1.2611248394837722,424,6784,0.22077441299916245,0.048295096999936504,624,complete,False,a250ae81afc363466076dd397784dfa7e178223a,f2b6f21f8cfddcca,1.0.0
graph_ordering,full,True,grid_4x4,16,24,3,19,-1,rand43,116,13,"[3, 6, 9, 9, 9, 11, 8, 8, 12, 13, 11, 8, 4, 3, 2]",8,8,1e-14,8,8,6.666666666666667,2.5696128209644113,1.5980604232801487,5.1327122111652805,256,"[0.8811, 1.720097, 2.703965, 3.344707, 4.002251, 4.59669, 4.20263, 4.637078, 5.132712, 4.925597, 4.198163, 3.276025, 2.354814, 1.719443, 0.982389]",552,276,2.0556744964337197,0.1067388845601433,0.3526885435314279,0.8748964859813131,1.1369258980004804,1448,23168,0.2810179389998666,0.07847992698953021,624,complete,False,a250ae81afc363466076dd397784dfa7e178223a,f2b6f21f8cfddcca,1.0.0
graph_ordering,full,True,grid_4x4,16,24,3,19,-1,rand43,116,13,"[3, 6, 9, 9, 9, 11, 8, 8, 12, 13, 11, 8, 4, 3, 2]",16,16,1e-14,16,16,11.466666666666667,3.260593505005888,2.099704276452399,5.1327122111652805,256,"[0.8811, 1.720097, 2.703965, 3.344707, 4.002251, 4.59669, 4.20263, 4.637078, 5.132712, 4.925597, 4.198163, 3.276025, 2.354814, 1.719443, 0.982389]",552,276,1.242592663460577,0.05035290837876936,0.5339641613984174,0.6936690128863098,0.9450166578534125,4776,76416,0.3444616489996406,0.14545055602684442,624,complete,False,a250ae81afc363466076dd397784dfa7e178223a,f2b6f21f8cfddcca,1.0.0
graph_ordering,full,True,grid_4x4,16,24,3,19,-1,rand43,116,13,"[3, 6, 9, 9, 9, 11, 8, 8, 12, 13, 11, 8, 4, 3, 2]",32,32,1e-14,32,32,18.933333333333334,4.062878736973124,2.6447686333978147,5.1327122111652805,256,"[0.8811, 1.720097, 2.703965, 3.344707, 4.002251, 4.59669, 4.20263, 4.637078, 5.132712, 4.925597, 4.198163, 3.276025, 2.354814, 1.719443, 0.982389]",552,276,0.5433570356426064,0.0408643827636999,0.7606155859920177,0.3754847309835281,0.6476684571828306,15016,240256,0.6471908550010994,0.3923870020043978,624,complete,False,a250ae81afc363466076dd397784dfa7e178223a,f2b6f21f8cfddcca,1.0.0
graph_ordering,full,True,grid_4x4,16,24,3,19,-1,rand43,116,13,"[3, 6, 9, 9, 9, 11, 8, 8, 12, 13, 11, 8, 4, 3, 2]",64,64,1e-14,64,64,29.6,4.819146563971113,3.0830725619824295,5.1327122111652805,256,"[0.8811, 1.720097, 2.703965, 3.344707, 4.002251, 4.59669, 4.20263, 4.637078, 5.132712, 4.925597, 4.198163, 3.276025, 2.354814, 1.719443, 0.982389]",552,276,0.11068746023737339,0.01798208325270622,0.9459907252626594,0.07558230266878874,0.277609687570626,43688,699008,1.5341362629987998,1.0518760100148938,624,complete,False,a250ae81afc363466076dd397784dfa7e178223a,f2b6f21f8cfddcca,1.0.0
graph_ordering,full,True,grid_4x4,16,24,3,19,-1,rand43,116,13,"[3, 6, 9, 9, 9, 11, 8, 8, 12, 13, 11, 8, 4, 3, 2]",-1,untruncated,1e-14,256,256,50.93333333333333,5.132712211165281,3.2451773673052022,5.1327122111652805,256,"[0.8811, 1.720097, 2.703965, 3.344707, 4.002251, 4.59669, 4.20263, 4.637078, 5.132712, 4.925597, 4.198163, 3.276025, 2.354814, 1.719443, 0.982389]",552,276,4.9390486492443876e-29,1.5679981427379952e-29,0.9999999999999999,1.3322676295501878e-15,5.911564081624789e-14,174760,2796160,3.6934889589992963,2.4648011030058115,624,complete,False,a250ae81afc363466076dd397784dfa7e178223a,f2b6f21f8cfddcca,1.0.0
graph_ordering,full,True,reg3_s23,16,24,3,7,23,natural,152,16,"[3, 6, 7, 10, 9, 12, 15, 16, 13, 16, 15, 12, 9, 6, 3]",4,4,1e-14,4,4,3.7333333333333334,1.6807352541161844,0.8775884997772082,6.325615957443035,256,"[0.985103, 1.957051, 2.88206, 3.733756, 4.350761, 5.252321, 6.075848, 6.325616, 5.808116, 5.453055, 4.675108, 3.76618, 2.786042, 1.943351, 0.969776]",768,384,3.9459836692471,0.19505821081978686,0.12971217792348078,0.9796214564359598,1.3093865462421657,424,6784,0.24359247100073844,0.04946237102012674,840,complete,False,a250ae81afc363466076dd397784dfa7e178223a,f2b6f21f8cfddcca,1.0.0
graph_ordering,full,True,reg3_s23,16,24,3,7,23,natural,152,16,"[3, 6, 7, 10, 9, 12, 15, 16, 13, 16, 15, 12, 9, 6, 3]",8,8,1e-14,8,8,6.666666666666667,2.3516672756826553,1.4841781464143813,6.325615957443035,256,"[0.985103, 1.957051, 2.88206, 3.733756, 4.350761, 5.252321, 6.075848, 6.325616, 5.808116, 5.453055, 4.675108, 3.76618, 2.786042, 1.943351, 0.969776]",768,384,3.430315509978484,0.1676260663049212,0.17414923467896615,0.9567940272175964,1.258681481000627,1448,23168,0.30435770099938964,0.09061899897460535,840,complete,False,a250ae81afc363466076dd397784dfa7e178223a,f2b6f21f8cfddcca,1.0.0
graph_ordering,full,True,reg3_s23,16,24,3,7,23,natural,152,16,"[3, 6, 7, 10, 9, 12, 15, 16, 13, 16, 15, 12, 9, 6, 3]",16,16,1e-14,16,16,11.466666666666667,3.427511860960651,2.1781646799994876,6.325615957443035,256,"[0.985103, 1.957051, 2.88206, 3.733756, 4.350761, 5.252321, 6.075848, 6.325616, 5.808116, 5.453055, 4.675108, 3.76618, 2.786042, 1.943351, 0.969776]",768,384,2.3241099990992224,0.07905960979400495,0.3082770128223497,0.8791259778307331,1.1422176543359925,4776,76416,0.4444101369990676,0.20290265503172122,840,complete,False,a250ae81afc363466076dd397784dfa7e178223a,f2b6f21f8cfddcca,1.0.0
graph_ordering,full,True,reg3_s23,16,24,3,7,23,natural,152,16,"[3, 6, 7, 10, 9, 12, 15, 16, 13, 16, 15, 12, 9, 6, 3]",32,32,1e-14,32,32,18.933333333333334,4.2490424894328935,2.7812793077316083,6.325615957443035,256,"[0.985103, 1.957051, 2.88206, 3.733756, 4.350761, 5.252321, 6.075848, 6.325616, 5.808116, 5.453055, 4.675108, 3.76618, 2.786042, 1.943351, 0.969776]",768,384,1.4500563696333135,0.05824904358490207,0.48099930651498357,0.7116872834540455,0.9623433981776544,15016,240256,0.9210330090008938,0.5915971419581183,840,complete,False,a250ae81afc363466076dd397784dfa7e178223a,f2b6f21f8cfddcca,1.0.0
graph_ordering,full,True,reg3_s23,16,24,3,7,23,natural,152,16,"[3, 6, 7, 10, 9, 12, 15, 16, 13, 16, 15, 12, 9, 6, 3]",64,64,1e-14,64,64,29.6,5.173604545420423,3.303424241251726,6.325615957443035,256,"[0.985103, 1.957051, 2.88206, 3.733756, 4.350761, 5.252321, 6.075848, 6.325616, 5.808116, 5.453055, 4.675108, 3.76618, 2.786042, 1.943351, 0.969776]",768,384,0.6489677338217328,0.03500078167187928,0.721295475857033,0.41527850151245516,0.6860454165272807,43688,699008,2.519828898999549,1.8145163359804428,840,complete,False,a250ae81afc363466076dd397784dfa7e178223a,f2b6f21f8cfddcca,1.0.0
graph_ordering,full,True,reg3_s23,16,24,3,7,23,natural,152,16,"[3, 6, 7, 10, 9, 12, 15, 16, 13, 16, 15, 12, 9, 6, 3]",-1,untruncated,1e-14,256,256,50.93333333333333,6.325615957443034,3.7976096353347675,6.325615957443035,256,"[0.985103, 1.957051, 2.88206, 3.733756, 4.350761, 5.252321, 6.075848, 6.325616, 5.808116, 5.453055, 4.675108, 3.76618, 2.786042, 1.943351, 0.969776]",768,384,8.924480992317618e-29,5.620192632969363e-29,0.9999999999999997,1.3322676295501878e-15,6.566196669715429e-14,174760,2796160,6.96304695300023,4.972293367993188,840,complete,False,a250ae81afc363466076dd397784dfa7e178223a,f2b6f21f8cfddcca,1.0.0
graph_ordering,full,True,reg3_s23,16,24,3,7,23,bfs,96,9,"[3, 4, 5, 6, 7, 8, 9, 8, 9, 8, 9, 6, 7, 4, 3]",4,4,1e-14,4,4,3.7333333333333334,1.2279198055238012,0.8865061847761326,5.266814008127204,256,"[0.985103, 1.934426, 2.725702, 3.47707, 4.052659, 4.370707, 4.93849, 5.090419, 5.266814, 4.747767, 4.256224, 3.337151, 2.59017, 1.63709, 0.872699]",432,216,3.6824255322352064,0.15053170646134237,0.15099152810892136,0.9717746108529415,1.2899580347318422,424,6784,0.15327359399998386,0.029013036988544627,504,complete,False,a250ae81afc363466076dd397784dfa7e178223a,f2b6f21f8cfddcca,1.0.0
graph_ordering,full,True,reg3_s23,16,24,3,7,23,bfs,96,9,"[3, 4, 5, 6, 7, 8, 9, 8, 9, 8, 9, 6, 7, 4, 3]",8,8,1e-14,8,8,6.666666666666667,2.157360247797614,1.4971392199583937,5.266814008127204,256,"[0.985103, 1.934426, 2.725702, 3.47707, 4.052659, 4.370707, 4.93849, 5.090419, 5.266814, 4.747767, 4.256224, 3.337151, 2.59017, 1.63709, 0.872699]",432,216,2.4819198575680446,0.08376572331256411,0.28433557294610545,0.9057338141686326,1.1772612380627183,1448,23168,0.19099877000007837,0.05245442000341427,504,complete,False,a250ae81afc363466076dd397784dfa7e178223a,f2b6f21f8cfddcca,1.0.0
graph_ordering,full,True,reg3_s23,16,24,3,7,23,bfs,96,9,"[3, 4, 5, 6, 7, 8, 9, 8, 9, 8, 9, 6, 7, 4, 3]",16,16,1e-14,16,16,11.466666666666667,3.037512190534094,2.128595945057246,5.266814008127204,256,"[0.985103, 1.934426, 2.725702, 3.47707, 4.052659, 4.370707, 4.93849, 5.090419, 5.266814, 4.747767, 4.256224, 3.337151, 2.59017, 1.63709, 0.872699]",432,216,1.4551960952297327,0.06099860169216649,0.47955692955514007,0.7199669910252482,0.9703798721706038,4776,76416,0.26948199499929615,0.11411008798859257,504,complete,False,a250ae81afc363466076dd397784dfa7e178223a,f2b6f21f8cfddcca,1.0.0
graph_ordering,full,True,reg3_s23,16,24,3,7,23,bfs,96,9,"[3, 4, 5, 6, 7, 8, 9, 8, 9, 8, 9, 6, 7, 4, 3]",32,32,1e-14,32,32,18.933333333333334,4.016447950095266,2.6992341721744624,5.266814008127204,256,"[0.985103, 1.934426, 2.725702, 3.47707, 4.052659, 4.370707, 4.93849, 5.090419, 5.266814, 4.747767, 4.256224, 3.337151, 2.59017, 1.63709, 0.872699]",432,216,0.627122339737216,0.029989565109643165,0.7294573872471181,0.4045499086116501,0.6757897205675535,15016,240256,0.5391172689996893,0.3116810499905114,504,complete,False,a250ae81afc363466076dd397784dfa7e178223a,f2b6f21f8cfddcca,1.0.0
graph_ordering,full,True,reg3_s23,16,24,3,7,23,bfs,96,9,"[3, 4, 5, 6, 7, 8, 9, 8, 9, 8, 9, 6, 7, 4, 3]",64,64,1e-14,64,64,29.6,4.802368368815216,3.1247787315227833,5.266814008127204,256,"[0.985103, 1.934426, 2.725702, 3.47707, 4.052659, 4.370707, 4.93849, 5.090419, 5.266814, 4.747767, 4.256224, 3.337151, 2.59017, 1.63709, 0.872699]",432,216,0.15789115424787425,0.0149614758544706,0.9238885050721519,0.11623746015700975,0.3461605021152465,43688,699008,1.3148534499996458,0.8978447319859697,504,complete,False,a250ae81afc363466076dd397784dfa7e178223a,f2b6f21f8cfddcca,1.0.0
graph_ordering,full,True,reg3_s23,16,24,3,7,23,bfs,96,9,"[3, 4, 5, 6, 7, 8, 9, 8, 9, 8, 9, 6, 7, 4, 3]",-1,untruncated,1e-14,256,256,50.93333333333333,5.266814008127205,3.3521660212921542,5.266814008127204,256,"[0.985103, 1.934426, 2.725702, 3.47707, 4.052659, 4.370707, 4.93849, 5.090419, 5.266814, 4.747767, 4.256224, 3.337151, 2.59017, 1.63709, 0.872699]",432,216,3.548159270325486e-29,5.7132970007265645e-30,1.0000000000000002,8.881784197001252e-16,4.418842993843876e-14,174760,2796160,3.6040008189993387,2.4414328669954557,504,complete,False,a250ae81afc363466076dd397784dfa7e178223a,f2b6f21f8cfddcca,1.0.0
graph_ordering,full,True,reg3_s23,16,24,3,7,23,rcm,96,9,"[3, 4, 7, 6, 9, 8, 9, 8, 9, 8, 7, 6, 5, 4, 3]",4,4,1e-14,4,4,3.7333333333333334,1.2279198055238436,0.8865061847761224,5.26681400812721,256,"[0.872699, 1.63709, 2.59017, 3.337151, 4.256224, 4.747767, 5.266814, 5.090419, 4.93849, 4.370707, 4.052659, 3.47707, 2.725702, 1.934426, 0.985103]",432,216,3.6824255322352344,0.1505317064613438,0.15099152810891853,0.9717746108529438,1.289958034731847,424,6784,0.1555528429998958,0.027942585991695523,504,complete,False,a250ae81afc363466076dd397784dfa7e178223a,f2b6f21f8cfddcca,1.0.0
graph_ordering,full,True,reg3_s23,16,24,3,7,23,rcm,96,9,"[3, 4, 7, 6, 9, 8, 9, 8, 9, 8, 7, 6, 5, 4, 3]",8,8,1e-14,8,8,6.666666666666667,2.1573602477973965,1.4971392199583373,5.26681400812721,256,"[0.872699, 1.63709, 2.59017, 3.337151, 4.256224, 4.747767, 5.266814, 5.090419, 4.93849, 4.370707, 4.052659, 3.47707, 2.725702, 1.934426, 0.985103]",432,216,2.4819198575680463,0.08376572331256259,0.28433557294610556,0.9057338141686259,1.1772612380627154,1448,23168,0.19077556999945955,0.0521305030088115,504,complete,False,a250ae81afc363466076dd397784dfa7e178223a,f2b6f21f8cfddcca,1.0.0
graph_ordering,full,True,reg3_s23,16,24,3,7,23,rcm,96,9,"[3, 4, 7, 6, 9, 8, 9, 8, 9, 8, 7, 6, 5, 4, 3]",16,16,1e-14,16,16,11.466666666666667,3.0375121905340876,2.1285959450572483,5.26681400812721,256,"[0.872699, 1.63709, 2.59017, 3.337151, 4.256224, 4.747767, 5.266814, 5.090419, 4.93849, 4.370707, 4.052659, 3.47707, 2.725702, 1.934426, 0.985103]",432,216,1.4551960952297323,0.06099860169216502,0.47955692955513957,0.719966991025246,0.9703798721706061,4776,76416,0.2784314410000661,0.11912323801698221,504,complete,False,a250ae81afc363466076dd397784dfa7e178223a,f2b6f21f8cfddcca,1.0.0
graph_ordering,full,True,reg3_s23,16,24,3,7,23,rcm,96,9,"[3, 4, 7, 6, 9, 8, 9, 8, 9, 8, 7, 6, 5, 4, 3]",32,32,1e-14,32,32,18.933333333333334,4.016447950095261,2.699234172174457,5.26681400812721,256,"[0.872699, 1.63709, 2.59017, 3.337151, 4.256224, 4.747767, 5.266814, 5.090419, 4.93849, 4.370707, 4.052659, 3.47707, 2.725702, 1.934426, 0.985103]",432,216,0.6271223397372092,0.029989565109643047,0.7294573872471208,0.4045499086116505,0.6757897205675553,15016,240256,0.5287225129995932,0.3226644640126324,504,complete,False,a250ae81afc363466076dd397784dfa7e178223a,f2b6f21f8cfddcca,1.0.0
graph_ordering,full,True,reg3_s23,16,24,3,7,23,rcm,96,9,"[3, 4, 7, 6, 9, 8, 9, 8, 9, 8, 7, 6, 5, 4, 3]",64,64,1e-14,64,64,29.6,4.802368368815218,3.1247787315227815,5.26681400812721,256,"[0.872699, 1.63709, 2.59017, 3.337151, 4.256224, 4.747767, 5.266814, 5.090419, 4.93849, 4.370707, 4.052659, 3.47707, 2.725702, 1.934426, 0.985103]",432,216,0.1578911542478734,0.014961475854470453,0.923888505072151,0.1162374601570092,0.3461605021152442,43688,699008,1.3480420530013362,0.9234607280286582,504,complete,False,a250ae81afc363466076dd397784dfa7e178223a,f2b6f21f8cfddcca,1.0.0
graph_ordering,full,True,reg3_s23,16,24,3,7,23,rcm,96,9,"[3, 4, 7, 6, 9, 8, 9, 8, 9, 8, 7, 6, 5, 4, 3]",-1,untruncated,1e-14,256,256,50.93333333333333,5.266814008127209,3.352166021292157,5.26681400812721,256,"[0.872699, 1.63709, 2.59017, 3.337151, 4.256224, 4.747767, 5.266814, 5.090419, 4.93849, 4.370707, 4.052659, 3.47707, 2.725702, 1.934426, 0.985103]",432,216,2.948662942007136e-29,4.8461450703695305e-30,1.0000000000000004,1.7763568394002505e-15,4.5228353406367717e-14,174760,2796160,3.5984076889999415,2.430348203983158,504,complete,False,a250ae81afc363466076dd397784dfa7e178223a,f2b6f21f8cfddcca,1.0.0
graph_ordering,full,True,reg3_s23,16,24,3,7,23,rand37,122,13,"[3, 6, 7, 8, 9, 10, 11, 12, 13, 12, 11, 8, 5, 4, 3]",4,4,1e-14,4,4,3.7333333333333334,1.5394008781840296,0.9769235136991603,6.076190836344049,256,"[0.944881, 1.932311, 2.838856, 3.617298, 4.371317, 5.16652, 5.514388, 6.076191, 5.988464, 5.267116, 4.461373, 3.505451, 2.53517, 1.788365, 0.969776]",588,294,3.9027408272437243,0.20284975941106664,0.13461308477487782,0.9792257503173478,1.3083327174626216,424,6784,0.21719852100068238,0.04240031200788508,660,complete,False,a250ae81afc363466076dd397784dfa7e178223a,f2b6f21f8cfddcca,1.0.0
graph_ordering,full,True,reg3_s23,16,24,3,7,23,rand37,122,13,"[3, 6, 7, 8, 9, 10, 11, 12, 13, 12, 11, 8, 5, 4, 3]",8,8,1e-14,8,8,6.666666666666667,2.1437849480349738,1.3670695815494025,6.076190836344049,256,"[0.944881, 1.932311, 2.838856, 3.617298, 4.371317, 5.16652, 5.514388, 6.076191, 5.988464, 5.267116, 4.461373, 3.505451, 2.53517, 1.788365, 0.969776]",588,294,3.1095480029732054,0.08949384538027429,0.20589683874610934,0.9437834803894504,1.2352325844566794,1448,23168,0.24607342099989182,0.07030754599691136,660,complete,False,a250ae81afc363466076dd397784dfa7e178223a,f2b6f21f8cfddcca,1.0.0
graph_ordering,full,True,reg3_s23,16,24,3,7,23,rand37,122,13,"[3, 6, 7, 8, 9, 10, 11, 12, 13, 12, 11, 8, 5, 4, 3]",16,16,1e-14,16,16,11.466666666666667,3.096808641289895,2.0062024727461543,6.076190836344049,256,"[0.944881, 1.932311, 2.838856, 3.617298, 4.371317, 5.16652, 5.514388, 6.076191, 5.988464, 5.267116, 4.461373, 3.505451, 2.53517, 1.788365, 0.969776]",588,294,2.2261424197195994,0.07065621735093094,0.3242090263462334,0.8652365496241623,1.1250765156051257,4776,76416,0.37549374800073565,0.16263470100966515,660,complete,False,a250ae81afc363466076dd397784dfa7e178223a,f2b6f21f8cfddcca,1.0.0
graph_ordering,full,True,reg3_s23,16,24,3,7,23,rand37,122,13,"[3, 6, 7, 8, 9, 10, 11, 12, 13, 12, 11, 8, 5, 4, 3]",32,32,1e-14,32,32,18.933333333333334,3.962387457039081,2.563218647690341,6.076190836344049,256,"[0.944881, 1.932311, 2.838856, 3.617298, 4.371317, 5.16652, 5.514388, 6.076191, 5.988464, 5.267116, 4.461373, 3.505451, 2.53517, 1.788365, 0.969776]",588,294,1.400458255746907,0.05442601779140419,0.49320918553761095,0.7046459489989129,0.9555471132388088,15016,240256,0.7638437130008242,0.4689000160069554,660,complete,False,a250ae81afc363466076dd397784dfa7e178223a,f2b6f21f8cfddcca,1.0.0
graph_ordering,full,True,reg3_s23,16,24,3,7,23,rand37,122,13,"[3, 6, 7, 8, 9, 10, 11, 12, 13, 12, 11, 8, 5, 4, 3]",64,64,1e-14,64,64,29.6,4.858602571592305,3.0830159092054026,6.076190836344049,256,"[0.944881, 1.932311, 2.838856, 3.617298, 4.371317, 5.16652, 5.514388, 6.076191, 5.988464, 5.267116, 4.461373, 3.505451, 2.53517, 1.788365, 0.969776]",588,294,0.6460420847621647,0.03271616270527579,0.7223534403452061,0.41951549733352234,0.6900792189757008,43688,699008,3.0655355300004885,2.1899374030126637,660,complete,False,a250ae81afc363466076dd397784dfa7e178223a,f2b6f21f8cfddcca,1.0.0
graph_ordering,full,True,reg3_s23,16,24,3,7,23,rand37,122,13,"[3, 6, 7, 8, 9, 10, 11, 12, 13, 12, 11, 8, 5, 4, 3]",-1,untruncated,1e-14,256,256,50.93333333333333,6.0761908363440496,3.665165140519217,6.076190836344049,256,"[0.944881, 1.932311, 2.838856, 3.617298, 4.371317, 5.16652, 5.514388, 6.076191, 5.988464, 5.267116, 4.461373, 3.505451, 2.53517, 1.788365, 0.969776]",588,294,1.7540214644686624e-29,4.9659635335116366e-30,1.0000000000000002,1.7763568394002505e-15,6.659304928393282e-14,174760,2796160,7.05371540699889,4.905998608988739,660,complete,False,a250ae81afc363466076dd397784dfa7e178223a,f2b6f21f8cfddcca,1.0.0
graph_ordering,full,True,reg3_s23,16,24,3,7,23,rand41,120,13,"[3, 6, 7, 8, 7, 10, 11, 12, 13, 12, 11, 8, 5, 4, 3]",4,4,1e-14,4,4,3.7333333333333334,1.18565984903083,0.8335526413578703,5.802651347929341,256,"[0.987491, 1.932311, 2.836591, 3.542827, 4.013748, 4.895821, 5.426254, 5.802651, 5.776097, 5.070999, 4.473468, 3.537146, 2.713596, 1.92828, 0.98587]",576,288,4.141264922172093,0.16922668063936586,0.1176559775942037,0.9769269571632161,1.3023838657693567,424,6784,0.20465835599861748,0.03926845597925421,648,complete,False,a250ae81afc363466076dd397784dfa7e178223a,f2b6f21f8cfddcca,1.0.0
graph_ordering,full,True,reg3_s23,16,24,3,7,23,rand41,120,13,"[3, 6, 7, 8, 7, 10, 11, 12, 13, 12, 11, 8, 5, 4, 3]",8,8,1e-14,8,8,6.666666666666667,2.246862476049169,1.5741554786567007,5.802651347929341,256,"[0.987491, 1.932311, 2.836591, 3.542827, 4.013748, 4.895821, 5.426254, 5.802651, 5.776097, 5.070999, 4.473468, 3.537146, 2.713596, 1.92828, 0.98587]",576,288,3.1101225206373986,0.12221998248017381,0.2049107128272606,0.9388841549160309,1.2270157366695453,1448,23168,0.24665770100000373,0.06971976299246307,648,complete,False,a250ae81afc363466076dd397784dfa7e178223a,f2b6f21f8cfddcca,1.0.0
graph_ordering,full,True,reg3_s23,16,24,3,7,23,rand41,120,13,"[3, 6, 7, 8, 7, 10, 11, 12, 13, 12, 11, 8, 5, 4, 3]",16,16,1e-14,16,16,11.466666666666667,2.9710458095266277,2.1414099697408187,5.802651347929341,256,"[0.987491, 1.932311, 2.836591, 3.542827, 4.013748, 4.895821, 5.426254, 5.802651, 5.776097, 5.070999, 4.473468, 3.537146, 2.713596, 1.92828, 0.98587]",576,288,2.1327552525570646,0.09617324185693224,0.338957596189568,0.8389812910892213,1.09428390678549,4776,76416,0.3647010049990058,0.1607397520037921,648,complete,False,a250ae81afc363466076dd397784dfa7e178223a,f2b6f21f8cfddcca,1.0.0
graph_ordering,full,True,reg3_s23,16,24,3,7,23,rand41,120,13,"[3, 6, 7, 8, 7, 10, 11, 12, 13, 12, 11, 8, 5, 4, 3]",32,32,1e-14,32,32,18.933333333333334,3.9309325168254245,2.7065903399100497,5.802651347929341,256,"[0.987491, 1.932311, 2.836591, 3.542827, 4.013748, 4.895821, 5.426254, 5.802651, 5.776097, 5.070999, 4.473468, 3.537146, 2.713596, 1.92828, 0.98587]",576,288,1.202898090359843,0.06956317420045542,0.5445080477515679,0.618349704484107,0.8743242916055967,15016,240256,0.7627451890002703,0.4592077939869341,648,complete,False,a250ae81afc363466076dd397784dfa7e178223a,f2b6f21f8cfddcca,1.0.0
graph_ordering,full,True,reg3_s23,16,24,3,7,23,rand41,120,13,"[3, 6, 7, 8, 7, 10, 11, 12, 13, 12, 11, 8, 5, 4, 3]",64,64,1e-14,64,64,29.6,4.783522663754136,3.1606781223002853,5.802651347929341,256,"[0.987491, 1.932311, 2.836591, 3.542827, 4.013748, 4.895821, 5.426254, 5.802651, 5.776097, 5.070999, 4.473468, 3.537146, 2.713596, 1.92828, 0.98587]",576,288,0.5006552563031631,0.03725924977489467,0.7771192400549161,0.32433100122709324,0.5966726487524742,43688,699008,2.0876818180004193,1.4504650290164136,648,complete,False,a250ae81afc363466076dd397784dfa7e178223a,f2b6f21f8cfddcca,1.0.0
graph_ordering,full,True,reg3_s23,16,24,3,7,23,rand41,120,13,"[3, 6, 7, 8, 7, 10, 11, 12, 13, 12, 11, 8, 5, 4, 3]",-1,untruncated,1e-14,256,256,50.93333333333333,5.8026513479293405,3.5948766288443323,5.802651347929341,256,"[0.987491, 1.932311, 2.836591, 3.542827, 4.013748, 4.895821, 5.426254, 5.802651, 5.776097, 5.070999, 4.473468, 3.537146, 2.713596, 1.92828, 0.98587]",576,288,1.703284493799457e-28,7.10597392957848e-29,0.9999999999999997,2.6645352591003757e-15,5.745757847680789e-14,174760,2796160,9.032981898000799,6.294273644012719,648,complete,False,a250ae81afc363466076dd397784dfa7e178223a,f2b6f21f8cfddcca,1.0.0
graph_ordering,full,True,reg3_s23,16,24,3,7,23,rand43,148,15,"[3, 6, 7, 10, 13, 12, 15, 14, 13, 12, 13, 12, 9, 6, 3]",4,4,1e-14,4,4,3.7333333333333334,1.2569039086458675,0.7319159411302569,6.147035506438386,256,"[0.975216, 1.846476, 2.735165, 3.662612, 4.610846, 5.280178, 5.950884, 6.147036, 5.689516, 5.153614, 4.584568, 3.792449, 2.828359, 1.899679, 0.924875]",744,372,4.37901601697677,0.15721359293275997,0.10575607364566118,0.9843876652442072,1.322913958840211,424,6784,0.24743353700068837,0.048679800989702926,816,complete,False,a250ae81afc363466076dd397784dfa7e178223a,f2b6f21f8cfddcca,1.0.0
graph_ordering,full,True,reg3_s23,16,24,3,7,23,rand43,148,15,"[3, 6, 7, 10, 13, 12, 15, 14, 13, 12, 13, 12, 9, 6, 3]",8,8,1e-14,8,8,6.666666666666667,2.159444214640308,1.3090634511619283,6.147035506438386,256,"[0.975216, 1.846476, 2.735165, 3.662612, 4.610846, 5.280178, 5.950884, 6.147036, 5.689516, 5.153614, 4.584568, 3.792449, 2.828359, 1.899679, 0.924875]",744,372,3.236101186955078,0.1104813567748472,0.19291191442113903,0.945955617290555,1.2389717692149618,1448,23168,0.30543778399987787,0.09209915098472266,816,complete,False,a250ae81afc363466076dd397784dfa7e178223a,f2b6f21f8cfddcca,1.0.0
graph_ordering,full,True,reg3_s23,16,24,3,7,23,rand43,148,15,"[3, 6, 7, 10, 13, 12, 15, 14, 13, 12, 13, 12, 9, 6, 3]",16,16,1e-14,16,16,11.466666666666667,3.062476888893936,2.0250703726054526,6.147035506438386,256,"[0.975216, 1.846476, 2.735165, 3.662612, 4.610846, 5.280178, 5.950884, 6.147036, 5.689516, 5.153614, 4.584568, 3.792449, 2.828359, 1.899679, 0.924875]",744,372,2.3426070443231826,0.09620456053429098,0.30506048219489507,0.8747859504925535,1.1367884826739183,4776,76416,0.459245310001279,0.20174677599425195,816,complete,False,a250ae81afc363466076dd397784dfa7e178223a,f2b6f21f8cfddcca,1.0.0
graph_ordering,full,True,reg3_s23,16,24,3,7,23,rand43,148,15,"[3, 6, 7, 10, 13, 12, 15, 14, 13, 12, 13, 12, 9, 6, 3]",32,32,1e-14,32,32,18.933333333333334,4.055345944967227,2.6569385596298454,6.147035506438386,256,"[0.975216, 1.846476, 2.735165, 3.662612, 4.610846, 5.280178, 5.950884, 6.147036, 5.689516, 5.153614, 4.584568, 3.792449, 2.828359, 1.899679, 0.924875]",744,372,1.4007142375888924,0.0688973493306804,0.49282879596048157,0.7070119329199058,0.9578269975048999,15016,240256,0.9258181639997929,0.5731597869908001,816,complete,False,a250ae81afc363466076dd397784dfa7e178223a,f2b6f21f8cfddcca,1.0.0
graph_ordering,full,True,reg3_s23,16,24,3,7,23,rand43,148,15,"[3, 6, 7, 10, 13, 12, 15, 14, 13, 12, 13, 12, 9, 6, 3]",64,64,1e-14,64,64,29.6,5.058993217542651,3.236100745603553,6.147035506438386,256,"[0.975216, 1.846476, 2.735165, 3.662612, 4.610846, 5.280178, 5.950884, 6.147036, 5.689516, 5.153614, 4.584568, 3.792449, 2.828359, 1.899679, 0.924875]",744,372,0.6342647459926845,0.04744952789265411,0.7265250723479292,0.41450849934431766,0.685311369218955,43688,699008,2.5128532990001986,1.757022143992799,816,complete,False,a250ae81afc363466076dd397784dfa7e178223a,f2b6f21f8cfddcca,1.0.0
graph_ordering,full,True,reg3_s23,16,24,3,7,23,rand43,148,15,"[3, 6, 7, 10, 13, 12, 15, 14, 13, 12, 13, 12, 9, 6, 3]",-1,untruncated,1e-14,256,256,50.93333333333333,6.147035506438387,3.738764859598793,6.147035506438386,256,"[0.975216, 1.846476, 2.735165, 3.662612, 4.610846, 5.280178, 5.950884, 6.147036, 5.689516, 5.153614, 4.584568, 3.792449, 2.828359, 1.899679, 0.924875]",744,372,3.427490601594372e-29,8.600520464654788e-30,0.9999999999999998,8.881784197001252e-16,6.046365471504478e-14,174760,2796160,7.1050086690011085,4.837593515978369,816,complete,False,a250ae81afc363466076dd397784dfa7e178223a,f2b6f21f8cfddcca,1.0.0
graph_ordering,full,True,reg3_s23,16,24,3,11,23,natural,152,16,"[3, 6, 7, 10, 9, 12, 15, 16, 13, 16, 15, 12, 9, 6, 3]",4,4,1e-14,4,4,3.7333333333333334,1.5573242330459292,1.049924457106364,6.084575165900548,256,"[0.84541, 1.796949, 2.741553, 3.690202, 4.318246, 5.025654, 5.748019, 6.084575, 5.452709, 5.238228, 4.685144, 3.828281, 2.894913, 1.930539, 0.974894]",768,384,2.6705619275246657,0.1418003013238221,0.256074774759103,0.949110866100984,1.2445190230805803,424,6784,0.2432683269998961,0.04800288501610339,840,complete,False,a250ae81afc363466076dd397784dfa7e178223a,f2b6f21f8cfddcca,1.0.0
graph_ordering,full,True,reg3_s23,16,24,3,11,23,natural,152,16,"[3, 6, 7, 10, 9, 12, 15, 16, 13, 16, 15, 12, 9, 6, 3]",8,8,1e-14,8,8,6.666666666666667,2.382675915763481,1.6972485212117667,6.084575165900548,256,"[0.84541, 1.796949, 2.741553, 3.690202, 4.318246, 5.025654, 5.748019, 6.084575, 5.452709, 5.238228, 4.685144, 3.828281, 2.894913, 1.930539, 0.974894]",768,384,1.9088304634073712,0.08121585868753642,0.380535645619045,0.8625811507386221,1.1218730012160383,1448,23168,0.2902607839987468,0.08545360502466792,840,complete,False,a250ae81afc363466076dd397784dfa7e178223a,f2b6f21f8cfddcca,1.0.0
graph_ordering,full,True,reg3_s23,16,24,3,11,23,natural,152,16,"[3, 6, 7, 10, 9, 12, 15, 16, 13, 16, 15, 12, 9, 6, 3]",16,16,1e-14,16,16,11.466666666666667,3.348193508657367,2.366100644862644,6.084575165900548,256,"[0.84541, 1.796949, 2.741553, 3.690202, 4.318246, 5.025654, 5.748019, 6.084575, 5.452709, 5.238228, 4.685144, 3.828281, 2.894913, 1.930539, 0.974894]",768,384,1.2873832612009994,0.06375013694866884,0.5223003833321839,0.7302207822106417,0.9804052722814345,4776,76416,0.4368479729982937,0.19842982099544315,840,complete,False,a250ae81afc363466076dd397784dfa7e178223a,f2b6f21f8cfddcca,1.0.0
graph_ordering,full,True,reg3_s23,16,24,3,11,23,natural,152,16,"[3, 6, 7, 10, 9, 12, 15, 16, 13, 16, 15, 12, 9, 6, 3]",32,32,1e-14,32,32,18.933333333333334,4.198950268903415,2.848529106769953,6.084575165900548,256,"[0.84541, 1.796949, 2.741553, 3.690202, 4.318246, 5.025654, 5.748019, 6.084575, 5.452709, 5.238228, 4.685144, 3.828281, 2.894913, 1.930539, 0.974894]",768,384,0.7933244414414953,0.05036815023329525,0.6708326574078858,0.5281006164699865,0.7912656556141366,15016,240256,0.9041183080007613,0.5685525630069606,840,complete,False,a250ae81afc363466076dd397784dfa7e178223a,f2b6f21f8cfddcca,1.0.0
graph_ordering,full,True,reg3_s23,16,24,3,11,23,natural,152,16,"[3, 6, 7, 10, 9, 12, 15, 16, 13, 16, 15, 12, 9, 6, 3]",64,64,1e-14,64,64,29.6,5.102686924229045,3.294369199771029,6.084575165900548,256,"[0.84541, 1.796949, 2.741553, 3.690202, 4.318246, 5.025654, 5.748019, 6.084575, 5.452709, 5.238228, 4.685144, 3.828281, 2.894913, 1.930539, 0.974894]",768,384,0.33415729563610375,0.024508191873054752,0.845542685806111,0.261845086909382,0.5307364272493511,43688,699008,2.519997579000119,1.8464059870148049,840,complete,False,a250ae81afc363466076dd397784dfa7e178223a,f2b6f21f8cfddcca,1.0.0
graph_ordering,full,True,reg3_s23,16,24,3,11,23,natural,152,16,"[3, 6, 7, 10, 9, 12, 15, 16, 13, 16, 15, 12, 9, 6, 3]",-1,untruncated,1e-14,256,256,50.93333333333333,6.084575165900546,3.683687711692917,6.084575165900548,256,"[0.84541, 1.796949, 2.741553, 3.690202, 4.318246, 5.025654, 5.748019, 6.084575, 5.452709, 5.238228, 4.685144, 3.828281, 2.894913, 1.930539, 0.974894]",768,384,2.180258889016427e-28,9.242213009371971e-29,1.0,8.881784197001252e-16,1.1148461285658298e-13,174760,2796160,7.055439640998884,4.99760661297114,840,complete,False,a250ae81afc363466076dd397784dfa7e178223a,f2b6f21f8cfddcca,1.0.0
graph_ordering,full,True,reg3_s23,16,24,3,11,23,bfs,96,9,"[3, 4, 5, 6, 7, 8, 9, 8, 9, 8, 9, 6, 7, 4, 3]",4,4,1e-14,4,4,3.7333333333333334,1.4084298821529102,0.9924207372823418,4.920792543131836,256,"[0.84541, 1.590118, 2.527303, 3.275928, 3.953055, 4.422901, 4.77144, 4.818994, 4.920793, 4.231446, 4.28482, 3.43182, 2.781718, 1.846929, 0.960106]",432,216,2.443456489683062,0.08677191467192212,0.2880980399712887,0.9231654008239147,1.2023389316717492,424,6784,0.1557695289993717,0.02962514100181579,504,complete,False,a250ae81afc363466076dd397784dfa7e178223a,f2b6f21f8cfddcca,1.0.0
graph_ordering,full,True,reg3_s23,16,24,3,11,23,bfs,96,9,"[3, 4, 5, 6, 7, 8, 9, 8, 9, 8, 9, 6, 7, 4, 3]",8,8,1e-14,8,8,6.666666666666667,2.2651406396129277,1.6762467685181555,4.920792543131836,256,"[0.84541, 1.590118, 2.527303, 3.275928, 3.953055, 4.422901, 4.77144, 4.818994, 4.920793, 4.231446, 4.28482, 3.43182, 2.781718, 1.846929, 0.960106]",432,216,1.5019547544851088,0.08529556895350156,0.4679473193556712,0.7778217895188838,1.028243320446514,1448,23168,0.18698986399977002,0.051436866026051575,504,complete,False,a250ae81afc363466076dd397784dfa7e178223a,f2b6f21f8cfddcca,1.0.0
graph_ordering,full,True,reg3_s23,16,24,3,11,23,bfs,96,9,"[3, 4, 5, 6, 7, 8, 9, 8, 9, 8, 9, 6, 7, 4, 3]",16,16,1e-14,16,16,11.466666666666667,3.082003395325838,2.213766318592485,4.920792543131836,256,"[0.84541, 1.590118, 2.527303, 3.275928, 3.953055, 4.422901, 4.77144, 4.818994, 4.920793, 4.231446, 4.28482, 3.43182, 2.781718, 1.846929, 0.960106]",432,216,0.86302122130033,0.05377349955912254,0.6472895794923101,0.5525299293711178,0.8137173497269786,4776,76416,0.2903306029984378,0.11999204300809652,504,complete,False,a250ae81afc363466076dd397784dfa7e178223a,f2b6f21f8cfddcca,1.0.0
graph_ordering,full,True,reg3_s23,16,24,3,11,23,bfs,96,9,"[3, 4, 5, 6, 7, 8, 9, 8, 9, 8, 9, 6, 7, 4, 3]",32,32,1e-14,32,32,18.933333333333334,3.7858544115417416,2.668587059510838,4.920792543131836,256,"[0.84541, 1.590118, 2.527303, 3.275928, 3.953055, 4.422901, 4.77144, 4.818994, 4.920793, 4.231446, 4.28482, 3.43182, 2.781718, 1.846929, 0.960106]",432,216,0.4030840803089604,0.03134524471212816,0.8166804459366874,0.2901639521023699,0.5612170987654389,15016,240256,0.542889488999208,0.32744167101009225,504,complete,False,a250ae81afc363466076dd397784dfa7e178223a,f2b6f21f8cfddcca,1.0.0
graph_ordering,full,True,reg3_s23,16,24,3,11,23,bfs,96,9,"[3, 4, 5, 6, 7, 8, 9, 8, 9, 8, 9, 6, 7, 4, 3]",64,64,1e-14,64,64,29.6,4.542146164436364,3.0649130492730454,4.920792543131836,256,"[0.84541, 1.590118, 2.527303, 3.275928, 3.953055, 4.422901, 4.77144, 4.818994, 4.920793, 4.231446, 4.28482, 3.43182, 2.781718, 1.846929, 0.960106]",432,216,0.09802508818243047,0.010063890682563255,0.9520752049099885,0.07776596103713018,0.28167295983584756,43688,699008,1.319865325000137,0.9043900099914026,504,complete,False,a250ae81afc363466076dd397784dfa7e178223a,f2b6f21f8cfddcca,1.0.0
graph_ordering,full,True,reg3_s23,16,24,3,11,23,bfs,96,9,"[3, 4, 5, 6, 7, 8, 9, 8, 9, 8, 9, 6, 7, 4, 3]",-1,untruncated,1e-14,256,256,50.93333333333333,4.920792543131837,3.2441853417976874,4.920792543131836,256,"[0.84541, 1.590118, 2.527303, 3.275928, 3.953055, 4.422901, 4.77144, 4.818994, 4.920793, 4.231446, 4.28482, 3.43182, 2.781718, 1.846929, 0.960106]",432,216,2.7789520640364477e-29,1.1307414738831955e-29,1.0000000000000013,1.7763568394002505e-15,9.074620615796358e-14,174760,2796160,3.59431968699937,2.4406072719593794,504,complete,False,a250ae81afc363466076dd397784dfa7e178223a,f2b6f21f8cfddcca,1.0.0
graph_ordering,full,True,reg3_s23,16,24,3,11,23,rcm,96,9,"[3, 4, 7, 6, 9, 8, 9, 8, 9, 8, 7, 6, 5, 4, 3]",4,4,1e-14,4,4,3.7333333333333334,1.408429882152911,0.9924207372823469,4.920792543131799,256,"[0.960106, 1.846929, 2.781718, 3.43182, 4.28482, 4.231446, 4.920793, 4.818994, 4.77144, 4.422901, 3.953055, 3.275928, 2.527303, 1.590118, 0.84541]",432,216,2.4434564896830775,0.0867719146719236,0.2880980399712872,0.9231654008239154,1.2023389316717539,424,6784,0.15677610900092986,0.029088811981637264,504,complete,False,a250ae81afc363466076dd397784dfa7e178223a,f2b6f21f8cfddcca,1.0.0
graph_ordering,full,True,reg3_s23,16,24,3,11,23,rcm,96,9,"[3, 4, 7, 6, 9, 8, 9, 8, 9, 8, 7, 6, 5, 4, 3]",8,8,1e-14,8,8,6.666666666666667,2.2651406396129263,1.6762467685181472,4.920792543131799,256,"[0.960106, 1.846929, 2.781718, 3.43182, 4.28482, 4.231446, 4.920793, 4.818994, 4.77144, 4.422901, 3.953055, 3.275928, 2.527303, 1.590118, 0.84541]",432,216,1.5019547544851406,0.08529556895350585,0.4679473193556639,0.7778217895188884,1.028243320446513,1448,23168,0.1904284070005815,0.05092826900727232,504,complete,False,a250ae81afc363466076dd397784dfa7e178223a,f2b6f21f8cfddcca,1.0.0
graph_ordering,full,True,reg3_s23,16,24,3,11,23,rcm,96,9,"[3, 4, 7, 6, 9, 8, 9, 8, 9, 8, 7, 6, 5, 4, 3]",16,16,1e-14,16,16,11.466666666666667,3.082003395325872,2.2137663185924823,4.920792543131799,256,"[0.960106, 1.846929, 2.781718, 3.43182, 4.28482, 4.231446, 4.920793, 4.818994, 4.77144, 4.422901, 3.953055, 3.275928, 2.527303, 1.590118, 0.84541]",432,216,0.863021221300314,0.05377349955912432,0.6472895794923167,0.5525299293711206,0.8137173497269768,4776,76416,0.2964037530000496,0.12512525401689345,504,complete,False,a250ae81afc363466076dd397784dfa7e178223a,f2b6f21f8cfddcca,1.0.0
graph_ordering,full,True,reg3_s23,16,24,3,11,23,rcm,96,9,"[3, 4, 7, 6, 9, 8, 9, 8, 9, 8, 7, 6, 5, 4, 3]",32,32,1e-14,32,32,18.933333333333334,3.785854411541724,2.668587059510824,4.920792543131799,256,"[0.960106, 1.846929, 2.781718, 3.43182, 4.28482, 4.231446, 4.920793, 4.818994, 4.77144, 4.422901, 3.953055, 3.275928, 2.527303, 1.590118, 0.84541]",432,216,0.4030840803089519,0.03134524471212746,0.816680445936692,0.290163952102371,0.5612170987654455,15016,240256,0.5341890109993983,0.31801379599710344,504,complete,False,a250ae81afc363466076dd397784dfa7e178223a,f2b6f21f8cfddcca,1.0.0
graph_ordering,full,True,reg3_s23,16,24,3,11,23,rcm,96,9,"[3, 4, 7, 6, 9, 8, 9, 8, 9, 8, 7, 6, 5, 4, 3]",64,64,1e-14,64,64,29.6,4.542146164436346,3.064913049273038,4.920792543131799,256,"[0.960106, 1.846929, 2.781718, 3.43182, 4.28482, 4.231446, 4.920793, 4.818994, 4.77144, 4.422901, 3.953055, 3.275928, 2.527303, 1.590118, 0.84541]",432,216,0.09802508818243072,0.010063890682563257,0.9520752049099864,0.0777659610371324,0.2816729598358519,43688,699008,1.316384175001076,0.9013107379723806,504,complete,False,a250ae81afc363466076dd397784dfa7e178223a,f2b6f21f8cfddcca,1.0.0
graph_ordering,full,True,reg3_s23,16,24,3,11,23,rcm,96,9,"[3, 4, 7, 6, 9, 8, 9, 8, 9, 8, 7, 6, 5, 4, 3]",-1,untruncated,1e-14,256,256,50.93333333333333,4.9207925431318,3.2441853417976723,4.920792543131799,256,"[0.960106, 1.846929, 2.781718, 3.43182, 4.28482, 4.231446, 4.920793, 4.818994, 4.77144, 4.422901, 3.953055, 3.275928, 2.527303, 1.590118, 0.84541]",432,216,6.210837728524445e-29,2.966808877330672e-29,1.0000000000000002,-8.881784197001252e-16,1.0956745692376739e-13,174760,2796160,3.871237781000673,2.538086693002697,504,complete,False,a250ae81afc363466076dd397784dfa7e178223a,f2b6f21f8cfddcca,1.0.0
graph_ordering,full,True,reg3_s23,16,24,3,11,23,rand37,122,13,"[3, 6, 7, 8, 9, 10, 11, 12, 13, 12, 11, 8, 5, 4, 3]",4,4,1e-14,4,4,3.7333333333333334,1.5619463112476986,1.081329410758886,5.446615420907593,256,"[0.953289, 1.812418, 2.71699, 3.397361, 4.108208, 4.629371, 4.99769, 5.374585, 5.446615, 5.025423, 4.330234, 3.466627, 2.506749, 1.832074, 0.974894]",588,294,2.6253429181671883,0.16812655204104068,0.2595981428342001,0.942537876508036,1.2331159027630667,424,6784,0.23416675200132886,0.04401979302565451,660,complete,False,a250ae81afc363466076dd397784dfa7e178223a,f2b6f21f8cfddcca,1.0.0
graph_ordering,full,True,reg3_s23,16,24,3,11,23,rand37,122,13,"[3, 6, 7, 8, 9, 10, 11, 12, 13, 12, 11, 8, 5, 4, 3]",8,8,1e-14,8,8,6.666666666666667,2.411595955581644,1.760518878625004,5.446615420907593,256,"[0.953289, 1.812418, 2.71699, 3.397361, 4.108208, 4.629371, 4.99769, 5.374585, 5.446615, 5.025423, 4.330234, 3.466627, 2.506749, 1.832074, 0.974894]",588,294,1.8469536384488967,0.05606547710580751,0.3933611317224404,0.8463422198558929,1.1027310946644715,1448,23168,0.2507351540007221,0.0709423160096776,660,complete,False,a250ae81afc363466076dd397784dfa7e178223a,f2b6f21f8cfddcca,1.0.0
graph_ordering,full,True,reg3_s23,16,24,3,11,23,rand37,122,13,"[3, 6, 7, 8, 9, 10, 11, 12, 13, 12, 11, 8, 5, 4, 3]",16,16,1e-14,16,16,11.466666666666667,3.0827400574421606,2.278180081907875,5.446615420907593,256,"[0.953289, 1.812418, 2.71699, 3.397361, 4.108208, 4.629371, 4.99769, 5.374585, 5.446615, 5.025423, 4.330234, 3.466627, 2.506749, 1.832074, 0.974894]",588,294,1.182785454852337,0.026385668122949263,0.5517987043111681,0.6810904449540267,0.9330372166457087,4776,76416,0.3782218340002146,0.16378425898619753,660,complete,False,a250ae81afc363466076dd397784dfa7e178223a,f2b6f21f8cfddcca,1.0.0
graph_ordering,full,True,reg3_s23,16,24,3,11,23,rand37,122,13,"[3, 6, 7, 8, 9, 10, 11, 12, 13, 12, 11, 8, 5, 4, 3]",32,32,1e-14,32,32,18.933333333333334,3.882363729991882,2.7070905400431253,5.446615420907593,256,"[0.953289, 1.812418, 2.71699, 3.397361, 4.108208, 4.629371, 4.99769, 5.374585, 5.446615, 5.025423, 4.330234, 3.466627, 2.506749, 1.832074, 0.974894]",588,294,0.673094417048905,0.018467117526375747,0.7133259416094485,0.4568025698289073,0.7252319801052034,15016,240256,0.8543130140005815,0.5254285419778171,660,complete,False,a250ae81afc363466076dd397784dfa7e178223a,f2b6f21f8cfddcca,1.0.0
graph_ordering,full,True,reg3_s23,16,24,3,11,23,rand37,122,13,"[3, 6, 7, 8, 9, 10, 11, 12, 13, 12, 11, 8, 5, 4, 3]",64,64,1e-14,64,64,29.6,4.697693784320437,3.0914615073390808,5.446615420907593,256,"[0.953289, 1.812418, 2.71699, 3.397361, 4.108208, 4.629371, 4.99769, 5.374585, 5.446615, 5.025423, 4.330234, 3.466627, 2.506749, 1.832074, 0.974894]",588,294,0.26070357325564236,0.013113013666012766,0.8774883492819465,0.1939458458053651,0.4520947086231097,43688,699008,2.143508158000259,1.5113742809862742,660,complete,False,a250ae81afc363466076dd397784dfa7e178223a,f2b6f21f8cfddcca,1.0.0
graph_ordering,full,True,reg3_s23,16,24,3,11,23,rand37,122,13,"[3, 6, 7, 8, 9, 10, 11, 12, 13, 12, 11, 8, 5, 4, 3]",-1,untruncated,1e-14,256,256,50.93333333333333,5.446615420907593,3.438168683806566,5.446615420907593,256,"[0.953289, 1.812418, 2.71699, 3.397361, 4.108208, 4.629371, 4.99769, 5.374585, 5.446615, 5.025423, 4.330234, 3.466627, 2.506749, 1.832074, 0.974894]",588,294,1.5116152711743684e-29,1.637969481838922e-30,0.9999999999999997,4.440892098500626e-16,9.522084675803489e-14,174760,2796160,6.169546880999405,4.200498127966057,660,complete,False,a250ae81afc363466076dd397784dfa7e178223a,f2b6f21f8cfddcca,1.0.0
graph_ordering,full,True,reg3_s23,16,24,3,11,23,rand41,120,13,"[3, 6, 7, 8, 7, 10, 11, 12, 13, 12, 11, 8, 5, 4, 3]",4,4,1e-14,4,4,3.7333333333333334,1.5370761283269836,0.8350664683864479,5.614153647450069,256,"[0.859155, 1.812418, 2.513334, 3.200494, 3.738839, 4.631123, 5.347293, 5.614154, 5.496573, 4.981669, 4.288601, 3.33997, 2.420446, 1.780656, 0.968215]",576,288,2.283461547337855,0.08920162575169205,0.3135767832359732,0.9249770923358325,1.2050700402542447,424,6784,0.19659121099903132,0.03768109099837602,648,complete,False,a250ae81afc363466076dd397784dfa7e178223a,f2b6f21f8cfddcca,1.0.0
graph_ordering,full,True,reg3_s23,16,24,3,11,23,rand41,120,13,"[3, 6, 7, 8, 7, 10, 11, 12, 13, 12, 11, 8, 5, 4, 3]",8,8,1e-14,8,8,6.666666666666667,2.433852771416543,1.4544884684039208,5.614153647450069,256,"[0.859155, 1.812418, 2.513334, 3.200494, 3.738839, 4.631123, 5.347293, 5.614154, 5.496573, 4.981669, 4.288601, 3.33997, 2.420446, 1.780656, 0.968215]",576,288,1.6581708052118422,0.04965623046507517,0.43278714624735865,0.8381577108392374,1.0933469070895279,1448,23168,0.24869291900176904,0.06959724495391129,648,complete,False,a250ae81afc363466076dd397784dfa7e178223a,f2b6f21f8cfddcca,1.0.0
graph_ordering,full,True,reg3_s23,16,24,3,11,23,rand41,120,13,"[3, 6, 7, 8, 7, 10, 11, 12, 13, 12, 11, 8, 5, 4, 3]",16,16,1e-14,16,16,11.466666666666667,3.28684797017858,2.035557630247051,5.614153647450069,256,"[0.859155, 1.812418, 2.513334, 3.200494, 3.738839, 4.631123, 5.347293, 5.614154, 5.496573, 4.981669, 4.288601, 3.33997, 2.420446, 1.780656, 0.968215]",576,288,1.081000457713882,0.03187820019030257,0.5805809143804755,0.6752242159928203,0.9274793494345243,4776,76416,0.3663220469989028,0.1620815770002082,648,complete,False,a250ae81afc363466076dd397784dfa7e178223a,f2b6f21f8cfddcca,1.0.0
graph_ordering,full,True,reg3_s23,16,24,3,11,23,rand41,120,13,"[3, 6, 7, 8, 7, 10, 11, 12, 13, 12, 11, 8, 5, 4, 3]",32,32,1e-14,32,32,18.933333333333334,4.1487847480846085,2.588213450938409,5.614153647450069,256,"[0.859155, 1.812418, 2.513334, 3.200494, 3.738839, 4.631123, 5.347293, 5.614154, 5.496573, 4.981669, 4.288601, 3.33997, 2.420446, 1.780656, 0.968215]",576,288,0.5942785983852527,0.030138412444906258,0.7419302421082608,0.4409537731893295,0.7103605573748686,15016,240256,0.8477426079989527,0.5088857269656728,648,complete,False,a250ae81afc363466076dd397784dfa7e178223a,f2b6f21f8cfddcca,1.0.0
graph_ordering,full,True,reg3_s23,16,24,3,11,23,rand41,120,13,"[3, 6, 7, 8, 7, 10, 11, 12, 13, 12, 11, 8, 5, 4, 3]",64,64,1e-14,64,64,29.6,4.897609139797839,3.0489818823345423,5.614153647450069,256,"[0.859155, 1.812418, 2.513334, 3.200494, 3.738839, 4.631123, 5.347293, 5.614154, 5.496573, 4.981669, 4.288601, 3.33997, 2.420446, 1.780656, 0.968215]",576,288,0.22675634056893476,0.015326708404653786,0.8925376616333648,0.18129436205809812,0.43629453429872894,43688,699008,2.1290492250009265,1.4723255999742833,648,complete,False,a250ae81afc363466076dd397784dfa7e178223a,f2b6f21f8cfddcca,1.0.0
graph_ordering,full,True,reg3_s23,16,24,3,11,23,rand41,120,13,"[3, 6, 7, 8, 7, 10, 11, 12, 13, 12, 11, 8, 5, 4, 3]",-1,untruncated,1e-14,256,256,50.93333333333333,5.61415364745007,3.3995292346454566,5.614153647450069,256,"[0.859155, 1.812418, 2.513334, 3.200494, 3.738839, 4.631123, 5.347293, 5.614154, 5.496573, 4.981669, 4.288601, 3.33997, 2.420446, 1.780656, 0.968215]",576,288,9.764461619194627e-29,3.8743707483924555e-29,0.9999999999999998,4.440892098500626e-16,9.568086294378912e-14,174760,2796160,5.782225303999439,3.8715138870265946,648,complete,False,a250ae81afc363466076dd397784dfa7e178223a,f2b6f21f8cfddcca,1.0.0
graph_ordering,full,True,reg3_s23,16,24,3,11,23,rand43,148,15,"[3, 6, 7, 10, 13, 12, 15, 14, 13, 12, 13, 12, 9, 6, 3]",4,4,1e-14,4,4,3.7333333333333334,1.4648343430170658,1.2106926521318855,5.942597868131108,256,"[0.956678, 1.915194, 2.731633, 3.681731, 4.589475, 5.286819, 5.887354, 5.942598, 5.524754, 4.910255, 4.447722, 3.678043, 2.901741, 1.978361, 0.982977]",744,372,2.7450122533285355,0.12370982512643058,0.24622250479519323,0.9518920225531076,1.2495316656619677,424,6784,0.2520057950005139,0.05375757098045142,816,complete,False,a250ae81afc363466076dd397784dfa7e178223a,f2b6f21f8cfddcca,1.0.0
graph_ordering,full,True,reg3_s23,16,24,3,11,23,rand43,148,15,"[3, 6, 7, 10, 13, 12, 15, 14, 13, 12, 13, 12, 9, 6, 3]",8,8,1e-14,8,8,6.666666666666667,2.492676896236434,1.9491073110519288,5.942597868131108,256,"[0.956678, 1.915194, 2.731633, 3.681731, 4.589475, 5.286819, 5.887354, 5.942598, 5.524754, 4.910255, 4.447722, 3.678043, 2.901741, 1.978361, 0.982977]",744,372,2.015331972236948,0.07649654450575856,0.3610789941349865,0.8877368686457776,1.1532069132333307,1448,23168,0.3036200019996613,0.08600872098395484,816,complete,False,a250ae81afc363466076dd397784dfa7e178223a,f2b6f21f8cfddcca,1.0.0
graph_ordering,full,True,reg3_s23,16,24,3,11,23,rand43,148,15,"[3, 6, 7, 10, 13, 12, 15, 14, 13, 12, 13, 12, 9, 6, 3]",16,16,1e-14,16,16,11.466666666666667,3.4363990756005034,2.5074828641802167,5.942597868131108,256,"[0.956678, 1.915194, 2.731633, 3.681731, 4.589475, 5.286819, 5.887354, 5.942598, 5.524754, 4.910255, 4.447722, 3.678043, 2.901741, 1.978361, 0.982977]",744,372,1.3635453091468934,0.04745320470629441,0.5032075032131638,0.7575881590519034,1.0076176159657808,4776,76416,0.4600015629985137,0.20051005199093197,816,complete,False,a250ae81afc363466076dd397784dfa7e178223a,f2b6f21f8cfddcca,1.0.0
graph_ordering,full,True,reg3_s23,16,24,3,11,23,rand43,148,15,"[3, 6, 7, 10, 13, 12, 15, 14, 13, 12, 13, 12, 9, 6, 3]",32,32,1e-14,32,32,18.933333333333334,4.296022073656872,2.9618127187139436,5.942597868131108,256,"[0.956678, 1.915194, 2.731633, 3.681731, 4.589475, 5.286819, 5.887354, 5.942598, 5.524754, 4.910255, 4.447722, 3.678043, 2.901741, 1.978361, 0.982977]",744,372,0.8114527173127283,0.03569204858963486,0.6650577396613013,0.5493883413904177,0.8108314968667029,15016,240256,0.9061049920001096,0.5500663399943733,816,complete,False,a250ae81afc363466076dd397784dfa7e178223a,f2b6f21f8cfddcca,1.0.0
graph_ordering,full,True,reg3_s23,16,24,3,11,23,rand43,148,15,"[3, 6, 7, 10, 13, 12, 15, 14, 13, 12, 13, 12, 9, 6, 3]",64,64,1e-14,64,64,29.6,5.092948073070228,3.3450705895201547,5.942597868131108,256,"[0.956678, 1.915194, 2.731633, 3.681731, 4.589475, 5.286819, 5.887354, 5.942598, 5.524754, 4.910255, 4.447722, 3.678043, 2.901741, 1.978361, 0.982977]",744,372,0.35632316456193586,0.02356661292065276,0.8361851764904286,0.2772359141496089,0.54743889079019,43688,699008,2.426766520000456,1.6911240589761292,816,complete,False,a250ae81afc363466076dd397784dfa7e178223a,f2b6f21f8cfddcca,1.0.0
graph_ordering,full,True,reg3_s23,16,24,3,11,23,rand43,148,15,"[3, 6, 7, 10, 13, 12, 15, 14, 13, 12, 13, 12, 9, 6, 3]",-1,untruncated,1e-14,256,256,50.93333333333333,5.9425978681311085,3.6943556884846718,5.942597868131108,256,"[0.956678, 1.915194, 2.731633, 3.681731, 4.589475, 5.286819, 5.887354, 5.942598, 5.524754, 4.910255, 4.447722, 3.678043, 2.901741, 1.978361, 0.982977]",744,372,5.186290152889832e-29,1.872698570937539e-29,1.0000000000000004,-4.440892098500626e-16,2.0170356427810838e-13,174760,2796160,7.1540053650005575,4.894040802970267,816,complete,False,a250ae81afc363466076dd397784dfa7e178223a,f2b6f21f8cfddcca,1.0.0
graph_ordering,full,True,reg3_s23,16,24,3,19,23,natural,152,16,"[3, 6, 7, 10, 9, 12, 15, 16, 13, 16, 15, 12, 9, 6, 3]",4,4,1e-14,4,4,3.7333333333333334,1.7625318439478292,0.9575010863270695,5.592141852413165,256,"[0.913393, 1.846772, 2.733154, 3.519478, 4.047644, 4.937634, 5.478263, 5.592142, 4.953375, 5.118189, 4.378626, 3.579609, 2.740114, 1.88077, 0.926104]",768,384,2.6173526235679634,0.12507933309180388,0.26140112229486673,0.9247440628808977,1.2047172648391116,424,6784,0.26399925999976404,0.053474254988032044,840,complete,False,a250ae81afc363466076dd397784dfa7e178223a,f2b6f21f8cfddcca,1.0.0
graph_ordering,full,True,reg3_s23,16,24,3,19,23,natural,152,16,"[3, 6, 7, 10, 9, 12, 15, 16, 13, 16, 15, 12, 9, 6, 3]",8,8,1e-14,8,8,6.666666666666667,2.591926396432798,1.5547822603918608,5.592141852413165,256,"[0.913393, 1.846772, 2.733154, 3.519478, 4.047644, 4.937634, 5.478263, 5.592142, 4.953375, 5.118189, 4.378626, 3.579609, 2.740114, 1.88077, 0.926104]",768,384,1.8107900917474216,0.0712820956499394,0.39975379235995684,0.8459334808684571,1.1022585164304737,1448,23168,0.30196755199904146,0.08947705499303993,840,complete,False,a250ae81afc363466076dd397784dfa7e178223a,f2b6f21f8cfddcca,1.0.0
graph_ordering,full,True,reg3_s23,16,24,3,19,23,natural,152,16,"[3, 6, 7, 10, 9, 12, 15, 16, 13, 16, 15, 12, 9, 6, 3]",16,16,1e-14,16,16,11.466666666666667,3.3574016611526525,2.1656279122872006,5.592141852413165,256,"[0.913393, 1.846772, 2.733154, 3.519478, 4.047644, 4.937634, 5.478263, 5.592142, 4.953375, 5.118189, 4.378626, 3.579609, 2.740114, 1.88077, 0.926104]",768,384,1.1987140459803867,0.04961026039807972,0.5466950410261893,0.6815035496471655,0.9334292715377511,4776,76416,0.45592835000024934,0.2078090730101394,840,complete,False,a250ae81afc363466076dd397784dfa7e178223a,f2b6f21f8cfddcca,1.0.0
graph_ordering,full,True,reg3_s23,16,24,3,19,23,natural,152,16,"[3, 6, 7, 10, 9, 12, 15, 16, 13, 16, 15, 12, 9, 6, 3]",32,32,1e-14,32,32,18.933333333333334,4.0617840323080046,2.7302214774645908,5.592141852413165,256,"[0.913393, 1.846772, 2.733154, 3.519478, 4.047644, 4.937634, 5.478263, 5.592142, 4.953375, 5.118189, 4.378626, 3.579609, 2.740114, 1.88077, 0.926104]",768,384,0.6294699835269633,0.03543425607186673,0.7289848718911301,0.44264759226956496,0.7119545146746644,15016,240256,0.9440658879993862,0.6032497659725777,840,complete,False,a250ae81afc363466076dd397784dfa7e178223a,f2b6f21f8cfddcca,1.0.0
graph_ordering,full,True,reg3_s23,16,24,3,19,23,natural,152,16,"[3, 6, 7, 10, 9, 12, 15, 16, 13, 16, 15, 12, 9, 6, 3]",64,64,1e-14,64,64,29.6,4.805928896261641,3.189404902859715,5.592141852413165,256,"[0.913393, 1.846772, 2.733154, 3.519478, 4.047644, 4.937634, 5.478263, 5.592142, 4.953375, 5.118189, 4.378626, 3.579609, 2.740114, 1.88077, 0.926104]",768,384,0.2183174737225344,0.013612709829279328,0.8963583029386353,0.1757321939644042,0.42920401384890905,43688,699008,2.624068258999614,1.9001234539955476,840,complete,False,a250ae81afc363466076dd397784dfa7e178223a,f2b6f21f8cfddcca,1.0.0
graph_ordering,full,True,reg3_s23,16,24,3,19,23,natural,152,16,"[3, 6, 7, 10, 9, 12, 15, 16, 13, 16, 15, 12, 9, 6, 3]",-1,untruncated,1e-14,256,256,50.93333333333333,5.592141852413166,3.509684515491507,5.592141852413165,256,"[0.913393, 1.846772, 2.733154, 3.519478, 4.047644, 4.937634, 5.478263, 5.592142, 4.953375, 5.118189, 4.378626, 3.579609, 2.740114, 1.88077, 0.926104]",768,384,8.110510606599796e-29,2.8618105050616533e-29,1.0,-8.881784197001252e-16,8.153007588007053e-14,174760,2796160,6.859963558001255,4.888126184041539,840,complete,False,a250ae81afc363466076dd397784dfa7e178223a,f2b6f21f8cfddcca,1.0.0
graph_ordering,full,True,reg3_s23,16,24,3,19,23,bfs,96,9,"[3, 4, 5, 6, 7, 8, 9, 8, 9, 8, 9, 6, 7, 4, 3]",4,4,1e-14,4,4,3.7333333333333334,1.728562187768869,1.107760761394772,4.555306327730128,256,"[0.913393, 1.83152, 2.446454, 2.747078, 3.130359, 3.705273, 4.206539, 4.282479, 4.555306, 4.137415, 3.701973, 2.90921, 2.422122, 1.531581, 0.834273]",432,216,1.8275991016058224,0.08606804694699952,0.395415356027433,0.8667335709651569,1.1268924104002667,424,6784,0.16250152999964484,0.030298388990559033,504,complete,False,a250ae81afc363466076dd397784dfa7e178223a,f2b6f21f8cfddcca,1.0.0
graph_ordering,full,True,reg3_s23,16,24,3,19,23,bfs,96,9,"[3, 4, 5, 6, 7, 8, 9, 8, 9, 8, 9, 6, 7, 4, 3]",8,8,1e-14,8,8,6.666666666666667,2.195667572944006,1.5710821259762144,4.555306327730128,256,"[0.913393, 1.83152, 2.446454, 2.747078, 3.130359, 3.705273, 4.206539, 4.282479, 4.555306, 4.137415, 3.701973, 2.90921, 2.422122, 1.531581, 0.834273]",432,216,1.2812441691780838,0.07354159382741068,0.5240544539990117,0.7067504803530196,0.9575748752509748,1448,23168,0.1990024259994243,0.054150476986251306,504,complete,False,a250ae81afc363466076dd397784dfa7e178223a,f2b6f21f8cfddcca,1.0.0
graph_ordering,full,True,reg3_s23,16,24,3,19,23,bfs,96,9,"[3, 4, 5, 6, 7, 8, 9, 8, 9, 8, 9, 6, 7, 4, 3]",16,16,1e-14,16,16,11.466666666666667,3.042543944511759,2.101236983697706,4.555306327730128,256,"[0.913393, 1.83152, 2.446454, 2.747078, 3.130359, 3.705273, 4.206539, 4.282479, 4.555306, 4.137415, 3.701973, 2.90921, 2.422122, 1.531581, 0.834273]",432,216,0.6182591669831369,0.03465018539528132,0.7329686226109131,0.43552525935192987,0.705244155804373,4776,76416,0.28280825700130663,0.1191243240282347,504,complete,False,a250ae81afc363466076dd397784dfa7e178223a,f2b6f21f8cfddcca,1.0.0
graph_ordering,full,True,reg3_s23,16,24,3,19,23,bfs,96,9,"[3, 4, 5, 6, 7, 8, 9, 8, 9, 8, 9, 6, 7, 4, 3]",32,32,1e-14,32,32,18.933333333333334,3.8069596992757564,2.5059433092016543,4.555306327730128,256,"[0.913393, 1.83152, 2.446454, 2.747078, 3.130359, 3.705273, 4.206539, 4.282479, 4.555306, 4.137415, 3.701973, 2.90921, 2.422122, 1.531581, 0.834273]",432,216,0.2334401600868707,0.012305540131845736,0.8895616363167111,0.18018997394980396,0.43489398208840035,15016,240256,0.5951732840003388,0.3495469029785454,504,complete,False,a250ae81afc363466076dd397784dfa7e178223a,f2b6f21f8cfddcca,1.0.0
graph_ordering,full,True,reg3_s23,16,24,3,19,23,bfs,96,9,"[3, 4, 5, 6, 7, 8, 9, 8, 9, 8, 9, 6, 7, 4, 3]",64,64,1e-14,64,64,29.6,4.318427179935162,2.7739626382142943,4.555306327730128,256,"[0.913393, 1.83152, 2.446454, 2.747078, 3.130359, 3.705273, 4.206539, 4.282479, 4.555306, 4.137415, 3.701973, 2.90921, 2.422122, 1.531581, 0.834273]",432,216,0.047925283469501395,0.004952500300830158,0.9762997999499905,0.03796525091258707,0.19578712401120013,43688,699008,1.3911277099996369,0.9373587109967048,504,complete,False,a250ae81afc363466076dd397784dfa7e178223a,f2b6f21f8cfddcca,1.0.0
graph_ordering,full,True,reg3_s23,16,24,3,19,23,bfs,96,9,"[3, 4, 5, 6, 7, 8, 9, 8, 9, 8, 9, 6, 7, 4, 3]",-1,untruncated,1e-14,256,256,50.93333333333333,4.555306327730128,2.8903316512203334,4.555306327730128,256,"[0.913393, 1.83152, 2.446454, 2.747078, 3.130359, 3.705273, 4.206539, 4.282479, 4.555306, 4.137415, 3.701973, 2.90921, 2.422122, 1.531581, 0.834273]",432,216,9.53707551372597e-29,6.470002689729292e-29,0.9999999999999998,-1.3322676295501878e-15,7.330081209146924e-14,174760,2796160,3.6442117740007234,2.4650350339888973,504,complete,False,a250ae81afc363466076dd397784dfa7e178223a,f2b6f21f8cfddcca,1.0.0
graph_ordering,full,True,reg3_s23,16,24,3,19,23,rcm,96,9,"[3, 4, 7, 6, 9, 8, 9, 8, 9, 8, 7, 6, 5, 4, 3]",4,4,1e-14,4,4,3.7333333333333334,1.7285621877688777,1.1077607613947824,4.555306327730127,256,"[0.834273, 1.531581, 2.422122, 2.90921, 3.701973, 4.137415, 4.555306, 4.282479, 4.206539, 3.705273, 3.130359, 2.747078, 2.446454, 1.83152, 0.913393]",432,216,1.8275991016058002,0.08606804694699191,0.3954153560274375,0.866733570965156,1.1268924104002522,424,6784,0.1590672029997222,0.030059676004384528,504,complete,False,a250ae81afc363466076dd397784dfa7e178223a,f2b6f21f8cfddcca,1.0.0
graph_ordering,full,True,reg3_s23,16,24,3,19,23,rcm,96,9,"[3, 4, 7, 6, 9, 8, 9, 8, 9, 8, 7, 6, 5, 4, 3]",8,8,1e-14,8,8,6.666666666666667,2.1956675729439112,1.5710821259761694,4.555306327730127,256,"[0.834273, 1.531581, 2.422122, 2.90921, 3.701973, 4.137415, 4.555306, 4.282479, 4.206539, 3.705273, 3.130359, 2.747078, 2.446454, 1.83152, 0.913393]",432,216,1.2812441691780132,0.07354159382740867,0.5240544539990332,0.706750480353012,0.9575748752509766,1448,23168,0.19287217400051304,0.05290185898411437,504,complete,False,a250ae81afc363466076dd397784dfa7e178223a,f2b6f21f8cfddcca,1.0.0
graph_ordering,full,True,reg3_s23,16,24,3,19,23,rcm,96,9,"[3, 4, 7, 6, 9, 8, 9, 8, 9, 8, 7, 6, 5, 4, 3]",16,16,1e-14,16,16,11.466666666666667,3.0425439445117703,2.1012369836977087,4.555306327730127,256,"[0.834273, 1.531581, 2.422122, 2.90921, 3.701973, 4.137415, 4.555306, 4.282479, 4.206539, 3.705273, 3.130359, 2.747078, 2.446454, 1.83152, 0.913393]",432,216,0.6182591669831153,0.03465018539528122,0.7329686226109222,0.4355252593519241,0.7052441558043703,4776,76416,0.2719201400013844,0.11472248098834825,504,complete,False,a250ae81afc363466076dd397784dfa7e178223a,f2b6f21f8cfddcca,1.0.0
graph_ordering,full,True,reg3_s23,16,24,3,19,23,rcm,96,9,"[3, 4, 7, 6, 9, 8, 9, 8, 9, 8, 7, 6, 5, 4, 3]",32,32,1e-14,32,32,18.933333333333334,3.8069596992757484,2.5059433092016463,4.555306327730127,256,"[0.834273, 1.531581, 2.422122, 2.90921, 3.701973, 4.137415, 4.555306, 4.282479, 4.206539, 3.705273, 3.130359, 2.747078, 2.446454, 1.83152, 0.913393]",432,216,0.2334401600868776,0.01230554013184603,0.8895616363167079,0.1801899739498054,0.4348939820883967,15016,240256,0.527308805998473,0.31692282901167346,504,complete,False,a250ae81afc363466076dd397784dfa7e178223a,f2b6f21f8cfddcca,1.0.0
graph_ordering,full,True,reg3_s23,16,24,3,19,23,rcm,96,9,"[3, 4, 7, 6, 9, 8, 9, 8, 9, 8, 7, 6, 5, 4, 3]",64,64,1e-14,64,64,29.6,4.318427179935158,2.773962638214297,4.555306327730127,256,"[0.834273, 1.531581, 2.422122, 2.90921, 3.701973, 4.137415, 4.555306, 4.282479, 4.206539, 3.705273, 3.130359, 2.747078, 2.446454, 1.83152, 0.913393]",432,216,0.04792528346950249,0.00495250030083034,0.9762997999499892,0.03796525091258951,0.19578712401119813,43688,699008,1.3238703360002546,0.9034038029803924,504,complete,False,a250ae81afc363466076dd397784dfa7e178223a,f2b6f21f8cfddcca,1.0.0
graph_ordering,full,True,reg3_s23,16,24,3,19,23,rcm,96,9,"[3, 4, 7, 6, 9, 8, 9, 8, 9, 8, 7, 6, 5, 4, 3]",-1,untruncated,1e-14,256,256,50.93333333333333,4.555306327730127,2.890331651220335,4.555306327730127,256,"[0.834273, 1.531581, 2.422122, 2.90921, 3.701973, 4.137415, 4.555306, 4.282479, 4.206539, 3.705273, 3.130359, 2.747078, 2.446454, 1.83152, 0.913393]",432,216,2.175827791639526e-29,5.691623359969159e-30,1.0000000000000007,0.0,5.494720199193572e-14,174760,2796160,3.638120697998602,2.421437111008345,504,complete,False,a250ae81afc363466076dd397784dfa7e178223a,f2b6f21f8cfddcca,1.0.0
graph_ordering,full,True,reg3_s23,16,24,3,19,23,rand37,122,13,"[3, 6, 7, 8, 9, 10, 11, 12, 13, 12, 11, 8, 5, 4, 3]",4,4,1e-14,4,4,3.7333333333333334,1.654001553107694,0.8862738718750564,5.663167346559034,256,"[0.854721, 1.698057, 2.611203, 3.361775, 4.118498, 4.857379, 5.262425, 5.663167, 5.495397, 4.803586, 4.106389, 3.196815, 2.348799, 1.623563, 0.926104]",588,294,2.475094606908647,0.10958362675139438,0.2836377658781682,0.9392772559644249,1.227664568871742,424,6784,0.21759037999981956,0.040828970004440635,660,complete,False,a250ae81afc363466076dd397784dfa7e178223a,f2b6f21f8cfddcca,1.0.0
graph_ordering,full,True,reg3_s23,16,24,3,19,23,rand37,122,13,"[3, 6, 7, 8, 9, 10, 11, 12, 13, 12, 11, 8, 5, 4, 3]",8,8,1e-14,8,8,6.666666666666667,2.25144818930724,1.3522751925761043,5.663167346559034,256,"[0.854721, 1.698057, 2.611203, 3.361775, 4.118498, 4.857379, 5.262425, 5.663167, 5.495397, 4.803586, 4.106389, 3.196815, 2.348799, 1.623563, 0.926104]",588,294,1.7812768495893652,0.061836964187528876,0.4069063843141005,0.8388653074669229,1.0941518543214317,1448,23168,0.2631139949990029,0.07292301701090764,660,complete,False,a250ae81afc363466076dd397784dfa7e178223a,f2b6f21f8cfddcca,1.0.0
graph_ordering,full,True,reg3_s23,16,24,3,19,23,rand37,122,13,"[3, 6, 7, 8, 9, 10, 11, 12, 13, 12, 11, 8, 5, 4, 3]",16,16,1e-14,16,16,11.466666666666667,3.181178416756265,1.9589503829869053,5.663167346559034,256,"[0.854721, 1.698057, 2.611203, 3.361775, 4.118498, 4.857379, 5.262425, 5.663167, 5.495397, 4.803586, 4.106389, 3.196815, 2.348799, 1.623563, 0.926104]",588,294,1.1554610493125022,0.039121486008482184,0.5590603855858682,0.670093578040776,0.9226323106753592,4776,76416,0.3896104639989062,0.1678899249764072,660,complete,False,a250ae81afc363466076dd397784dfa7e178223a,f2b6f21f8cfddcca,1.0.0
graph_ordering,full,True,reg3_s23,16,24,3,19,23,rand37,122,13,"[3, 6, 7, 8, 9, 10, 11, 12, 13, 12, 11, 8, 5, 4, 3]",32,32,1e-14,32,32,18.933333333333334,3.968016056929156,2.4710812349883455,5.663167346559034,256,"[0.854721, 1.698057, 2.611203, 3.361775, 4.118498, 4.857379, 5.262425, 5.663167, 5.495397, 4.803586, 4.106389, 3.196815, 2.348799, 1.623563, 0.926104]",588,294,0.6452074188980692,0.02752532282234589,0.7231458251981846,0.4503132855342685,0.7191542232942214,15016,240256,0.7808928159993229,0.48001041999850713,660,complete,False,a250ae81afc363466076dd397784dfa7e178223a,f2b6f21f8cfddcca,1.0.0
graph_ordering,full,True,reg3_s23,16,24,3,19,23,rand37,122,13,"[3, 6, 7, 8, 9, 10, 11, 12, 13, 12, 11, 8, 5, 4, 3]",64,64,1e-14,64,64,29.6,4.791712514208929,2.960070815116395,5.663167346559034,256,"[0.854721, 1.698057, 2.611203, 3.361775, 4.118498, 4.857379, 5.262425, 5.663167, 5.495397, 4.803586, 4.106389, 3.196815, 2.348799, 1.623563, 0.926104]",588,294,0.2700356547455172,0.019017988384696108,0.8732950001640986,0.21347115191669241,0.47567926894675666,43688,699008,2.1611154220008757,1.529729720999967,660,complete,False,a250ae81afc363466076dd397784dfa7e178223a,f2b6f21f8cfddcca,1.0.0
graph_ordering,full,True,reg3_s23,16,24,3,19,23,rand37,122,13,"[3, 6, 7, 8, 9, 10, 11, 12, 13, 12, 11, 8, 5, 4, 3]",-1,untruncated,1e-14,256,256,50.93333333333333,5.6631673465590335,3.3951918600287314,5.663167346559034,256,"[0.854721, 1.698057, 2.611203, 3.361775, 4.118498, 4.857379, 5.262425, 5.663167, 5.495397, 4.803586, 4.106389, 3.196815, 2.348799, 1.623563, 0.926104]",588,294,2.0595369424408855e-29,6.996696200521463e-30,1.0000000000000004,0.0,7.532166213223285e-14,174760,2796160,6.098139923999042,4.180445348987632,660,complete,False,a250ae81afc363466076dd397784dfa7e178223a,f2b6f21f8cfddcca,1.0.0
graph_ordering,full,True,reg3_s23,16,24,3,19,23,rand41,120,13,"[3, 6, 7, 8, 7, 10, 11, 12, 13, 12, 11, 8, 5, 4, 3]",4,4,1e-14,4,4,3.7333333333333334,1.349118098052843,0.949188455586661,5.222116802805538,256,"[0.848242, 1.698057, 2.454138, 2.78418, 3.611059, 4.383208, 5.04276, 5.222117, 5.109762, 4.767815, 4.203585, 3.248925, 2.430866, 1.640952, 0.858733]",576,288,2.240473892995969,0.1247796797669939,0.3179453469276261,0.8977992446246634,1.1664574328375639,424,6784,0.2070011270006944,0.03993338299187599,648,complete,False,a250ae81afc363466076dd397784dfa7e178223a,f2b6f21f8cfddcca,1.0.0
graph_ordering,full,True,reg3_s23,16,24,3,19,23,rand41,120,13,"[3, 6, 7, 8, 7, 10, 11, 12, 13, 12, 11, 8, 5, 4, 3]",8,8,1e-14,8,8,6.666666666666667,2.0905281137770526,1.3931558604879584,5.222116802805538,256,"[0.848242, 1.698057, 2.454138, 2.78418, 3.611059, 4.383208, 5.04276, 5.222117, 5.109762, 4.767815, 4.203585, 3.248925, 2.430866, 1.640952, 0.858733]",576,288,1.735544267810124,0.09126659243556953,0.41469626990744596,0.8299355653510376,1.0840768481539371,1448,23168,0.2498824889989919,0.06933443397429073,648,complete,False,a250ae81afc363466076dd397784dfa7e178223a,f2b6f21f8cfddcca,1.0.0
graph_ordering,full,True,reg3_s23,16,24,3,19,23,rand41,120,13,"[3, 6, 7, 8, 7, 10, 11, 12, 13, 12, 11, 8, 5, 4, 3]",16,16,1e-14,16,16,11.466666666666667,2.9969054511903535,1.9080976576174298,5.222116802805538,256,"[0.848242, 1.698057, 2.454138, 2.78418, 3.611059, 4.383208, 5.04276, 5.222117, 5.109762, 4.767815, 4.203585, 3.248925, 2.430866, 1.640952, 0.858733]",576,288,1.1164756495661452,0.06973188252921886,0.5690227616341266,0.6485622135209241,0.9024168833990976,4776,76416,0.37554756500139774,0.16521110495887115,648,complete,False,a250ae81afc363466076dd397784dfa7e178223a,f2b6f21f8cfddcca,1.0.0
graph_ordering,full,True,reg3_s23,16,24,3,19,23,rand41,120,13,"[3, 6, 7, 8, 7, 10, 11, 12, 13, 12, 11, 8, 5, 4, 3]",32,32,1e-14,32,32,18.933333333333334,3.761219066485346,2.3849783004236706,5.222116802805538,256,"[0.848242, 1.698057, 2.454138, 2.78418, 3.611059, 4.383208, 5.04276, 5.222117, 5.109762, 4.767815, 4.203585, 3.248925, 2.430866, 1.640952, 0.858733]",576,288,0.6093222320524833,0.03663265592225051,0.7359776590181003,0.4025445826363202,0.6738658575132767,15016,240256,0.7725472259990056,0.4728880179955013,648,complete,False,a250ae81afc363466076dd397784dfa7e178223a,f2b6f21f8cfddcca,1.0.0
graph_ordering,full,True,reg3_s23,16,24,3,19,23,rand41,120,13,"[3, 6, 7, 8, 7, 10, 11, 12, 13, 12, 11, 8, 5, 4, 3]",64,64,1e-14,64,64,29.6,4.512109848054429,2.8491521410342844,5.222116802805538,256,"[0.848242, 1.698057, 2.454138, 2.78418, 3.611059, 4.383208, 5.04276, 5.222117, 5.109762, 4.767815, 4.203585, 3.248925, 2.430866, 1.640952, 0.858733]",576,288,0.22732653622035376,0.02301437179468914,0.8922101962248116,0.16336236632317414,0.41308842036064886,43688,699008,2.0756393789997674,1.4606142930097121,648,complete,False,a250ae81afc363466076dd397784dfa7e178223a,f2b6f21f8cfddcca,1.0.0
graph_ordering,full,True,reg3_s23,16,24,3,19,23,rand41,120,13,"[3, 6, 7, 8, 7, 10, 11, 12, 13, 12, 11, 8, 5, 4, 3]",-1,untruncated,1e-14,256,256,50.93333333333333,5.222116802805538,3.220293339124709,5.222116802805538,256,"[0.848242, 1.698057, 2.454138, 2.78418, 3.611059, 4.383208, 5.04276, 5.222117, 5.109762, 4.767815, 4.203585, 3.248925, 2.430866, 1.640952, 0.858733]",576,288,3.371489812198498e-29,6.898323966664088e-30,1.0000000000000007,2.220446049250313e-16,1.3653184362787681e-13,174760,2796160,5.742430031999902,3.881677146981019,648,complete,False,a250ae81afc363466076dd397784dfa7e178223a,f2b6f21f8cfddcca,1.0.0
graph_ordering,full,True,reg3_s23,16,24,3,19,23,rand43,148,15,"[3, 6, 7, 10, 13, 12, 15, 14, 13, 12, 13, 12, 9, 6, 3]",4,4,1e-14,4,4,3.7333333333333334,1.3739931236474316,0.8254419543484388,5.526767196999241,256,"[0.95542, 1.78659, 2.584066, 3.478642, 4.305217, 4.900307, 5.526767, 5.44264, 5.067796, 4.229996, 4.183583, 3.423224, 2.567775, 1.738628, 0.826633]",744,372,2.361567800155934,0.14115980345103146,0.29858894250749274,0.9049677025238283,1.1762031379647506,424,6784,0.29904610899939144,0.05793607102896203,816,complete,False,a250ae81afc363466076dd397784dfa7e178223a,f2b6f21f8cfddcca,1.0.0
graph_ordering,full,True,reg3_s23,16,24,3,19,23,rand43,148,15,"[3, 6, 7, 10, 13, 12, 15, 14, 13, 12, 13, 12, 9, 6, 3]",8,8,1e-14,8,8,6.666666666666667,2.076653598511439,1.3983330291443827,5.526767196999241,256,"[0.95542, 1.78659, 2.584066, 3.478642, 4.305217, 4.900307, 5.526767, 5.44264, 5.067796, 4.229996, 4.183583, 3.423224, 2.567775, 1.738628, 0.826633]",744,372,1.764135076597718,0.08950997372413573,0.4090747232567825,0.8343776675890828,1.0890663547136212,1448,23168,0.3882650250016013,0.1090617059780925,816,complete,False,a250ae81afc363466076dd397784dfa7e178223a,f2b6f21f8cfddcca,1.0.0
graph_ordering,full,True,reg3_s23,16,24,3,19,23,rand43,148,15,"[3, 6, 7, 10, 13, 12, 15, 14, 13, 12, 13, 12, 9, 6, 3]",16,16,1e-14,16,16,11.466666666666667,3.0289875242662534,2.050618012737745,5.526767196999241,256,"[0.95542, 1.78659, 2.584066, 3.478642, 4.305217, 4.900307, 5.526767, 5.44264, 5.067796, 4.229996, 4.183583, 3.423224, 2.567775, 1.738628, 0.826633]",744,372,1.140693892841918,0.057189360803751976,0.5625122356374795,0.6797891798085542,0.9318028388535993,4776,76416,0.5025492189997749,0.2152203900132008,816,complete,False,a250ae81afc363466076dd397784dfa7e178223a,f2b6f21f8cfddcca,1.0.0
graph_ordering,full,True,reg3_s23,16,24,3,19,23,rand43,148,15,"[3, 6, 7, 10, 13, 12, 15, 14, 13, 12, 13, 12, 9, 6, 3]",32,32,1e-14,32,32,18.933333333333334,3.915052508432473,2.5387841295064364,5.526767196999241,256,"[0.95542, 1.78659, 2.584066, 3.478642, 4.305217, 4.900307, 5.526767, 5.44264, 5.067796, 4.229996, 4.183583, 3.423224, 2.567775, 1.738628, 0.826633]",744,372,0.6673650443244542,0.04971230383878665,0.7146841873981491,0.4608327739689182,0.7289992135932455,15016,240256,0.9859464950004622,0.5872888419526134,816,complete,False,a250ae81afc363466076dd397784dfa7e178223a,f2b6f21f8cfddcca,1.0.0
graph_ordering,full,True,reg3_s23,16,24,3,19,23,rand43,148,15,"[3, 6, 7, 10, 13, 12, 15, 14, 13, 12, 13, 12, 9, 6, 3]",64,64,1e-14,64,64,29.6,4.724582246656577,2.9764374523157144,5.526767196999241,256,"[0.95542, 1.78659, 2.584066, 3.478642, 4.305217, 4.900307, 5.526767, 5.44264, 5.067796, 4.229996, 4.183583, 3.423224, 2.567775, 1.738628, 0.826633]",744,372,0.28511885254357444,0.03279012445355239,0.866582943388796,0.22105755526674686,0.4846087890627524,43688,699008,3.624220914000034,2.549811384002169,816,complete,False,a250ae81afc363466076dd397784dfa7e178223a,f2b6f21f8cfddcca,1.0.0
graph_ordering,full,True,reg3_s23,16,24,3,19,23,rand43,148,15,"[3, 6, 7, 10, 13, 12, 15, 14, 13, 12, 13, 12, 9, 6, 3]",-1,untruncated,1e-14,256,256,50.93333333333333,5.5267671969992405,3.401152341649753,5.526767196999241,256,"[0.95542, 1.78659, 2.584066, 3.478642, 4.305217, 4.900307, 5.526767, 5.44264, 5.067796, 4.229996, 4.183583, 3.423224, 2.567775, 1.738628, 0.826633]",744,372,1.3494043226968845e-28,3.1658601603741533e-29,0.9999999999999989,-1.3322676295501878e-15,1.2013145358387778e-13,174760,2796160,7.31451584000024,4.984593358989514,816,complete,False,a250ae81afc363466076dd397784dfa7e178223a,f2b6f21f8cfddcca,1.0.0
graph_ordering,full,True,reg3_s29,16,24,3,7,29,natural,142,14,"[3, 6, 9, 12, 13, 14, 13, 14, 13, 12, 9, 8, 7, 6, 3]",4,4,1e-14,4,4,3.7333333333333334,1.5868069240880684,0.9773751749856412,6.389595169956399,256,"[0.953609, 1.915803, 2.883668, 3.84504, 4.725033, 5.590784, 6.103438, 6.389595, 6.181796, 5.626012, 4.729572, 3.875503, 2.943573, 1.986371, 0.993059]",708,354,3.737638250853988,0.1347842055843804,0.1472170551967349,0.9866501909133184,1.330006485760715,424,6784,0.25109581499964406,0.05663770902356191,780,complete,False,a250ae81afc363466076dd397784dfa7e178223a,f2b6f21f8cfddcca,1.0.0
graph_ordering,full,True,reg3_s29,16,24,3,7,29,natural,142,14,"[3, 6, 9, 12, 13, 14, 13, 14, 13, 12, 9, 8, 7, 6, 3]",8,8,1e-14,8,8,6.666666666666667,2.649232147030059,1.7492688131989964,6.389595169956399,256,"[0.953609, 1.915803, 2.883668, 3.84504, 4.725033, 5.590784, 6.103438, 6.389595, 6.181796, 5.626012, 4.729572, 3.875503, 2.943573, 1.986371, 0.993059]",708,354,2.9483011228297573,0.10224560536071955,0.22293352248802867,0.9626555142754519,1.2702383917871864,1448,23168,0.32438036000166903,0.09553793403210875,780,complete,False,a250ae81afc363466076dd397784dfa7e178223a,f2b6f21f8cfddcca,1.0.0
graph_ordering,full,True,reg3_s29,16,24,3,7,29,natural,142,14,"[3, 6, 9, 12, 13, 14, 13, 14, 13, 12, 9, 8, 7, 6, 3]",16,16,1e-14,16,16,11.466666666666667,3.5311710925698963,2.3307328220633465,6.389595169956399,256,"[0.953609, 1.915803, 2.883668, 3.84504, 4.725033, 5.590784, 6.103438, 6.389595, 6.181796, 5.626012, 4.729572, 3.875503, 2.943573, 1.986371, 0.993059]",708,354,2.1879972173554374,0.055491943033918585,0.3311799282654615,0.8986740949635357,1.1676323886857811,4776,76416,0.5041987120002887,0.2208830830259103,780,complete,False,a250ae81afc363466076dd397784dfa7e178223a,f2b6f21f8cfddcca,1.0.0
graph_ordering,full,True,reg3_s29,16,24,3,7,29,natural,142,14,"[3, 6, 9, 12, 13, 14, 13, 14, 13, 12, 9, 8, 7, 6, 3]",32,32,1e-14,32,32,18.933333333333334,4.330792114033752,2.889765975014177,6.389595169956399,256,"[0.953609, 1.915803, 2.883668, 3.84504, 4.725033, 5.590784, 6.103438, 6.389595, 6.181796, 5.626012, 4.729572, 3.875503, 2.943573, 1.986371, 0.993059]",708,354,1.4343843082117085,0.06239690794665066,0.48528783156461897,0.7427488026965592,0.9927745298641583,15016,240256,1.0073160500014637,0.614595345021371,780,complete,False,a250ae81afc363466076dd397784dfa7e178223a,f2b6f21f8cfddcca,1.0.0
graph_ordering,full,True,reg3_s29,16,24,3,7,29,natural,142,14,"[3, 6, 9, 12, 13, 14, 13, 14, 13, 12, 9, 8, 7, 6, 3]",64,64,1e-14,64,64,29.6,5.05067609890841,3.415106864222855,6.389595169956399,256,"[0.953609, 1.915803, 2.883668, 3.84504, 4.725033, 5.590784, 6.103438, 6.389595, 6.181796, 5.626012, 4.729572, 3.875503, 2.943573, 1.986371, 0.993059]",708,354,0.7044748317823221,0.04864887636124299,0.7013808994192925,0.46162756306262165,0.7297415011650563,43688,699008,2.5480742899999314,1.7899032560053456,780,complete,False,a250ae81afc363466076dd397784dfa7e178223a,f2b6f21f8cfddcca,1.0.0
graph_ordering,full,True,reg3_s29,16,24,3,7,29,natural,142,14,"[3, 6, 9, 12, 13, 14, 13, 14, 13, 12, 9, 8, 7, 6, 3]",-1,untruncated,1e-14,256,256,50.93333333333333,6.389595169956396,3.9161903387972115,6.389595169956399,256,"[0.953609, 1.915803, 2.883668, 3.84504, 4.725033, 5.590784, 6.103438, 6.389595, 6.181796, 5.626012, 4.729572, 3.875503, 2.943573, 1.986371, 0.993059]",708,354,1.5446717629475263e-28,7.25801585591433e-29,1.0000000000000002,-2.6645352591003757e-15,6.167470449819876e-14,174760,2796160,9.673580796999886,7.103078253003332,780,complete,False,a250ae81afc363466076dd397784dfa7e178223a,f2b6f21f8cfddcca,1.0.0
graph_ordering,full,True,reg3_s29,16,24,3,7,29,bfs,88,9,"[3, 4, 5, 6, 7, 8, 9, 8, 7, 6, 7, 6, 5, 4, 3]",4,4,1e-14,4,4,3.7333333333333334,1.5668918957860005,1.1836568721427592,5.510542490732333,256,"[0.953609, 1.846577, 2.694288, 3.480123, 4.126454, 4.751939, 5.266094, 5.510542, 5.41796, 5.076667, 4.631202, 3.803876, 2.915665, 1.956143, 0.996707]",384,192,3.276980129435306,0.13154736683700954,0.18770464170395224,0.9742158379701487,1.2957048467718846,424,6784,0.16922579299898644,0.030790973991315695,456,complete,False,a250ae81afc363466076dd397784dfa7e178223a,f2b6f21f8cfddcca,1.0.0
graph_ordering,full,True,reg3_s29,16,24,3,7,29,bfs,88,9,"[3, 4, 5, 6, 7, 8, 9, 8, 7, 6, 7, 6, 5, 4, 3]",8,8,1e-14,8,8,6.666666666666667,2.367758172506981,1.7351538587170294,5.510542490732333,256,"[0.953609, 1.846577, 2.694288, 3.480123, 4.126454, 4.751939, 5.266094, 5.510542, 5.41796, 5.076667, 4.631202, 3.803876, 2.915665, 1.956143, 0.996707]",384,192,2.21202310447675,0.09472731590100167,0.3250732679796667,0.897379508920911,1.1658950792811968,1448,23168,0.23780839199935144,0.06088928799908899,456,complete,False,a250ae81afc363466076dd397784dfa7e178223a,f2b6f21f8cfddcca,1.0.0
graph_ordering,full,True,reg3_s29,16,24,3,7,29,bfs,88,9,"[3, 4, 5, 6, 7, 8, 9, 8, 7, 6, 7, 6, 5, 4, 3]",16,16,1e-14,16,16,11.466666666666667,3.3732156073903914,2.3146439929079965,5.510542490732333,256,"[0.953609, 1.846577, 2.694288, 3.480123, 4.126454, 4.751939, 5.266094, 5.510542, 5.41796, 5.076667, 4.631202, 3.803876, 2.915665, 1.956143, 0.996707]",384,192,1.2947601587136546,0.06345900325831666,0.5194378616762414,0.7089411682794382,0.9596888187744766,4776,76416,0.28987138900083664,0.113576454041322,456,complete,False,a250ae81afc363466076dd397784dfa7e178223a,f2b6f21f8cfddcca,1.0.0
graph_ordering,full,True,reg3_s29,16,24,3,7,29,bfs,88,9,"[3, 4, 5, 6, 7, 8, 9, 8, 7, 6, 7, 6, 5, 4, 3]",32,32,1e-14,32,32,18.933333333333334,4.080001360812725,2.8744191704468944,5.510542490732333,256,"[0.953609, 1.846577, 2.694288, 3.480123, 4.126454, 4.751939, 5.266094, 5.510542, 5.41796, 5.076667, 4.631202, 3.803876, 2.915665, 1.956143, 0.996707]",384,192,0.6145534561762355,0.0385156983541734,0.7337193045006488,0.42268945487161425,0.6930951661935075,15016,240256,0.49158332200022414,0.28669348299990816,456,complete,False,a250ae81afc363466076dd397784dfa7e178223a,f2b6f21f8cfddcca,1.0.0
graph_ordering,full,True,reg3_s29,16,24,3,7,29,bfs,88,9,"[3, 4, 5, 6, 7, 8, 9, 8, 7, 6, 7, 6, 5, 4, 3]",64,64,1e-14,64,64,29.6,4.831554525594971,3.2952534954447805,5.510542490732333,256,"[0.953609, 1.846577, 2.694288, 3.480123, 4.126454, 4.751939, 5.266094, 5.510542, 5.41796, 5.076667, 4.631202, 3.803876, 2.915665, 1.956143, 0.996707]",384,192,0.19236625796140688,0.01618142475982301,0.907957999495229,0.15078753516056453,0.3961634868395005,43688,699008,1.3433533040006296,0.8748890660208417,456,complete,False,a250ae81afc363466076dd397784dfa7e178223a,f2b6f21f8cfddcca,1.0.0
graph_ordering,full,True,reg3_s29,16,24,3,7,29,bfs,88,9,"[3, 4, 5, 6, 7, 8, 9, 8, 7, 6, 7, 6, 5, 4, 3]",-1,untruncated,1e-14,256,256,50.93333333333333,5.510542490732333,3.5618564792518055,5.510542490732333,256,"[0.953609, 1.846577, 2.694288, 3.480123, 4.126454, 4.751939, 5.266094, 5.510542, 5.41796, 5.076667, 4.631202, 3.803876, 2.915665, 1.956143, 0.996707]",384,192,3.4949035725704967e-29,5.524372543759466e-30,1.0000000000000002,-1.7763568394002505e-15,7.058564478668729e-14,174760,2796160,3.5792950750001182,2.2899155410141248,456,complete,False,a250ae81afc363466076dd397784dfa7e178223a,f2b6f21f8cfddcca,1.0.0
graph_ordering,full,True,reg3_s29,16,24,3,7,29,rcm,88,9,"[3, 4, 5, 6, 7, 6, 7, 8, 9, 8, 7, 6, 5, 4, 3]",4,4,1e-14,4,4,3.7333333333333334,1.566891895786012,1.1836568721427838,5.510542490732312,256,"[0.996707, 1.956143, 2.915665, 3.803876, 4.631202, 5.076667, 5.41796, 5.510542, 5.266094, 4.751939, 4.126454, 3.480123, 2.694288, 1.846577, 0.953609]",384,192,3.2769801294352705,0.13154736683701312,0.18770464170395565,0.9742158379701481,1.295704846771876,424,6784,0.17585245599912014,0.030536469997969107,456,complete,False,a250ae81afc363466076dd397784dfa7e178223a,f2b6f21f8cfddcca,1.0.0
graph_ordering,full,True,reg3_s29,16,24,3,7,29,rcm,88,9,"[3, 4, 5, 6, 7, 6, 7, 8, 9, 8, 7, 6, 5, 4, 3]",8,8,1e-14,8,8,6.666666666666667,2.3677581725069428,1.7351538587170416,5.510542490732312,256,"[0.996707, 1.956143, 2.915665, 3.803876, 4.631202, 5.076667, 5.41796, 5.510542, 5.266094, 4.751939, 4.126454, 3.480123, 2.694288, 1.846577, 0.953609]",384,192,2.2120231044767102,0.09472731590099867,0.32507326797967334,0.8973795089209091,1.165895079281193,1448,23168,0.20889909899960912,0.05201830202349811,456,complete,False,a250ae81afc363466076dd397784dfa7e178223a,f2b6f21f8cfddcca,1.0.0
graph_ordering,full,True,reg3_s29,16,24,3,7,29,rcm,88,9,"[3, 4, 5, 6, 7, 6, 7, 8, 9, 8, 7, 6, 5, 4, 3]",16,16,1e-14,16,16,11.466666666666667,3.373215607390413,2.3146439929079947,5.510542490732312,256,"[0.996707, 1.956143, 2.915665, 3.803876, 4.631202, 5.076667, 5.41796, 5.510542, 5.266094, 4.751939, 4.126454, 3.480123, 2.694288, 1.846577, 0.953609]",384,192,1.2947601587136244,0.06345900325831996,0.5194378616762491,0.708941168279435,0.9596888187744722,4776,76416,0.3125748239999666,0.12794626000868448,456,complete,False,a250ae81afc363466076dd397784dfa7e178223a,f2b6f21f8cfddcca,1.0.0
graph_ordering,full,True,reg3_s29,16,24,3,7,29,rcm,88,9,"[3, 4, 5, 6, 7, 6, 7, 8, 9, 8, 7, 6, 5, 4, 3]",32,32,1e-14,32,32,18.933333333333334,4.080001360812708,2.8744191704468935,5.510542490732312,256,"[0.996707, 1.956143, 2.915665, 3.803876, 4.631202, 5.076667, 5.41796, 5.510542, 5.266094, 4.751939, 4.126454, 3.480123, 2.694288, 1.846577, 0.953609]",384,192,0.6145534561762241,0.038515698354172935,0.7337193045006537,0.42268945487161547,0.693095166193511,15016,240256,0.5711479519995919,0.3193974659752712,456,complete,False,a250ae81afc363466076dd397784dfa7e178223a,f2b6f21f8cfddcca,1.0.0
graph_ordering,full,True,reg3_s29,16,24,3,7,29,rcm,88,9,"[3, 4, 5, 6, 7, 6, 7, 8, 9, 8, 7, 6, 5, 4, 3]",64,64,1e-14,64,64,29.6,4.831554525594958,3.2952534954447796,5.510542490732312,256,"[0.996707, 1.956143, 2.915665, 3.803876, 4.631202, 5.076667, 5.41796, 5.510542, 5.266094, 4.751939, 4.126454, 3.480123, 2.694288, 1.846577, 0.953609]",384,192,0.19236625796140747,0.016181424759823166,0.9079579994952284,0.1507875351605643,0.3961634868395003,43688,699008,1.33676689099957,0.8704354629971931,456,complete,False,a250ae81afc363466076dd397784dfa7e178223a,f2b6f21f8cfddcca,1.0.0
graph_ordering,full,True,reg3_s29,16,24,3,7,29,rcm,88,9,"[3, 4, 5, 6, 7, 6, 7, 8, 9, 8, 7, 6, 5, 4, 3]",-1,untruncated,1e-14,256,256,50.93333333333333,5.5105424907323135,3.561856479251797,5.510542490732312,256,"[0.996707, 1.956143, 2.915665, 3.803876, 4.631202, 5.076667, 5.41796, 5.510542, 5.266094, 4.751939, 4.126454, 3.480123, 2.694288, 1.846577, 0.953609]",384,192,3.713242649037745e-29,8.126199675642217e-30,0.9999999999999998,-1.3322676295501878e-15,7.137096975736632e-14,174760,2796160,3.4622641660007503,2.232149717008724,456,complete,False,a250ae81afc363466076dd397784dfa7e178223a,f2b6f21f8cfddcca,1.0.0
graph_ordering,full,True,reg3_s29,16,24,3,7,29,rand37,126,12,"[3, 6, 9, 10, 9, 10, 11, 12, 11, 12, 9, 8, 7, 6, 3]",4,4,1e-14,4,4,3.7333333333333334,1.6719511817800612,1.150318465827518,6.488168240081319,256,"[0.948251, 1.900423, 2.888967, 3.770881, 4.437248, 5.137194, 5.923571, 6.488168, 6.177763, 5.608997, 4.672234, 3.757112, 2.878619, 1.968081, 0.993059]",612,306,3.7372904303660555,0.17211386425213404,0.1460567961426993,0.9887617310329908,1.3371531683885027,424,6784,0.2514780649999011,0.049778492024415755,684,complete,False,a250ae81afc363466076dd397784dfa7e178223a,f2b6f21f8cfddcca,1.0.0
graph_ordering,full,True,reg3_s29,16,24,3,7,29,rand37,126,12,"[3, 6, 9, 10, 9, 10, 11, 12, 11, 12, 9, 8, 7, 6, 3]",8,8,1e-14,8,8,6.666666666666667,2.622318375477535,1.7750316263277601,6.488168240081319,256,"[0.948251, 1.900423, 2.888967, 3.770881, 4.437248, 5.137194, 5.923571, 6.488168, 6.177763, 5.608997, 4.672234, 3.757112, 2.878619, 1.968081, 0.993059]",612,306,2.7537869253937846,0.14414834805158325,0.24545335255127157,0.9509706269798088,1.2478575454261254,1448,23168,0.30689287399945897,0.08380063101139967,684,complete,False,a250ae81afc363466076dd397784dfa7e178223a,f2b6f21f8cfddcca,1.0.0
graph_ordering,full,True,reg3_s29,16,24,3,7,29,rand37,126,12,"[3, 6, 9, 10, 9, 10, 11, 12, 11, 12, 9, 8, 7, 6, 3]",16,16,1e-14,16,16,11.466666666666667,3.5160520913083717,2.2837071886771527,6.488168240081319,256,"[0.948251, 1.900423, 2.888967, 3.770881, 4.437248, 5.137194, 5.923571, 6.488168, 6.177763, 5.608997, 4.672234, 3.757112, 2.878619, 1.968081, 0.993059]",612,306,1.9953092682377471,0.06732933032479765,0.3645153725224999,0.8746331186343458,1.1365985579418367,4776,76416,0.4388243119992694,0.18560568499742658,684,complete,False,a250ae81afc363466076dd397784dfa7e178223a,f2b6f21f8cfddcca,1.0.0
graph_ordering,full,True,reg3_s29,16,24,3,7,29,rand37,126,12,"[3, 6, 9, 10, 9, 10, 11, 12, 11, 12, 9, 8, 7, 6, 3]",32,32,1e-14,32,32,18.933333333333334,4.441101344182109,2.8496319793499896,6.488168240081319,256,"[0.948251, 1.900423, 2.888967, 3.770881, 4.437248, 5.137194, 5.923571, 6.488168, 6.177763, 5.608997, 4.672234, 3.757112, 2.878619, 1.968081, 0.993059]",612,306,1.2582517693038684,0.04847939718452591,0.5301366365227401,0.7000691828746993,0.9511473084348147,15016,240256,0.8368629030010197,0.5041697230062709,684,complete,False,a250ae81afc363466076dd397784dfa7e178223a,f2b6f21f8cfddcca,1.0.0
graph_ordering,full,True,reg3_s29,16,24,3,7,29,rand37,126,12,"[3, 6, 9, 10, 9, 10, 11, 12, 11, 12, 9, 8, 7, 6, 3]",64,64,1e-14,64,64,29.6,5.340028654939786,3.3656647927490027,6.488168240081319,256,"[0.948251, 1.900423, 2.888967, 3.770881, 4.437248, 5.137194, 5.923571, 6.488168, 6.177763, 5.608997, 4.672234, 3.757112, 2.878619, 1.968081, 0.993059]",612,306,0.5823586458946506,0.036471451025198796,0.7458101949103016,0.40161894135069287,0.6729770557581132,43688,699008,2.294542468000145,1.5637230659940542,684,complete,False,a250ae81afc363466076dd397784dfa7e178223a,f2b6f21f8cfddcca,1.0.0
graph_ordering,full,True,reg3_s29,16,24,3,7,29,rand37,126,12,"[3, 6, 9, 10, 9, 10, 11, 12, 11, 12, 9, 8, 7, 6, 3]",-1,untruncated,1e-14,256,256,50.93333333333333,6.488168240081317,3.836704558126548,6.488168240081319,256,"[0.948251, 1.900423, 2.888967, 3.770881, 4.437248, 5.137194, 5.923571, 6.488168, 6.177763, 5.608997, 4.672234, 3.757112, 2.878619, 1.968081, 0.993059]",612,306,3.5040756434660324e-29,9.725125121524364e-30,1.0,-1.7763568394002505e-15,5.934814638549723e-14,174760,2796160,5.8650180410004396,3.943444840988377,684,complete,False,a250ae81afc363466076dd397784dfa7e178223a,f2b6f21f8cfddcca,1.0.0
graph_ordering,full,True,reg3_s29,16,24,3,7,29,rand41,130,13,"[3, 6, 9, 10, 13, 10, 11, 12, 11, 10, 9, 10, 7, 6, 3]",4,4,1e-14,4,4,3.7333333333333334,1.4808705337953538,1.0411410914127426,6.056509271132372,256,"[0.953332, 1.900423, 2.885081, 3.758344, 4.728858, 5.364528, 5.77662, 6.056509, 5.740173, 5.203085, 4.517976, 3.728892, 2.872799, 1.953261, 0.978958]",636,318,3.637824772304774,0.14047130557630397,0.1556248054727125,0.9788510341418117,1.3073432294342382,424,6784,0.25764010100101586,0.04938102996129601,708,complete,False,a250ae81afc363466076dd397784dfa7e178223a,f2b6f21f8cfddcca,1.0.0
graph_ordering,full,True,reg3_s29,16,24,3,7,29,rand41,130,13,"[3, 6, 9, 10, 13, 10, 11, 12, 11, 10, 9, 10, 7, 6, 3]",8,8,1e-14,8,8,6.666666666666667,2.339268663302093,1.6332257545917506,6.056509271132372,256,"[0.953332, 1.900423, 2.885081, 3.758344, 4.728858, 5.364528, 5.77662, 6.056509, 5.740173, 5.203085, 4.517976, 3.728892, 2.872799, 1.953261, 0.978958]",636,318,2.82275204307013,0.1352455101716459,0.23807403079349843,0.9429388852533019,1.233795214620617,1448,23168,0.30503820999911113,0.08375662101389025,708,complete,False,a250ae81afc363466076dd397784dfa7e178223a,f2b6f21f8cfddcca,1.0.0
graph_ordering,full,True,reg3_s29,16,24,3,7,29,rand41,130,13,"[3, 6, 9, 10, 13, 10, 11, 12, 11, 10, 9, 10, 7, 6, 3]",16,16,1e-14,16,16,11.466666666666667,3.202140921024629,2.278309188790708,6.056509271132372,256,"[0.953332, 1.900423, 2.885081, 3.758344, 4.728858, 5.364528, 5.77662, 6.056509, 5.740173, 5.203085, 4.517976, 3.728892, 2.872799, 1.953261, 0.978958]",636,318,1.8758488777489208,0.10495251510073442,0.3868951612362051,0.8357157241412934,1.0905778585146177,4776,76416,0.44470449199980067,0.18791994700222858,708,complete,False,a250ae81afc363466076dd397784dfa7e178223a,f2b6f21f8cfddcca,1.0.0
graph_ordering,full,True,reg3_s29,16,24,3,7,29,rand41,130,13,"[3, 6, 9, 10, 13, 10, 11, 12, 11, 10, 9, 10, 7, 6, 3]",32,32,1e-14,32,32,18.933333333333334,3.9842148216351485,2.8400470973030654,6.056509271132372,256,"[0.953332, 1.900423, 2.885081, 3.758344, 4.728858, 5.364528, 5.77662, 6.056509, 5.740173, 5.203085, 4.517976, 3.728892, 2.872799, 1.953261, 0.978958]",636,318,1.0771353216981443,0.05340784459205529,0.5805986823416587,0.6251226060137659,0.8805994320678258,15016,240256,0.8546260940001957,0.5052159360075166,708,complete,False,a250ae81afc363466076dd397784dfa7e178223a,f2b6f21f8cfddcca,1.0.0
graph_ordering,full,True,reg3_s29,16,24,3,7,29,rand41,130,13,"[3, 6, 9, 10, 13, 10, 11, 12, 11, 10, 9, 10, 7, 6, 3]",64,64,1e-14,64,64,29.6,4.935406369582136,3.329640317172613,6.056509271132372,256,"[0.953332, 1.900423, 2.885081, 3.758344, 4.728858, 5.364528, 5.77662, 6.056509, 5.740173, 5.203085, 4.517976, 3.728892, 2.872799, 1.953261, 0.978958]",636,318,0.47181006427591293,0.03224544820067159,0.7886580531310527,0.32948210034213166,0.6019110006584791,43688,699008,2.139624477000325,1.4343103529881773,708,complete,False,a250ae81afc363466076dd397784dfa7e178223a,f2b6f21f8cfddcca,1.0.0
graph_ordering,full,True,reg3_s29,16,24,3,7,29,rand41,130,13,"[3, 6, 9, 10, 13, 10, 11, 12, 11, 10, 9, 10, 7, 6, 3]",-1,untruncated,1e-14,256,256,50.93333333333333,6.05650927113237,3.7612559582259175,6.056509271132372,256,"[0.953332, 1.900423, 2.885081, 3.758344, 4.728858, 5.364528, 5.77662, 6.056509, 5.740173, 5.203085, 4.517976, 3.728892, 2.872799, 1.953261, 0.978958]",636,318,6.957981683157815e-29,1.938903290134891e-29,1.0,-1.7763568394002505e-15,9.496154444048254e-14,174760,2796160,5.734859525999127,3.7224806630019884,708,complete,False,a250ae81afc363466076dd397784dfa7e178223a,f2b6f21f8cfddcca,1.0.0
graph_ordering,full,True,reg3_s29,16,24,3,7,29,rand43,114,12,"[3, 6, 5, 8, 9, 8, 9, 12, 11, 10, 9, 6, 9, 6, 3]",4,4,1e-14,4,4,3.7333333333333334,1.470763072935899,1.1509575649860744,6.187916318649583,256,"[0.993449, 1.86539, 2.717553, 3.688433, 4.556382, 5.045377, 5.684135, 6.187916, 5.85658, 5.196062, 4.384274, 3.455859, 2.893066, 1.950566, 0.978939]",540,270,3.6736263966030838,0.13126278083014747,0.15173156586178616,0.9825690606133612,1.3175535792226378,424,6784,0.2207651270000497,0.041596134988139966,612,complete,False,a250ae81afc363466076dd397784dfa7e178223a,f2b6f21f8cfddcca,1.0.0
graph_ordering,full,True,reg3_s29,16,24,3,7,29,rand43,114,12,"[3, 6, 5, 8, 9, 8, 9, 12, 11, 10, 9, 6, 9, 6, 3]",8,8,1e-14,8,8,6.666666666666667,2.218108296632007,1.6270184927620654,6.187916318649583,256,"[0.993449, 1.86539, 2.717553, 3.688433, 4.556382, 5.045377, 5.684135, 6.187916, 5.85658, 5.196062, 4.384274, 3.455859, 2.893066, 1.950566, 0.978939]",540,270,2.745982944511354,0.159409953180347,0.24612329119390605,0.9449942659568225,1.2373091669476197,1448,23168,0.26108440899952257,0.07492073797766352,612,complete,False,a250ae81afc363466076dd397784dfa7e178223a,f2b6f21f8cfddcca,1.0.0
graph_ordering,full,True,reg3_s29,16,24,3,7,29,rand43,114,12,"[3, 6, 5, 8, 9, 8, 9, 12, 11, 10, 9, 6, 9, 6, 3]",16,16,1e-14,16,16,11.466666666666667,3.3046939486787035,2.231776266422473,6.187916318649583,256,"[0.993449, 1.86539, 2.717553, 3.688433, 4.556382, 5.045377, 5.684135, 6.187916, 5.85658, 5.196062, 4.384274, 3.455859, 2.893066, 1.950566, 0.978939]",540,270,1.7956647554551715,0.07623637414564033,0.40340207949357887,0.8348106737990687,1.0895550487579437,4776,76416,0.3694353430000774,0.1527217409966397,612,complete,False,a250ae81afc363466076dd397784dfa7e178223a,f2b6f21f8cfddcca,1.0.0
graph_ordering,full,True,reg3_s29,16,24,3,7,29,rand43,114,12,"[3, 6, 5, 8, 9, 8, 9, 12, 11, 10, 9, 6, 9, 6, 3]",32,32,1e-14,32,32,18.933333333333334,4.17052954859872,2.778237518146639,6.187916318649583,256,"[0.993449, 1.86539, 2.717553, 3.688433, 4.556382, 5.045377, 5.684135, 6.187916, 5.85658, 5.196062, 4.384274, 3.455859, 2.893066, 1.950566, 0.978939]",540,270,1.0211091176677685,0.05912554390431313,0.597243771106985,0.6167573921725478,0.8728505993861777,15016,240256,0.6892190010003105,0.40439806599715666,612,complete,False,a250ae81afc363466076dd397784dfa7e178223a,f2b6f21f8cfddcca,1.0.0
graph_ordering,full,True,reg3_s29,16,24,3,7,29,rand43,114,12,"[3, 6, 5, 8, 9, 8, 9, 12, 11, 10, 9, 6, 9, 6, 3]",64,64,1e-14,64,64,29.6,5.14501547742087,3.2610185468209982,6.187916318649583,256,"[0.993449, 1.86539, 2.717553, 3.688433, 4.556382, 5.045377, 5.684135, 6.187916, 5.85658, 5.196062, 4.384274, 3.455859, 2.893066, 1.950566, 0.978939]",540,270,0.43341721888936796,0.032250956377440104,0.8040003992108966,0.3167917135795971,0.5889581557707717,43688,699008,1.853673630999765,1.299716386016371,612,complete,False,a250ae81afc363466076dd397784dfa7e178223a,f2b6f21f8cfddcca,1.0.0
graph_ordering,full,True,reg3_s29,16,24,3,7,29,rand43,114,12,"[3, 6, 5, 8, 9, 8, 9, 12, 11, 10, 9, 6, 9, 6, 3]",-1,untruncated,1e-14,256,256,50.93333333333333,6.187916318649583,3.6969320474888128,6.187916318649583,256,"[0.993449, 1.86539, 2.717553, 3.688433, 4.556382, 5.045377, 5.684135, 6.187916, 5.85658, 5.196062, 4.384274, 3.455859, 2.893066, 1.950566, 0.978939]",540,270,8.806021327319146e-29,3.427304815078727e-29,0.9999999999999999,-4.440892098500626e-16,5.1088417180193944e-14,174760,2796160,5.146022668001024,3.408345346988426,612,complete,False,a250ae81afc363466076dd397784dfa7e178223a,f2b6f21f8cfddcca,1.0.0
graph_ordering,full,True,reg3_s29,16,24,3,11,29,natural,142,14,"[3, 6, 9, 12, 13, 14, 13, 14, 13, 12, 9, 8, 7, 6, 3]",4,4,1e-14,4,4,3.7333333333333334,1.7399010856669839,1.1725383909239457,5.529834651814964,256,"[0.786791, 1.742589, 2.539352, 3.382065, 4.128452, 4.962769, 5.173897, 5.529835, 5.521976, 4.856578, 4.237888, 3.563763, 2.736143, 1.922552, 0.944809]",708,354,2.414344732317519,0.14191774535325882,0.2913825676192716,0.9119920630155017,1.1860343022300572,424,6784,0.23158338800021738,0.04598289703426417,780,complete,False,a250ae81afc363466076dd397784dfa7e178223a,f2b6f21f8cfddcca,1.0.0
graph_ordering,full,True,reg3_s29,16,24,3,11,29,natural,142,14,"[3, 6, 9, 12, 13, 14, 13, 14, 13, 12, 9, 8, 7, 6, 3]",8,8,1e-14,8,8,6.666666666666667,2.3813292388572944,1.5597729066146127,5.529834651814964,256,"[0.786791, 1.742589, 2.539352, 3.382065, 4.128452, 4.962769, 5.173897, 5.529835, 5.521976, 4.856578, 4.237888, 3.563763, 2.736143, 1.922552, 0.944809]",708,354,1.7784172254558523,0.08096102170786387,0.40707689749195236,0.8340933769083819,1.0887457303466561,1448,23168,0.27544302599926596,0.07995999298873357,780,complete,False,a250ae81afc363466076dd397784dfa7e178223a,f2b6f21f8cfddcca,1.0.0
graph_ordering,full,True,reg3_s29,16,24,3,11,29,natural,142,14,"[3, 6, 9, 12, 13, 14, 13, 14, 13, 12, 9, 8, 7, 6, 3]",16,16,1e-14,16,16,11.466666666666667,3.279460086187229,2.138048825187354,5.529834651814964,256,"[0.786791, 1.742589, 2.539352, 3.382065, 4.128452, 4.962769, 5.173897, 5.529835, 5.521976, 4.856578, 4.237888, 3.563763, 2.736143, 1.922552, 0.944809]",708,354,1.168488443984532,0.04349718267574162,0.5557062188775146,0.6658328215866883,0.9186164061602226,4776,76416,0.4161253570000554,0.18626091302030545,780,complete,False,a250ae81afc363466076dd397784dfa7e178223a,f2b6f21f8cfddcca,1.0.0
graph_ordering,full,True,reg3_s29,16,24,3,11,29,natural,142,14,"[3, 6, 9, 12, 13, 14, 13, 14, 13, 12, 9, 8, 7, 6, 3]",32,32,1e-14,32,32,18.933333333333334,4.04143079630489,2.599312003573575,5.529834651814964,256,"[0.786791, 1.742589, 2.539352, 3.382065, 4.128452, 4.962769, 5.173897, 5.529835, 5.521976, 4.856578, 4.237888, 3.563763, 2.736143, 1.922552, 0.944809]",708,354,0.6525283109876916,0.0216646968071465,0.7207574419958489,0.4546299102417286,0.7231987736633569,15016,240256,0.8760465499999555,0.5431414059858071,780,complete,False,a250ae81afc363466076dd397784dfa7e178223a,f2b6f21f8cfddcca,1.0.0
graph_ordering,full,True,reg3_s29,16,24,3,11,29,natural,142,14,"[3, 6, 9, 12, 13, 14, 13, 14, 13, 12, 9, 8, 7, 6, 3]",64,64,1e-14,64,64,29.6,4.79240638457408,3.060655750123821,5.529834651814964,256,"[0.786791, 1.742589, 2.539352, 3.382065, 4.128452, 4.962769, 5.173897, 5.529835, 5.521976, 4.856578, 4.237888, 3.563763, 2.736143, 1.922552, 0.944809]",708,354,0.270493738069562,0.014237392791566647,0.8731806594564633,0.21159648239128825,0.47345349078632426,43688,699008,2.304739942001106,1.6342573149959208,780,complete,False,a250ae81afc363466076dd397784dfa7e178223a,f2b6f21f8cfddcca,1.0.0
graph_ordering,full,True,reg3_s29,16,24,3,11,29,natural,142,14,"[3, 6, 9, 12, 13, 14, 13, 14, 13, 12, 9, 8, 7, 6, 3]",-1,untruncated,1e-14,256,256,50.93333333333333,5.529834651814965,3.4686305808687385,5.529834651814964,256,"[0.786791, 1.742589, 2.539352, 3.382065, 4.128452, 4.962769, 5.173897, 5.529835, 5.521976, 4.856578, 4.237888, 3.563763, 2.736143, 1.922552, 0.944809]",708,354,7.196143775294544e-29,2.1554044542055402e-29,1.0,0.0,8.975857655792413e-14,174760,2796160,6.1850504979993275,4.3508070499938185,780,complete,False,a250ae81afc363466076dd397784dfa7e178223a,f2b6f21f8cfddcca,1.0.0
graph_ordering,full,True,reg3_s29,16,24,3,11,29,bfs,88,9,"[3, 4, 5, 6, 7, 8, 9, 8, 7, 6, 7, 6, 5, 4, 3]",4,4,1e-14,4,4,3.7333333333333334,1.805609482874855,1.0357692813501331,4.898770067754995,256,"[0.786791, 1.568362, 2.177029, 2.896865, 3.731258, 4.36917, 4.689858, 4.89877, 4.822724, 4.340318, 4.096779, 3.21102, 2.399802, 1.626864, 0.928759]",384,192,2.3782643217046617,0.1171736484715276,0.2972889640474644,0.8867551267844437,1.1519385781259563,424,6784,0.14229566900030477,0.025909762998708175,456,complete,False,a250ae81afc363466076dd397784dfa7e178223a,f2b6f21f8cfddcca,1.0.0
graph_ordering,full,True,reg3_s29,16,24,3,11,29,bfs,88,9,"[3, 4, 5, 6, 7, 8, 9, 8, 7, 6, 7, 6, 5, 4, 3]",8,8,1e-14,8,8,6.666666666666667,2.5255704684764178,1.6108186425976567,4.898770067754995,256,"[0.786791, 1.568362, 2.177029, 2.896865, 3.731258, 4.36917, 4.689858, 4.89877, 4.822724, 4.340318, 4.096779, 3.21102, 2.399802, 1.626864, 0.928759]",384,192,1.5047279302983734,0.058188200781192315,0.4679348532876945,0.7226418394048459,0.9729871094420364,1448,23168,0.1722783889999846,0.04575302100784029,456,complete,False,a250ae81afc363466076dd397784dfa7e178223a,f2b6f21f8cfddcca,1.0.0
graph_ordering,full,True,reg3_s29,16,24,3,11,29,bfs,88,9,"[3, 4, 5, 6, 7, 8, 9, 8, 7, 6, 7, 6, 5, 4, 3]",16,16,1e-14,16,16,11.466666666666667,3.1321817050604697,2.068837411498108,4.898770067754995,256,"[0.786791, 1.568362, 2.177029, 2.896865, 3.731258, 4.36917, 4.689858, 4.89877, 4.822724, 4.340318, 4.096779, 3.21102, 2.399802, 1.626864, 0.928759]",384,192,0.8031538821538808,0.024514089897138276,0.6677862427802403,0.5094533007921056,0.7740925131098486,4776,76416,0.2653044119997503,0.10698122401845467,456,complete,False,a250ae81afc363466076dd397784dfa7e178223a,f2b6f21f8cfddcca,1.0.0
graph_ordering,full,True,reg3_s29,16,24,3,11,29,bfs,88,9,"[3, 4, 5, 6, 7, 8, 9, 8, 7, 6, 7, 6, 5, 4, 3]",32,32,1e-14,32,32,18.933333333333334,3.8946237555717698,2.5444365021368984,4.898770067754995,256,"[0.786791, 1.568362, 2.177029, 2.896865, 3.731258, 4.36917, 4.689858, 4.89877, 4.822724, 4.340318, 4.096779, 3.21102, 2.399802, 1.626864, 0.928759]",384,192,0.34747564851759283,0.014478776836980711,0.840003789398407,0.26037186680892366,0.5291193507122942,15016,240256,0.49502671099980944,0.2846795980040042,456,complete,False,a250ae81afc363466076dd397784dfa7e178223a,f2b6f21f8cfddcca,1.0.0
graph_ordering,full,True,reg3_s29,16,24,3,11,29,bfs,88,9,"[3, 4, 5, 6, 7, 8, 9, 8, 7, 6, 7, 6, 5, 4, 3]",64,64,1e-14,64,64,29.6,4.512656090202736,2.9066884816878695,4.898770067754995,256,"[0.786791, 1.568362, 2.177029, 2.896865, 3.731258, 4.36917, 4.689858, 4.89877, 4.822724, 4.340318, 4.096779, 3.21102, 2.399802, 1.626864, 0.928759]",384,192,0.09414167460289086,0.006894102069610292,0.95393922498435,0.07429602784942257,0.27519043888797684,43688,699008,1.3549757379987568,0.9073438989798888,456,complete,False,a250ae81afc363466076dd397784dfa7e178223a,f2b6f21f8cfddcca,1.0.0
graph_ordering,full,True,reg3_s29,16,24,3,11,29,bfs,88,9,"[3, 4, 5, 6, 7, 8, 9, 8, 7, 6, 7, 6, 5, 4, 3]",-1,untruncated,1e-14,256,256,50.93333333333333,4.898770067754995,3.1029578315117257,4.898770067754995,256,"[0.786791, 1.568362, 2.177029, 2.896865, 3.731258, 4.36917, 4.689858, 4.89877, 4.822724, 4.340318, 4.096779, 3.21102, 2.399802, 1.626864, 0.928759]",384,192,2.4970142291850416e-29,8.550482283363754e-30,1.0000000000000002,8.881784197001252e-16,5.274113159590404e-14,174760,2796160,3.2643185979995906,2.1195138829916687,456,complete,False,a250ae81afc363466076dd397784dfa7e178223a,f2b6f21f8cfddcca,1.0.0
graph_ordering,full,True,reg3_s29,16,24,3,11,29,rcm,88,9,"[3, 4, 5, 6, 7, 6, 7, 8, 9, 8, 7, 6, 5, 4, 3]",4,4,1e-14,4,4,3.7333333333333334,1.8056094828748552,1.0357692813501314,4.898770067754981,256,"[0.928759, 1.626864, 2.399802, 3.21102, 4.096779, 4.340318, 4.822724, 4.89877, 4.689858, 4.36917, 3.731258, 2.896865, 2.177029, 1.568362, 0.786791]",384,192,2.378264321704665,0.11717364847152631,0.2972889640474641,0.8867551267844439,1.1519385781259561,424,6784,0.15918848699948285,0.0282921819944022,456,complete,False,a250ae81afc363466076dd397784dfa7e178223a,f2b6f21f8cfddcca,1.0.0
graph_ordering,full,True,reg3_s29,16,24,3,11,29,rcm,88,9,"[3, 4, 5, 6, 7, 6, 7, 8, 9, 8, 7, 6, 5, 4, 3]",8,8,1e-14,8,8,6.666666666666667,2.525570468476415,1.6108186425976343,4.898770067754981,256,"[0.928759, 1.626864, 2.399802, 3.21102, 4.096779, 4.340318, 4.822724, 4.89877, 4.689858, 4.36917, 3.731258, 2.896865, 2.177029, 1.568362, 0.786791]",384,192,1.5047279302983865,0.05818820078119234,0.46793485328769113,0.7226418394048544,0.9729871094420486,1448,23168,0.18155541799933417,0.046409267977651325,456,complete,False,a250ae81afc363466076dd397784dfa7e178223a,f2b6f21f8cfddcca,1.0.0
graph_ordering,full,True,reg3_s29,16,24,3,11,29,rcm,88,9,"[3, 4, 5, 6, 7, 6, 7, 8, 9, 8, 7, 6, 5, 4, 3]",16,16,1e-14,16,16,11.466666666666667,3.132181705060509,2.068837411498122,4.898770067754981,256,"[0.928759, 1.626864, 2.399802, 3.21102, 4.096779, 4.340318, 4.822724, 4.89877, 4.689858, 4.36917, 3.731258, 2.896865, 2.177029, 1.568362, 0.786791]",384,192,0.8031538821538794,0.0245140898971378,0.6677862427802413,0.5094533007921039,0.7740925131098428,4776,76416,0.2788126380000904,0.10502662401449925,456,complete,False,a250ae81afc363466076dd397784dfa7e178223a,f2b6f21f8cfddcca,1.0.0
graph_ordering,full,True,reg3_s29,16,24,3,11,29,rcm,88,9,"[3, 4, 5, 6, 7, 6, 7, 8, 9, 8, 7, 6, 5, 4, 3]",32,32,1e-14,32,32,18.933333333333334,3.8946237555717933,2.54443650213691,4.898770067754981,256,"[0.928759, 1.626864, 2.399802, 3.21102, 4.096779, 4.340318, 4.822724, 4.89877, 4.689858, 4.36917, 3.731258, 2.896865, 2.177029, 1.568362, 0.786791]",384,192,0.3474756485175924,0.01447877683698074,0.8400037893984076,0.2603718668089229,0.5291193507122962,15016,240256,0.5178400869990583,0.2842514639833098,456,complete,False,a250ae81afc363466076dd397784dfa7e178223a,f2b6f21f8cfddcca,1.0.0
graph_ordering,full,True,reg3_s29,16,24,3,11,29,rcm,88,9,"[3, 4, 5, 6, 7, 6, 7, 8, 9, 8, 7, 6, 5, 4, 3]",64,64,1e-14,64,64,29.6,4.512656090202743,2.906688481687868,4.898770067754981,256,"[0.928759, 1.626864, 2.399802, 3.21102, 4.096779, 4.340318, 4.822724, 4.89877, 4.689858, 4.36917, 3.731258, 2.896865, 2.177029, 1.568362, 0.786791]",384,192,0.09414167460289091,0.006894102069610393,0.9539392249843499,0.07429602784942446,0.2751904388879807,43688,699008,1.7254386879994854,1.158656237019386,456,complete,False,a250ae81afc363466076dd397784dfa7e178223a,f2b6f21f8cfddcca,1.0.0
graph_ordering,full,True,reg3_s29,16,24,3,11,29,rcm,88,9,"[3, 4, 5, 6, 7, 6, 7, 8, 9, 8, 7, 6, 5, 4, 3]",-1,untruncated,1e-14,256,256,50.93333333333333,4.898770067754981,3.102957831511714,4.898770067754981,256,"[0.928759, 1.626864, 2.399802, 3.21102, 4.096779, 4.340318, 4.822724, 4.89877, 4.689858, 4.36917, 3.731258, 2.896865, 2.177029, 1.568362, 0.786791]",384,192,1.9593958889150778e-29,5.782509304873449e-30,1.0000000000000004,1.7763568394002505e-15,5.049851518099321e-14,174760,2796160,4.962206410000363,3.3371352150297753,456,complete,False,a250ae81afc363466076dd397784dfa7e178223a,f2b6f21f8cfddcca,1.0.0
graph_ordering,full,True,reg3_s29,16,24,3,11,29,rand37,126,12,"[3, 6, 9, 10, 9, 10, 11, 12, 11, 12, 9, 8, 7, 6, 3]",4,4,1e-14,4,4,3.7333333333333334,1.5409091387386806,1.073346390273413,5.370292862618184,256,"[0.898822, 1.645419, 2.619423, 3.460076, 3.779737, 4.447701, 4.835707, 5.370293, 5.09201, 4.809141, 4.066342, 3.354327, 2.582294, 1.801906, 0.944809]",612,306,2.261186242475703,0.09898747335957339,0.3165657359891008,0.8902502604290047,1.1564731017962322,424,6784,0.20548726900051406,0.03961891098151682,684,complete,False,a250ae81afc363466076dd397784dfa7e178223a,f2b6f21f8cfddcca,1.0.0
graph_ordering,full,True,reg3_s29,16,24,3,11,29,rand37,126,12,"[3, 6, 9, 10, 9, 10, 11, 12, 11, 12, 9, 8, 7, 6, 3]",8,8,1e-14,8,8,6.666666666666667,2.0652299327601167,1.4779880766381148,5.370292862618184,256,"[0.898822, 1.645419, 2.619423, 3.460076, 3.779737, 4.447701, 4.835707, 5.370293, 5.09201, 4.809141, 4.066342, 3.354327, 2.582294, 1.801906, 0.944809]",612,306,1.610134946961605,0.062359880512793675,0.4436477415038857,0.7943138461944674,1.045441194868099,1448,23168,0.24809971899958327,0.06884556402292219,684,complete,False,a250ae81afc363466076dd397784dfa7e178223a,f2b6f21f8cfddcca,1.0.0
graph_ordering,full,True,reg3_s29,16,24,3,11,29,rand37,126,12,"[3, 6, 9, 10, 9, 10, 11, 12, 11, 12, 9, 8, 7, 6, 3]",16,16,1e-14,16,16,11.466666666666667,2.904186048299361,2.0451155138217123,5.370292862618184,256,"[0.898822, 1.645419, 2.619423, 3.460076, 3.779737, 4.447701, 4.835707, 5.370293, 5.09201, 4.809141, 4.066342, 3.354327, 2.582294, 1.801906, 0.944809]",612,306,1.0049298676927343,0.043626036660490884,0.6031262473785765,0.5989894860749381,0.8564415805854674,4776,76416,0.36653971699888643,0.1549980789732217,684,complete,False,a250ae81afc363466076dd397784dfa7e178223a,f2b6f21f8cfddcca,1.0.0
graph_ordering,full,True,reg3_s29,16,24,3,11,29,rand37,126,12,"[3, 6, 9, 10, 9, 10, 11, 12, 11, 12, 9, 8, 7, 6, 3]",32,32,1e-14,32,32,18.933333333333334,3.7926885423232157,2.548840402638844,5.370292862618184,256,"[0.898822, 1.645419, 2.619423, 3.460076, 3.779737, 4.447701, 4.835707, 5.370293, 5.09201, 4.809141, 4.066342, 3.354327, 2.582294, 1.801906, 0.944809]",612,306,0.5458166025687977,0.02459408024468863,0.7603284520594839,0.38135519111599203,0.6533915067966275,15016,240256,0.7710925049996149,0.4578965260188852,684,complete,False,a250ae81afc363466076dd397784dfa7e178223a,f2b6f21f8cfddcca,1.0.0
graph_ordering,full,True,reg3_s29,16,24,3,11,29,rand37,126,12,"[3, 6, 9, 10, 9, 10, 11, 12, 11, 12, 9, 8, 7, 6, 3]",64,64,1e-14,64,64,29.6,4.598764216633125,2.9617848114573544,5.370292862618184,256,"[0.898822, 1.645419, 2.619423, 3.460076, 3.779737, 4.447701, 4.835707, 5.370293, 5.09201, 4.809141, 4.066342, 3.354327, 2.582294, 1.801906, 0.944809]",612,306,0.21549380225159462,0.009971831793570134,0.8976355017147633,0.16599867255674328,0.416565165787675,43688,699008,2.8092967760003376,1.974948397013577,684,complete,False,a250ae81afc363466076dd397784dfa7e178223a,f2b6f21f8cfddcca,1.0.0
graph_ordering,full,True,reg3_s29,16,24,3,11,29,rand37,126,12,"[3, 6, 9, 10, 9, 10, 11, 12, 11, 12, 9, 8, 7, 6, 3]",-1,untruncated,1e-14,256,256,50.93333333333333,5.370292862618184,3.3138671084506295,5.370292862618184,256,"[0.898822, 1.645419, 2.619423, 3.460076, 3.779737, 4.447701, 4.835707, 5.370293, 5.09201, 4.809141, 4.066342, 3.354327, 2.582294, 1.801906, 0.944809]",612,306,5.438487460723378e-29,1.5631317985816377e-29,1.0000000000000009,8.881784197001252e-16,1.0453287092375868e-13,174760,2796160,8.340274600999692,5.878243133978685,684,complete,False,a250ae81afc363466076dd397784dfa7e178223a,f2b6f21f8cfddcca,1.0.0
graph_ordering,full,True,reg3_s29,16,24,3,11,29,rand41,130,13,"[3, 6, 9, 10, 13, 10, 11, 12, 11, 10, 9, 10, 7, 6, 3]",4,4,1e-14,4,4,3.7333333333333334,1.6425104076304322,0.8526036651291199,5.085715909485774,256,"[0.76153, 1.645419, 2.575199, 3.196917, 4.087411, 4.339409, 4.836585, 5.085716, 4.958028, 4.630186, 4.205443, 3.510153, 2.544129, 1.668791, 0.851785]",636,318,2.211269995867085,0.10801138571023665,0.3253911325023985,0.8816050271677716,1.1453508583404814,424,6784,0.22677148099865008,0.04704190296797606,708,complete,False,a250ae81afc363466076dd397784dfa7e178223a,f2b6f21f8cfddcca,1.0.0
graph_ordering,full,True,reg3_s29,16,24,3,11,29,rand41,130,13,"[3, 6, 9, 10, 13, 10, 11, 12, 11, 10, 9, 10, 7, 6, 3]",8,8,1e-14,8,8,6.666666666666667,2.156328082901068,1.329959126552944,5.085715909485774,256,"[0.76153, 1.645419, 2.575199, 3.196917, 4.087411, 4.339409, 4.836585, 5.085716, 4.958028, 4.630186, 4.205443, 3.510153, 2.544129, 1.668791, 0.851785]",636,318,1.5323939991250826,0.08132825870036992,0.46127789167866123,0.7674207032833984,1.0175807015618852,1448,23168,0.32342935199994827,0.08648813200670702,708,complete,False,a250ae81afc363466076dd397784dfa7e178223a,f2b6f21f8cfddcca,1.0.0
graph_ordering,full,True,reg3_s29,16,24,3,11,29,rand41,130,13,"[3, 6, 9, 10, 13, 10, 11, 12, 11, 10, 9, 10, 7, 6, 3]",16,16,1e-14,16,16,11.466666666666667,2.870318238804919,1.9073731290304314,5.085715909485774,256,"[0.76153, 1.645419, 2.575199, 3.196917, 4.087411, 4.339409, 4.836585, 5.085716, 4.958028, 4.630186, 4.205443, 3.510153, 2.544129, 1.668791, 0.851785]",636,318,1.0198549712438147,0.04273068604568808,0.5988642503651244,0.5907764991429139,0.8488747935695973,4776,76416,0.4011442979990534,0.16945474602471222,708,complete,False,a250ae81afc363466076dd397784dfa7e178223a,f2b6f21f8cfddcca,1.0.0
graph_ordering,full,True,reg3_s29,16,24,3,11,29,rand41,130,13,"[3, 6, 9, 10, 13, 10, 11, 12, 11, 10, 9, 10, 7, 6, 3]",32,32,1e-14,32,32,18.933333333333334,3.635345424673508,2.491533989210392,5.085715909485774,256,"[0.76153, 1.645419, 2.575199, 3.196917, 4.087411, 4.339409, 4.836585, 5.085716, 4.958028, 4.630186, 4.205443, 3.510153, 2.544129, 1.668791, 0.851785]",636,318,0.5344570713983762,0.02641598110002449,0.7647765574925977,0.35820764142176864,0.6306830568614549,15016,240256,0.8297026880009071,0.4782474299900059,708,complete,False,a250ae81afc363466076dd397784dfa7e178223a,f2b6f21f8cfddcca,1.0.0
graph_ordering,full,True,reg3_s29,16,24,3,11,29,rand41,130,13,"[3, 6, 9, 10, 13, 10, 11, 12, 11, 10, 9, 10, 7, 6, 3]",64,64,1e-14,64,64,29.6,4.429276356899375,2.9602871903341725,5.085715909485774,256,"[0.76153, 1.645419, 2.575199, 3.196917, 4.087411, 4.339409, 4.836585, 5.085716, 4.958028, 4.630186, 4.205443, 3.510153, 2.544129, 1.668791, 0.851785]",636,318,0.1796887619095387,0.015920278989070828,0.9138800720032917,0.12835360300727172,0.3643623208071468,43688,699008,2.9081185899995035,1.9855880820250604,708,complete,False,a250ae81afc363466076dd397784dfa7e178223a,f2b6f21f8cfddcca,1.0.0
graph_ordering,full,True,reg3_s29,16,24,3,11,29,rand41,130,13,"[3, 6, 9, 10, 13, 10, 11, 12, 11, 10, 9, 10, 7, 6, 3]",-1,untruncated,1e-14,256,256,50.93333333333333,5.085715909485777,3.259779989061337,5.085715909485774,256,"[0.76153, 1.645419, 2.575199, 3.196917, 4.087411, 4.339409, 4.836585, 5.085716, 4.958028, 4.630186, 4.205443, 3.510153, 2.544129, 1.668791, 0.851785]",636,318,2.762573245629834e-29,1.3169852407211096e-29,1.0,1.3322676295501878e-15,9.409667587497522e-14,174760,2796160,8.004727024999738,5.44579564198466,708,complete,False,a250ae81afc363466076dd397784dfa7e178223a,f2b6f21f8cfddcca,1.0.0
graph_ordering,full,True,reg3_s29,16,24,3,11,29,rand43,114,12,"[3, 6, 5, 8, 9, 8, 9, 12, 11, 10, 9, 6, 9, 6, 3]",4,4,1e-14,4,4,3.7333333333333334,1.8154759406653185,0.8156136019321887,4.945410799368461,256,"[0.978093, 1.950491, 2.653914, 3.558695, 4.256912, 4.318501, 4.670872, 4.945411, 4.825761, 4.45827, 3.732518, 2.924715, 2.538916, 1.670144, 0.867216]",540,270,2.3805928884272407,0.10651411880935417,0.2979653147678481,0.9099608553648628,1.183160822571375,424,6784,0.18931508400055463,0.036489872942183865,612,complete,False,a250ae81afc363466076dd397784dfa7e178223a,f2b6f21f8cfddcca,1.0.0
graph_ordering,full,True,reg3_s29,16,24,3,11,29,rand43,114,12,"[3, 6, 5, 8, 9, 8, 9, 12, 11, 10, 9, 6, 9, 6, 3]",8,8,1e-14,8,8,6.666666666666667,2.496741067900901,1.4741483069265398,4.945410799368461,256,"[0.978093, 1.950491, 2.653914, 3.558695, 4.256912, 4.318501, 4.670872, 4.945411, 4.825761, 4.45827, 3.732518, 2.924715, 2.538916, 1.670144, 0.867216]",540,270,1.5809852402971962,0.06491676785637175,0.4507345490595158,0.7767432698121528,1.0271314344960714,1448,23168,0.2290286269999342,0.06429996198858134,612,complete,False,a250ae81afc363466076dd397784dfa7e178223a,f2b6f21f8cfddcca,1.0.0
graph_ordering,full,True,reg3_s29,16,24,3,11,29,rand43,114,12,"[3, 6, 5, 8, 9, 8, 9, 12, 11, 10, 9, 6, 9, 6, 3]",16,16,1e-14,16,16,11.466666666666667,3.2056688142274408,2.106227387509306,4.945410799368461,256,"[0.978093, 1.950491, 2.653914, 3.558695, 4.256912, 4.318501, 4.670872, 4.945411, 4.825761, 4.45827, 3.732518, 2.924715, 2.538916, 1.670144, 0.867216]",540,270,0.9148063093645625,0.03821868549460543,0.6315019991547666,0.5601321770064,0.8207005319600819,4776,76416,0.32527082200067525,0.13656012096180348,612,complete,False,a250ae81afc363466076dd397784dfa7e178223a,f2b6f21f8cfddcca,1.0.0
graph_ordering,full,True,reg3_s29,16,24,3,11,29,rand43,114,12,"[3, 6, 5, 8, 9, 8, 9, 12, 11, 10, 9, 6, 9, 6, 3]",32,32,1e-14,32,32,18.933333333333334,3.7875536817034696,2.6367204761192182,4.945410799368461,256,"[0.978093, 1.950491, 2.653914, 3.558695, 4.256912, 4.318501, 4.670872, 4.945411, 4.825761, 4.45827, 3.732518, 2.924715, 2.538916, 1.670144, 0.867216]",540,270,0.40893810793705976,0.01940994434439593,0.8145724143396939,0.29293982092673954,0.56414766681287,15016,240256,0.6533578580001631,0.38382049599385937,612,complete,False,a250ae81afc363466076dd397784dfa7e178223a,f2b6f21f8cfddcca,1.0.0
graph_ordering,full,True,reg3_s29,16,24,3,11,29,rand43,114,12,"[3, 6, 5, 8, 9, 8, 9, 12, 11, 10, 9, 6, 9, 6, 3]",64,64,1e-14,64,64,29.6,4.443974232003057,3.0151706752572047,4.945410799368461,256,"[0.978093, 1.950491, 2.653914, 3.558695, 4.256912, 4.318501, 4.670872, 4.945411, 4.825761, 4.45827, 3.732518, 2.924715, 2.538916, 1.670144, 0.867216]",540,270,0.11700464031056035,0.00703318769313407,0.9430783412134262,0.09031508203652439,0.30405907564648377,43688,699008,2.2712686419999955,1.5588348369965388,612,complete,False,a250ae81afc363466076dd397784dfa7e178223a,f2b6f21f8cfddcca,1.0.0
graph_ordering,full,True,reg3_s29,16,24,3,11,29,rand43,114,12,"[3, 6, 5, 8, 9, 8, 9, 12, 11, 10, 9, 6, 9, 6, 3]",-1,untruncated,1e-14,256,256,50.93333333333333,4.94541079936846,3.2233619145820938,4.945410799368461,256,"[0.978093, 1.950491, 2.653914, 3.558695, 4.256912, 4.318501, 4.670872, 4.945411, 4.825761, 4.45827, 3.732518, 2.924715, 2.538916, 1.670144, 0.867216]",540,270,4.5955615086290563e-29,1.9937045213659703e-29,1.0,8.881784197001252e-16,1.1008375420132483e-13,174760,2796160,7.2886219680003705,5.07192056000531,612,complete,False,a250ae81afc363466076dd397784dfa7e178223a,f2b6f21f8cfddcca,1.0.0
graph_ordering,full,True,reg3_s29,16,24,3,19,29,natural,142,14,"[3, 6, 9, 12, 13, 14, 13, 14, 13, 12, 9, 8, 7, 6, 3]",4,4,1e-14,4,4,3.7333333333333334,1.5722228370287663,1.1242052426631546,5.376318981257149,256,"[0.886147, 1.770651, 2.641888, 3.558725, 4.318977, 4.950903, 5.242569, 5.376319, 5.201781, 4.821508, 4.125653, 3.302998, 2.488787, 1.697146, 0.786333]",708,354,3.1789372834762126,0.1416820764986745,0.19670613470461207,0.9589246862061999,1.2627981183511128,424,6784,0.24691590900147276,0.04857470500610361,780,complete,False,a250ae81afc363466076dd397784dfa7e178223a,f2b6f21f8cfddcca,1.0.0
graph_ordering,full,True,reg3_s29,16,24,3,19,29,natural,142,14,"[3, 6, 9, 12, 13, 14, 13, 14, 13, 12, 9, 8, 7, 6, 3]",8,8,1e-14,8,8,6.666666666666667,2.2772606841128518,1.6125875553813522,5.376318981257149,256,"[0.886147, 1.770651, 2.641888, 3.558725, 4.318977, 4.950903, 5.242569, 5.376319, 5.201781, 4.821508, 4.125653, 3.302998, 2.488787, 1.697146, 0.786333]",708,354,2.1178496373794795,0.06915417169415063,0.3430480996944095,0.8509732105148818,1.1081156251108992,1448,23168,0.2941439040005207,0.0838684430163994,780,complete,False,a250ae81afc363466076dd397784dfa7e178223a,f2b6f21f8cfddcca,1.0.0
graph_ordering,full,True,reg3_s29,16,24,3,19,29,natural,142,14,"[3, 6, 9, 12, 13, 14, 13, 14, 13, 12, 9, 8, 7, 6, 3]",16,16,1e-14,16,16,11.466666666666667,2.87400359553946,2.019553293368731,5.376318981257149,256,"[0.886147, 1.770651, 2.641888, 3.558725, 4.318977, 4.950903, 5.242569, 5.376319, 5.201781, 4.821508, 4.125653, 3.302998, 2.488787, 1.697146, 0.786333]",708,354,1.3954209570328828,0.028305710716280297,0.49579389573450533,0.7095662655869828,0.9602926194231255,4776,76416,0.4272127559997898,0.19069298497925047,780,complete,False,a250ae81afc363466076dd397784dfa7e178223a,f2b6f21f8cfddcca,1.0.0
graph_ordering,full,True,reg3_s29,16,24,3,19,29,natural,142,14,"[3, 6, 9, 12, 13, 14, 13, 14, 13, 12, 9, 8, 7, 6, 3]",32,32,1e-14,32,32,18.933333333333334,3.703051422714501,2.5446802966868125,5.376318981257149,256,"[0.886147, 1.770651, 2.641888, 3.558725, 4.318977, 4.950903, 5.242569, 5.376319, 5.201781, 4.821508, 4.125653, 3.302998, 2.488787, 1.697146, 0.786333]",708,354,0.7339951070362634,0.020982796250841516,0.6917472830295834,0.47013702567277105,0.7376762525307791,15016,240256,0.8836311820014089,0.5415888980041927,780,complete,False,a250ae81afc363466076dd397784dfa7e178223a,f2b6f21f8cfddcca,1.0.0
graph_ordering,full,True,reg3_s29,16,24,3,19,29,natural,142,14,"[3, 6, 9, 12, 13, 14, 13, 14, 13, 12, 9, 8, 7, 6, 3]",64,64,1e-14,64,64,29.6,4.535713529973165,3.0126621921263697,5.376318981257149,256,"[0.886147, 1.770651, 2.641888, 3.558725, 4.318977, 4.950903, 5.242569, 5.376319, 5.201781, 4.821508, 4.125653, 3.302998, 2.488787, 1.697146, 0.786333]",708,354,0.2772958457538948,0.012918635827789071,0.870192926752048,0.20637773434226592,0.4672155927738977,43688,699008,3.1120946800001548,2.270753661998242,780,complete,False,a250ae81afc363466076dd397784dfa7e178223a,f2b6f21f8cfddcca,1.0.0
graph_ordering,full,True,reg3_s29,16,24,3,19,29,natural,142,14,"[3, 6, 9, 12, 13, 14, 13, 14, 13, 12, 9, 8, 7, 6, 3]",-1,untruncated,1e-14,256,256,50.93333333333333,5.376318981257149,3.411359067341557,5.376318981257149,256,"[0.886147, 1.770651, 2.641888, 3.558725, 4.318977, 4.950903, 5.242569, 5.376319, 5.201781, 4.821508, 4.125653, 3.302998, 2.488787, 1.697146, 0.786333]",708,354,1.62723495735048e-28,4.001115958304488e-29,0.9999999999999997,-4.884981308350689e-15,9.559147140574347e-14,174760,2796160,9.308826601001783,6.883978162988569,780,complete,False,a250ae81afc363466076dd397784dfa7e178223a,f2b6f21f8cfddcca,1.0.0
graph_ordering,full,True,reg3_s29,16,24,3,19,29,bfs,88,9,"[3, 4, 5, 6, 7, 8, 9, 8, 7, 6, 7, 6, 5, 4, 3]",4,4,1e-14,4,4,3.7333333333333334,1.126619098391645,0.807994897235593,3.985781157657388,256,"[0.886147, 1.704209, 2.387113, 2.891493, 3.411536, 3.707318, 3.985781, 3.769378, 3.580757, 3.391366, 3.429624, 2.856467, 2.367367, 1.547725, 0.889095]",384,192,2.183981579494545,0.12257301987186832,0.32982631864155515,0.8578940326686424,1.1162710679253227,424,6784,0.1433855820014287,0.026058215005832608,456,complete,False,a250ae81afc363466076dd397784dfa7e178223a,f2b6f21f8cfddcca,1.0.0
graph_ordering,full,True,reg3_s29,16,24,3,19,29,bfs,88,9,"[3, 4, 5, 6, 7, 8, 9, 8, 7, 6, 7, 6, 5, 4, 3]",8,8,1e-14,8,8,6.666666666666667,1.8214070548121288,1.4323888265287865,3.985781157657388,256,"[0.886147, 1.704209, 2.387113, 2.891493, 3.411536, 3.707318, 3.985781, 3.769378, 3.580757, 3.391366, 3.429624, 2.856467, 2.367367, 1.547725, 0.889095]",384,192,1.2295623582883468,0.04995464636151056,0.5381672829440748,0.6629302245274884,0.9158852487774244,1448,23168,0.17645816699950956,0.047250524014089024,456,complete,False,a250ae81afc363466076dd397784dfa7e178223a,f2b6f21f8cfddcca,1.0.0
graph_ordering,full,True,reg3_s29,16,24,3,19,29,bfs,88,9,"[3, 4, 5, 6, 7, 8, 9, 8, 7, 6, 7, 6, 5, 4, 3]",16,16,1e-14,16,16,11.466666666666667,2.597255478764894,1.9472232494060546,3.985781157657388,256,"[0.886147, 1.704209, 2.387113, 2.891493, 3.411536, 3.707318, 3.985781, 3.769378, 3.580757, 3.391366, 3.429624, 2.856467, 2.367367, 1.547725, 0.889095]",384,192,0.544818805427652,0.02560881749980754,0.760686666941642,0.3551729328519575,0.6276762705375295,4776,76416,0.2684789760005515,0.10853073299949756,456,complete,False,a250ae81afc363466076dd397784dfa7e178223a,f2b6f21f8cfddcca,1.0.0
graph_ordering,full,True,reg3_s29,16,24,3,19,29,bfs,88,9,"[3, 4, 5, 6, 7, 8, 9, 8, 7, 6, 7, 6, 5, 4, 3]",32,32,1e-14,32,32,18.933333333333334,3.3452630320211942,2.392130488769352,3.985781157657388,256,"[0.886147, 1.704209, 2.387113, 2.891493, 3.411536, 3.707318, 3.985781, 3.769378, 3.580757, 3.391366, 3.429624, 2.856467, 2.367367, 1.547725, 0.889095]",384,192,0.16640410978275375,0.010526507858750995,0.9200103828512955,0.122536972953604,0.3557247114013686,15016,240256,0.5270845070008363,0.2858048660073109,456,complete,False,a250ae81afc363466076dd397784dfa7e178223a,f2b6f21f8cfddcca,1.0.0
graph_ordering,full,True,reg3_s29,16,24,3,19,29,bfs,88,9,"[3, 4, 5, 6, 7, 8, 9, 8, 7, 6, 7, 6, 5, 4, 3]",64,64,1e-14,64,64,29.6,3.8205063471263165,2.6416852148390984,3.985781157657388,256,"[0.886147, 1.704209, 2.387113, 2.891493, 3.411536, 3.707318, 3.985781, 3.769378, 3.580757, 3.391366, 3.429624, 2.856467, 2.367367, 1.547725, 0.889095]",384,192,0.029535866449255762,0.002505847095012127,0.9853320050549871,0.021652807216158032,0.14755102386164903,43688,699008,1.7966609760005667,1.2011801160078903,456,complete,False,a250ae81afc363466076dd397784dfa7e178223a,f2b6f21f8cfddcca,1.0.0
graph_ordering,full,True,reg3_s29,16,24,3,19,29,bfs,88,9,"[3, 4, 5, 6, 7, 8, 9, 8, 7, 6, 7, 6, 5, 4, 3]",-1,untruncated,1e-14,256,256,50.93333333333333,3.985781157657387,2.7203584860996357,3.985781157657388,256,"[0.886147, 1.704209, 2.387113, 2.891493, 3.411536, 3.707318, 3.985781, 3.769378, 3.580757, 3.391366, 3.429624, 2.856467, 2.367367, 1.547725, 0.889095]",384,192,6.098275940402992e-29,1.1249941522357919e-29,1.0,-3.552713678800501e-15,6.974269804889849e-14,174760,2796160,5.258401260000028,3.5661423270303203,456,complete,False,a250ae81afc363466076dd397784dfa7e178223a,f2b6f21f8cfddcca,1.0.0
graph_ordering,full,True,reg3_s29,16,24,3,19,29,rcm,88,9,"[3, 4, 5, 6, 7, 6, 7, 8, 9, 8, 7, 6, 5, 4, 3]",4,4,1e-14,4,4,3.7333333333333334,1.1266190983916367,0.8079948972356088,3.985781157657342,256,"[0.889095, 1.547725, 2.367367, 2.856467, 3.429624, 3.391366, 3.580757, 3.769378, 3.985781, 3.707318, 3.411536, 2.891493, 2.387113, 1.704209, 0.886147]",384,192,2.1839815794945068,0.12257301987186807,0.32982631864156403,0.8578940326686402,1.1162710679253305,424,6784,0.15564325600098528,0.027216046011744766,456,complete,False,a250ae81afc363466076dd397784dfa7e178223a,f2b6f21f8cfddcca,1.0.0
graph_ordering,full,True,reg3_s29,16,24,3,19,29,rcm,88,9,"[3, 4, 5, 6, 7, 6, 7, 8, 9, 8, 7, 6, 5, 4, 3]",8,8,1e-14,8,8,6.666666666666667,1.821407054812267,1.4323888265288216,3.985781157657342,256,"[0.889095, 1.547725, 2.367367, 2.856467, 3.429624, 3.391366, 3.580757, 3.769378, 3.985781, 3.707318, 3.411536, 2.891493, 2.387113, 1.704209, 0.886147]",384,192,1.229562358288335,0.04995464636150618,0.5381672829440772,0.6629302245274871,0.9158852487774188,1448,23168,0.18047660599950177,0.0476068900206883,456,complete,False,a250ae81afc363466076dd397784dfa7e178223a,f2b6f21f8cfddcca,1.0.0
graph_ordering,full,True,reg3_s29,16,24,3,19,29,rcm,88,9,"[3, 4, 5, 6, 7, 6, 7, 8, 9, 8, 7, 6, 5, 4, 3]",16,16,1e-14,16,16,11.466666666666667,2.59725547876491,1.9472232494060566,3.985781157657342,256,"[0.889095, 1.547725, 2.367367, 2.856467, 3.429624, 3.391366, 3.580757, 3.769378, 3.985781, 3.707318, 3.411536, 2.891493, 2.387113, 1.704209, 0.886147]",384,192,0.5448188054276509,0.0256088174998073,0.7606866669416428,0.35517293285195684,0.6276762705375318,4776,76416,0.2713203449984576,0.10812932600492786,456,complete,False,a250ae81afc363466076dd397784dfa7e178223a,f2b6f21f8cfddcca,1.0.0
graph_ordering,full,True,reg3_s29,16,24,3,19,29,rcm,88,9,"[3, 4, 5, 6, 7, 6, 7, 8, 9, 8, 7, 6, 5, 4, 3]",32,32,1e-14,32,32,18.933333333333334,3.3452630320211973,2.3921304887693506,3.985781157657342,256,"[0.889095, 1.547725, 2.367367, 2.856467, 3.429624, 3.391366, 3.580757, 3.769378, 3.985781, 3.707318, 3.411536, 2.891493, 2.387113, 1.704209, 0.886147]",384,192,0.16640410978275466,0.010526507858751255,0.920010382851296,0.12253697295360488,0.3557247114013732,15016,240256,0.4902854860010848,0.27211184200314165,456,complete,False,a250ae81afc363466076dd397784dfa7e178223a,f2b6f21f8cfddcca,1.0.0
graph_ordering,full,True,reg3_s29,16,24,3,19,29,rcm,88,9,"[3, 4, 5, 6, 7, 6, 7, 8, 9, 8, 7, 6, 5, 4, 3]",64,64,1e-14,64,64,29.6,3.82050634712631,2.641685214839093,3.985781157657342,256,"[0.889095, 1.547725, 2.367367, 2.856467, 3.429624, 3.391366, 3.580757, 3.769378, 3.985781, 3.707318, 3.411536, 2.891493, 2.387113, 1.704209, 0.886147]",384,192,0.02953586644925584,0.0025058470950121764,0.9853320050549882,0.021652807216158698,0.1475510238616496,43688,699008,1.7275962599997001,1.1594371749779384,456,complete,False,a250ae81afc363466076dd397784dfa7e178223a,f2b6f21f8cfddcca,1.0.0
graph_ordering,full,True,reg3_s29,16,24,3,19,29,rcm,88,9,"[3, 4, 5, 6, 7, 6, 7, 8, 9, 8, 7, 6, 5, 4, 3]",-1,untruncated,1e-14,256,256,50.93333333333333,3.985781157657343,2.7203584860996117,3.985781157657342,256,"[0.889095, 1.547725, 2.367367, 2.856467, 3.429624, 3.391366, 3.580757, 3.769378, 3.985781, 3.707318, 3.411536, 2.891493, 2.387113, 1.704209, 0.886147]",384,192,2.4115314068949248e-29,8.434561725965282e-30,1.0000000000000004,-4.884981308350689e-15,7.2586875518877e-14,174760,2796160,4.965316203999464,3.3752505330176064,456,complete,False,a250ae81afc363466076dd397784dfa7e178223a,f2b6f21f8cfddcca,1.0.0
graph_ordering,full,True,reg3_s29,16,24,3,19,29,rand37,126,12,"[3, 6, 9, 10, 9, 10, 11, 12, 11, 12, 9, 8, 7, 6, 3]",4,4,1e-14,4,4,3.7333333333333334,1.4159831713970474,0.9146241556521667,5.240983341602025,256,"[0.880615, 1.758257, 2.655963, 3.298995, 3.743311, 4.13001, 4.677396, 5.240983, 4.99556, 4.63016, 3.771049, 3.256683, 2.517747, 1.723349, 0.786333]",612,306,2.859001270353679,0.10071837228172371,0.2324406493026099,0.9457959340875818,1.238694743133006,424,6784,0.2007612950001203,0.03906667798946728,684,complete,False,a250ae81afc363466076dd397784dfa7e178223a,f2b6f21f8cfddcca,1.0.0
graph_ordering,full,True,reg3_s29,16,24,3,19,29,rand37,126,12,"[3, 6, 9, 10, 9, 10, 11, 12, 11, 12, 9, 8, 7, 6, 3]",8,8,1e-14,8,8,6.666666666666667,2.1454497562647896,1.4122695239106577,5.240983341602025,256,"[0.880615, 1.758257, 2.655963, 3.298995, 3.743311, 4.13001, 4.677396, 5.240983, 4.99556, 4.63016, 3.771049, 3.256683, 2.517747, 1.723349, 0.786333]",612,306,1.7921314070117575,0.062266086337180504,0.40484897679405263,0.8123103331552586,1.0646768007774858,1448,23168,0.245858374000818,0.06839530296201701,684,complete,False,a250ae81afc363466076dd397784dfa7e178223a,f2b6f21f8cfddcca,1.0.0
graph_ordering,full,True,reg3_s29,16,24,3,19,29,rand37,126,12,"[3, 6, 9, 10, 9, 10, 11, 12, 11, 12, 9, 8, 7, 6, 3]",16,16,1e-14,16,16,11.466666666666667,3.0371722127827447,1.9805822936713813,5.240983341602025,256,"[0.880615, 1.758257, 2.655963, 3.298995, 3.743311, 4.13001, 4.677396, 5.240983, 4.99556, 4.63016, 3.771049, 3.256683, 2.517747, 1.723349, 0.786333]",612,306,1.1562138967753908,0.037346363244587726,0.5590434574133512,0.6304437989961984,0.8855378670098132,4776,76416,0.3793284629991831,0.16105698099272558,684,complete,False,a250ae81afc363466076dd397784dfa7e178223a,f2b6f21f8cfddcca,1.0.0
graph_ordering,full,True,reg3_s29,16,24,3,19,29,rand37,126,12,"[3, 6, 9, 10, 9, 10, 11, 12, 11, 12, 9, 8, 7, 6, 3]",32,32,1e-14,32,32,18.933333333333334,3.8123272790927416,2.4640489556651275,5.240983341602025,256,"[0.880615, 1.758257, 2.655963, 3.298995, 3.743311, 4.13001, 4.677396, 5.240983, 4.99556, 4.63016, 3.771049, 3.256683, 2.517747, 1.723349, 0.786333]",612,306,0.5752314141584051,0.026448124164305448,0.7490470779791143,0.3750412837876107,0.6472351899409498,15016,240256,0.8077360809984384,0.47075897599461314,684,complete,False,a250ae81afc363466076dd397784dfa7e178223a,f2b6f21f8cfddcca,1.0.0
graph_ordering,full,True,reg3_s29,16,24,3,19,29,rand37,126,12,"[3, 6, 9, 10, 9, 10, 11, 12, 11, 12, 9, 8, 7, 6, 3]",64,64,1e-14,64,64,29.6,4.554592838210663,2.87155693874982,5.240983341602025,256,"[0.880615, 1.758257, 2.655963, 3.298995, 3.743311, 4.13001, 4.677396, 5.240983, 4.99556, 4.63016, 3.771049, 3.256683, 2.517747, 1.723349, 0.786333]",612,306,0.20368080497619934,0.013776781542188275,0.902935415638326,0.14996344678735007,0.39503349407599847,43688,699008,2.939325187999202,2.066455758000302,684,complete,False,a250ae81afc363466076dd397784dfa7e178223a,f2b6f21f8cfddcca,1.0.0
graph_ordering,full,True,reg3_s29,16,24,3,19,29,rand37,126,12,"[3, 6, 9, 10, 9, 10, 11, 12, 11, 12, 9, 8, 7, 6, 3]",-1,untruncated,1e-14,256,256,50.93333333333333,5.240983341602025,3.2044274175663716,5.240983341602025,256,"[0.880615, 1.758257, 2.655963, 3.298995, 3.743311, 4.13001, 4.677396, 5.240983, 4.99556, 4.63016, 3.771049, 3.256683, 2.517747, 1.723349, 0.786333]",612,306,6.84456201551876e-29,2.6773858877264694e-29,0.9999999999999999,-3.9968028886505635e-15,9.594254119918279e-14,174760,2796160,8.38477432900072,5.863346625968916,684,complete,False,a250ae81afc363466076dd397784dfa7e178223a,f2b6f21f8cfddcca,1.0.0
graph_ordering,full,True,reg3_s29,16,24,3,19,29,rand41,130,13,"[3, 6, 9, 10, 13, 10, 11, 12, 11, 10, 9, 10, 7, 6, 3]",4,4,1e-14,4,4,3.7333333333333334,1.1609261592083944,0.6716991170856034,4.965279720312429,256,"[0.878777, 1.758257, 2.681277, 3.293685, 4.087377, 3.962702, 4.61179, 4.96528, 4.679275, 4.421224, 3.859107, 3.340355, 2.418645, 1.812111, 0.904958]",636,318,2.8873591912996646,0.15271119391602272,0.22908639956652949,0.9395521472396574,1.2281193343205654,424,6784,0.2554908419988351,0.047658476991273346,708,complete,False,a250ae81afc363466076dd397784dfa7e178223a,f2b6f21f8cfddcca,1.0.0
graph_ordering,full,True,reg3_s29,16,24,3,19,29,rand41,130,13,"[3, 6, 9, 10, 13, 10, 11, 12, 11, 10, 9, 10, 7, 6, 3]",8,8,1e-14,8,8,6.666666666666667,1.769243030601892,1.3088114666952733,4.965279720312429,256,"[0.878777, 1.758257, 2.681277, 3.293685, 4.087377, 3.962702, 4.61179, 4.96528, 4.679275, 4.421224, 3.859107, 3.340355, 2.418645, 1.812111, 0.904958]",636,318,1.8119678184177948,0.05496225625884416,0.4011772513393714,0.8110425152293681,1.0633039053099405,1448,23168,0.30125643400060653,0.08348633398600214,708,complete,False,a250ae81afc363466076dd397784dfa7e178223a,f2b6f21f8cfddcca,1.0.0
graph_ordering,full,True,reg3_s29,16,24,3,19,29,rand41,130,13,"[3, 6, 9, 10, 13, 10, 11, 12, 11, 10, 9, 10, 7, 6, 3]",16,16,1e-14,16,16,11.466666666666667,2.59519825560544,1.9073019480033866,4.965279720312429,256,"[0.878777, 1.758257, 2.681277, 3.293685, 4.087377, 3.962702, 4.61179, 4.96528, 4.679275, 4.421224, 3.859107, 3.340355, 2.418645, 1.812111, 0.904958]",636,318,1.0714285272789392,0.027513969141256568,0.5836996674516354,0.5913545230954591,0.8494070356766037,4776,76416,0.4465399990003789,0.18693688500570715,708,complete,False,a250ae81afc363466076dd397784dfa7e178223a,f2b6f21f8cfddcca,1.0.0
graph_ordering,full,True,reg3_s29,16,24,3,19,29,rand41,130,13,"[3, 6, 9, 10, 13, 10, 11, 12, 11, 10, 9, 10, 7, 6, 3]",32,32,1e-14,32,32,18.933333333333334,3.5018178681564764,2.4432437969446075,4.965279720312429,256,"[0.878777, 1.758257, 2.681277, 3.293685, 4.087377, 3.962702, 4.61179, 4.96528, 4.679275, 4.421224, 3.859107, 3.340355, 2.418645, 1.812111, 0.904958]",636,318,0.5367905632876483,0.023077318251087862,0.7639055734842634,0.3512434309627184,0.6237719735032726,15016,240256,0.8817303799987712,0.5136928609590541,708,complete,False,a250ae81afc363466076dd397784dfa7e178223a,f2b6f21f8cfddcca,1.0.0
graph_ordering,full,True,reg3_s29,16,24,3,19,29,rand41,130,13,"[3, 6, 9, 10, 13, 10, 11, 12, 11, 10, 9, 10, 7, 6, 3]",64,64,1e-14,64,64,29.6,4.337917277052604,2.8924173495168715,4.965279720312429,256,"[0.878777, 1.758257, 2.681277, 3.293685, 4.087377, 3.962702, 4.61179, 4.96528, 4.679275, 4.421224, 3.859107, 3.340355, 2.418645, 1.812111, 0.904958]",636,318,0.16750009841049193,0.010832156852892606,0.9195078110419318,0.11991084679846598,0.3517650648450203,43688,699008,3.0795472640002117,2.0977029039841,708,complete,False,a250ae81afc363466076dd397784dfa7e178223a,f2b6f21f8cfddcca,1.0.0
graph_ordering,full,True,reg3_s29,16,24,3,19,29,rand41,130,13,"[3, 6, 9, 10, 13, 10, 11, 12, 11, 10, 9, 10, 7, 6, 3]",-1,untruncated,1e-14,256,256,50.93333333333333,4.96527972031243,3.178321202010683,4.965279720312429,256,"[0.878777, 1.758257, 2.681277, 3.293685, 4.087377, 3.962702, 4.61179, 4.96528, 4.679275, 4.421224, 3.859107, 3.340355, 2.418645, 1.812111, 0.904958]",636,318,6.372637895965133e-29,2.658414866768147e-29,1.0000000000000004,-5.329070518200751e-15,7.118554962713038e-14,174760,2796160,8.383217361000789,5.698371573007535,708,complete,False,a250ae81afc363466076dd397784dfa7e178223a,f2b6f21f8cfddcca,1.0.0
graph_ordering,full,True,reg3_s29,16,24,3,19,29,rand43,114,12,"[3, 6, 5, 8, 9, 8, 9, 12, 11, 10, 9, 6, 9, 6, 3]",4,4,1e-14,4,4,3.7333333333333334,1.1826845654212146,0.9218723020711389,4.875358186163879,256,"[0.911986, 1.72738, 2.197975, 2.937179, 3.68675, 3.888357, 4.377885, 4.875358, 4.591498, 4.568481, 3.944203, 3.084881, 2.714675, 1.85485, 0.947755]",540,270,2.6796500529359255,0.07859348660591428,0.2564614116690723,0.9133993654901087,1.188040523327838,424,6784,0.23379724499864096,0.04279950401178212,612,complete,False,a250ae81afc363466076dd397784dfa7e178223a,f2b6f21f8cfddcca,1.0.0
graph_ordering,full,True,reg3_s29,16,24,3,19,29,rand43,114,12,"[3, 6, 5, 8, 9, 8, 9, 12, 11, 10, 9, 6, 9, 6, 3]",8,8,1e-14,8,8,6.666666666666667,1.9558603815982671,1.4798349177266708,4.875358186163879,256,"[0.911986, 1.72738, 2.197975, 2.937179, 3.68675, 3.888357, 4.377885, 4.875358, 4.591498, 4.568481, 3.944203, 3.084881, 2.714675, 1.85485, 0.947755]",540,270,1.7176151530513193,0.04411347116664221,0.42055913764290237,0.784633145515861,1.0353005886852862,1448,23168,0.28278806199887185,0.07657716399626224,612,complete,False,a250ae81afc363466076dd397784dfa7e178223a,f2b6f21f8cfddcca,1.0.0
graph_ordering,full,True,reg3_s29,16,24,3,19,29,rand43,114,12,"[3, 6, 5, 8, 9, 8, 9, 12, 11, 10, 9, 6, 9, 6, 3]",16,16,1e-14,16,16,11.466666666666667,2.8059058519622684,1.9971053805989547,4.875358186163879,256,"[0.911986, 1.72738, 2.197975, 2.937179, 3.68675, 3.888357, 4.377885, 4.875358, 4.591498, 4.568481, 3.944203, 3.084881, 2.714675, 1.85485, 0.947755]",540,270,0.948970303370483,0.04938902562408244,0.6203822519737576,0.5485676792146352,0.8100776086730674,4776,76416,0.3983549429995037,0.16844018298434094,612,complete,False,a250ae81afc363466076dd397784dfa7e178223a,f2b6f21f8cfddcca,1.0.0
graph_ordering,full,True,reg3_s29,16,24,3,19,29,rand43,114,12,"[3, 6, 5, 8, 9, 8, 9, 12, 11, 10, 9, 6, 9, 6, 3]",32,32,1e-14,32,32,18.933333333333334,3.602545184310363,2.478872503198083,4.875358186163879,256,"[0.911986, 1.72738, 2.197975, 2.937179, 3.68675, 3.888357, 4.377885, 4.875358, 4.591498, 4.568481, 3.944203, 3.084881, 2.714675, 1.85485, 0.947755]",540,270,0.4193743887318769,0.028597607929278963,0.8101045217727152,0.2933069630253269,0.5645345596580501,15016,240256,0.7617656870006613,0.44675721700878057,612,complete,False,a250ae81afc363466076dd397784dfa7e178223a,f2b6f21f8cfddcca,1.0.0
graph_ordering,full,True,reg3_s29,16,24,3,19,29,rand43,114,12,"[3, 6, 5, 8, 9, 8, 9, 12, 11, 10, 9, 6, 9, 6, 3]",64,64,1e-14,64,64,29.6,4.353248863718434,2.860984675801353,4.875358186163879,256,"[0.911986, 1.72738, 2.197975, 2.937179, 3.68675, 3.888357, 4.377885, 4.875358, 4.591498, 4.568481, 3.944203, 3.084881, 2.714675, 1.85485, 0.947755]",540,270,0.12174254228327588,0.009172510653941358,0.9408284136962698,0.09157024240487566,0.30621621310608504,43688,699008,1.8447150169995439,1.2383888470230886,612,complete,False,a250ae81afc363466076dd397784dfa7e178223a,f2b6f21f8cfddcca,1.0.0
graph_ordering,full,True,reg3_s29,16,24,3,19,29,rand43,114,12,"[3, 6, 5, 8, 9, 8, 9, 12, 11, 10, 9, 6, 9, 6, 3]",-1,untruncated,1e-14,256,256,50.93333333333333,4.8753581861638775,3.0872808039647976,4.875358186163879,256,"[0.911986, 1.72738, 2.197975, 2.937179, 3.68675, 3.888357, 4.377885, 4.875358, 4.591498, 4.568481, 3.944203, 3.084881, 2.714675, 1.85485, 0.947755]",540,270,8.10483945990757e-29,3.43560075405574e-29,1.0,-3.552713678800501e-15,8.966631221649753e-14,174760,2796160,7.686565907999466,5.322223064988066,612,complete,False,a250ae81afc363466076dd397784dfa7e178223a,f2b6f21f8cfddcca,1.0.0
