experiment,grid,full_run,graph_family,n,edges,reps,graph_seed,ordering,ordering_role,total_span,max_cutwidth,chi_max,chi_label,svd_cutoff,max_bond_final,max_bond_intermediate,max_entropy,mean_entropy,swap_count,routing_distance,discarded_weight,norm_factor,infidelity,trace_distance_bound,phase_aligned_error,E_unsorted_1,E_sorted_1,topK25_mass,topK25_mass_rel,topK25_exact_mass,topK25_shape,topK100_mass,topK100_mass_rel,topK100_exact_mass,topK100_shape,topK400_mass,topK400_mass_rel,topK400_exact_mass,topK400_shape,topK1000_mass,topK1000_mass_rel,topK1000_exact_mass,topK1000_shape,storage_complex,storage_bytes,statevector_complex,runtime_s,svd_time_s,qiskit_time_s,n_svd,status,quic_params_version,quic_fingerprint,quic_source_kind,mps_revision,mps_sha256,mps_version
quic_readout,full,True,path,8,7,1,-1,natural,natural = graph_informed,7,1,4,4,1e-14,2,2,0.2662894810612577,0.13645051535122457,0,0,0.0,1.0,0.0,0.0,7.881486286417115e-16,8.601328941187393e-16,8.437169720844774e-16,2.220446049250313e-16,2.6572094045523096e-16,0.8356308108221591,6.019490461639521e-16,2.220446049250313e-16,2.2646974344633017e-16,0.9804603544210418,7.466900361907669e-16,,,,,,,,,56,896,256,0.0032589379998171353,0.0004349170012574177,0.005053790000602021,7,complete,standin-v1,cfb538f0d43ae488,stand-in,a250ae81afc363466076dd397784dfa7e178223a,f2b6f21f8cfddcca,1.0.0
quic_readout,full,True,path,8,7,1,-1,natural,natural = graph_informed,7,1,8,8,1e-14,2,2,0.2662894810612577,0.13645051535122457,0,0,0.0,1.0,0.0,0.0,7.881486286417115e-16,8.601328941187393e-16,8.437169720844774e-16,2.220446049250313e-16,2.6572094045523096e-16,0.8356308108221591,6.019490461639521e-16,2.220446049250313e-16,2.2646974344633017e-16,0.9804603544210418,7.466900361907669e-16,,,,,,,,,56,896,256,0.002086843000142835,0.000293705998956284,0.005053790000602021,7,complete,standin-v1,cfb538f0d43ae488,stand-in,a250ae81afc363466076dd397784dfa7e178223a,f2b6f21f8cfddcca,1.0.0
quic_readout,full,True,path,8,7,1,-1,natural,natural = graph_informed,7,1,16,16,1e-14,2,2,0.2662894810612577,0.13645051535122457,0,0,0.0,1.0,0.0,0.0,7.881486286417115e-16,8.601328941187393e-16,8.437169720844774e-16,2.220446049250313e-16,2.6572094045523096e-16,0.8356308108221591,6.019490461639521e-16,2.220446049250313e-16,2.2646974344633017e-16,0.9804603544210418,7.466900361907669e-16,,,,,,,,,56,896,256,0.001994366999497288,0.0002679699991858797,0.005053790000602021,7,complete,standin-v1,cfb538f0d43ae488,stand-in,a250ae81afc363466076dd397784dfa7e178223a,f2b6f21f8cfddcca,1.0.0
quic_readout,full,True,path,8,7,1,-1,natural,natural = graph_informed,7,1,32,32,1e-14,2,2,0.2662894810612577,0.13645051535122457,0,0,0.0,1.0,0.0,0.0,7.881486286417115e-16,8.601328941187393e-16,8.437169720844774e-16,2.220446049250313e-16,2.6572094045523096e-16,0.8356308108221591,6.019490461639521e-16,2.220446049250313e-16,2.2646974344633017e-16,0.9804603544210418,7.466900361907669e-16,,,,,,,,,56,896,256,0.0019344129996170523,0.00023704799968982115,0.005053790000602021,7,complete,standin-v1,cfb538f0d43ae488,stand-in,a250ae81afc363466076dd397784dfa7e178223a,f2b6f21f8cfddcca,1.0.0
quic_readout,full,True,path,8,7,1,-1,natural,natural = graph_informed,7,1,64,64,1e-14,2,2,0.2662894810612577,0.13645051535122457,0,0,0.0,1.0,0.0,0.0,7.881486286417115e-16,8.601328941187393e-16,8.437169720844774e-16,2.220446049250313e-16,2.6572094045523096e-16,0.8356308108221591,6.019490461639521e-16,2.220446049250313e-16,2.2646974344633017e-16,0.9804603544210418,7.466900361907669e-16,,,,,,,,,56,896,256,0.002097774000503705,0.00025398800062248483,0.005053790000602021,7,complete,standin-v1,cfb538f0d43ae488,stand-in,a250ae81afc363466076dd397784dfa7e178223a,f2b6f21f8cfddcca,1.0.0
quic_readout,full,True,path,8,7,1,-1,natural,natural = graph_informed,7,1,-1,untruncated,1e-14,2,2,0.2662894810612577,0.13645051535122457,0,0,0.0,1.0,0.0,0.0,7.881486286417115e-16,8.601328941187393e-16,8.437169720844774e-16,2.220446049250313e-16,2.6572094045523096e-16,0.8356308108221591,6.019490461639521e-16,2.220446049250313e-16,2.2646974344633017e-16,0.9804603544210418,7.466900361907669e-16,,,,,,,,,56,896,256,0.0018804430001182482,0.00024112300070555648,0.005053790000602021,7,complete,standin-v1,cfb538f0d43ae488,stand-in,a250ae81afc363466076dd397784dfa7e178223a,f2b6f21f8cfddcca,1.0.0
quic_readout,full,True,path,8,7,2,-1,natural,natural = graph_informed,7,1,4,4,1e-14,4,4,0.5791722595228556,0.4219246184222768,0,0,0.0,1.0,-4.440892098500626e-16,0.0,1.4428688169425823e-15,1.2065882689683838e-15,1.1113546606426883e-15,2.220446049250313e-16,4.1133177757178797e-16,0.5398187473766936,5.93275428784068e-16,0.0,0.0,0.8717627629020585,9.588684013461801e-16,,,,,,,,,168,2688,256,0.004941130999213783,0.000679008998304198,0.007960787000229175,14,complete,standin-v1,cfb538f0d43ae488,stand-in,a250ae81afc363466076dd397784dfa7e178223a,f2b6f21f8cfddcca,1.0.0
quic_readout,full,True,path,8,7,2,-1,natural,natural = graph_informed,7,1,8,8,1e-14,4,4,0.5791722595228556,0.4219246184222768,0,0,0.0,1.0,-4.440892098500626e-16,0.0,1.4428688169425823e-15,1.2065882689683838e-15,1.1113546606426883e-15,2.220446049250313e-16,4.1133177757178797e-16,0.5398187473766936,5.93275428784068e-16,0.0,0.0,0.8717627629020585,9.588684013461801e-16,,,,,,,,,168,2688,256,0.00424885299980815,0.0005970379997961572,0.007960787000229175,14,complete,standin-v1,cfb538f0d43ae488,stand-in,a250ae81afc363466076dd397784dfa7e178223a,f2b6f21f8cfddcca,1.0.0
quic_readout,full,True,path,8,7,2,-1,natural,natural = graph_informed,7,1,16,16,1e-14,4,4,0.5791722595228556,0.4219246184222768,0,0,0.0,1.0,-4.440892098500626e-16,0.0,1.4428688169425823e-15,1.2065882689683838e-15,1.1113546606426883e-15,2.220446049250313e-16,4.1133177757178797e-16,0.5398187473766936,5.93275428784068e-16,0.0,0.0,0.8717627629020585,9.588684013461801e-16,,,,,,,,,168,2688,256,0.005244123000011314,0.0006468870005846838,0.007960787000229175,14,complete,standin-v1,cfb538f0d43ae488,stand-in,a250ae81afc363466076dd397784dfa7e178223a,f2b6f21f8cfddcca,1.0.0
quic_readout,full,True,path,8,7,2,-1,natural,natural = graph_informed,7,1,32,32,1e-14,4,4,0.5791722595228556,0.4219246184222768,0,0,0.0,1.0,-4.440892098500626e-16,0.0,1.4428688169425823e-15,1.2065882689683838e-15,1.1113546606426883e-15,2.220446049250313e-16,4.1133177757178797e-16,0.5398187473766936,5.93275428784068e-16,0.0,0.0,0.8717627629020585,9.588684013461801e-16,,,,,,,,,168,2688,256,0.005549575999793888,0.000775718001932546,0.007960787000229175,14,complete,standin-v1,cfb538f0d43ae488,stand-in,a250ae81afc363466076dd397784dfa7e178223a,f2b6f21f8cfddcca,1.0.0
quic_readout,full,True,path,8,7,2,-1,natural,natural = graph_informed,7,1,64,64,1e-14,4,4,0.5791722595228556,0.4219246184222768,0,0,0.0,1.0,-4.440892098500626e-16,0.0,1.4428688169425823e-15,1.2065882689683838e-15,1.1113546606426883e-15,2.220446049250313e-16,4.1133177757178797e-16,0.5398187473766936,5.93275428784068e-16,0.0,0.0,0.8717627629020585,9.588684013461801e-16,,,,,,,,,168,2688,256,0.005807708999782335,0.0007136030008041416,0.007960787000229175,14,complete,standin-v1,cfb538f0d43ae488,stand-in,a250ae81afc363466076dd397784dfa7e178223a,f2b6f21f8cfddcca,1.0.0
quic_readout,full,True,path,8,7,2,-1,natural,natural = graph_informed,7,1,-1,untruncated,1e-14,4,4,0.5791722595228556,0.4219246184222768,0,0,0.0,1.0,-4.440892098500626e-16,0.0,1.4428688169425823e-15,1.2065882689683838e-15,1.1113546606426883e-15,2.220446049250313e-16,4.1133177757178797e-16,0.5398187473766936,5.93275428784068e-16,0.0,0.0,0.8717627629020585,9.588684013461801e-16,,,,,,,,,168,2688,256,0.007027315999948769,0.0008331349981745007,0.007960787000229175,14,complete,standin-v1,cfb538f0d43ae488,stand-in,a250ae81afc363466076dd397784dfa7e178223a,f2b6f21f8cfddcca,1.0.0
quic_readout,full,True,cycle,8,8,1,-1,natural,natural = graph_informed,14,2,4,4,1e-14,4,4,0.16902985813442292,0.15978022563634514,12,6,6.343220861097923e-33,1.0,0.0,0.0,3.864926218169613e-15,1.4521431203774054e-15,1.3054370139129606e-15,1.1102230246251565e-16,1.4619243597911687e-16,0.7594257645339109,1.0286910212542466e-15,2.220446049250313e-16,2.329877312499972e-16,0.9530313194336235,1.1857919160473962e-15,,,,,,,,,168,2688,256,0.007776161000037973,0.001110162002078141,0.005526900999939244,20,complete,standin-v1,cfb538f0d43ae488,stand-in,a250ae81afc363466076dd397784dfa7e178223a,f2b6f21f8cfddcca,1.0.0
quic_readout,full,True,cycle,8,8,1,-1,natural,natural = graph_informed,14,2,8,8,1e-14,4,4,0.16902985813442292,0.15978022563634514,12,6,6.343220861097923e-33,1.0,0.0,0.0,3.864926218169613e-15,1.4521431203774054e-15,1.3054370139129606e-15,1.1102230246251565e-16,1.4619243597911687e-16,0.7594257645339109,1.0286910212542466e-15,2.220446049250313e-16,2.329877312499972e-16,0.9530313194336235,1.1857919160473962e-15,,,,,,,,,168,2688,256,0.005834148999383615,0.0008552690005672048,0.005526900999939244,20,complete,standin-v1,cfb538f0d43ae488,stand-in,a250ae81afc363466076dd397784dfa7e178223a,f2b6f21f8cfddcca,1.0.0
quic_readout,full,True,cycle,8,8,1,-1,natural,natural = graph_informed,14,2,16,16,1e-14,4,4,0.16902985813442292,0.15978022563634514,12,6,6.343220861097923e-33,1.0,0.0,0.0,3.864926218169613e-15,1.4521431203774054e-15,1.3054370139129606e-15,1.1102230246251565e-16,1.4619243597911687e-16,0.7594257645339109,1.0286910212542466e-15,2.220446049250313e-16,2.329877312499972e-16,0.9530313194336235,1.1857919160473962e-15,,,,,,,,,168,2688,256,0.005706474999897182,0.0008625440004834672,0.005526900999939244,20,complete,standin-v1,cfb538f0d43ae488,stand-in,a250ae81afc363466076dd397784dfa7e178223a,f2b6f21f8cfddcca,1.0.0
quic_readout,full,True,cycle,8,8,1,-1,natural,natural = graph_informed,14,2,32,32,1e-14,4,4,0.16902985813442292,0.15978022563634514,12,6,6.343220861097923e-33,1.0,0.0,0.0,3.864926218169613e-15,1.4521431203774054e-15,1.3054370139129606e-15,1.1102230246251565e-16,1.4619243597911687e-16,0.7594257645339109,1.0286910212542466e-15,2.220446049250313e-16,2.329877312499972e-16,0.9530313194336235,1.1857919160473962e-15,,,,,,,,,168,2688,256,0.005788712999674317,0.0009259570006179274,0.005526900999939244,20,complete,standin-v1,cfb538f0d43ae488,stand-in,a250ae81afc363466076dd397784dfa7e178223a,f2b6f21f8cfddcca,1.0.0
quic_readout,full,True,cycle,8,8,1,-1,natural,natural = graph_informed,14,2,64,64,1e-14,4,4,0.16902985813442292,0.15978022563634514,12,6,6.343220861097923e-33,1.0,0.0,0.0,3.864926218169613e-15,1.4521431203774054e-15,1.3054370139129606e-15,1.1102230246251565e-16,1.4619243597911687e-16,0.7594257645339109,1.0286910212542466e-15,2.220446049250313e-16,2.329877312499972e-16,0.9530313194336235,1.1857919160473962e-15,,,,,,,,,168,2688,256,0.005483310000272468,0.0008004360015547718,0.005526900999939244,20,complete,standin-v1,cfb538f0d43ae488,stand-in,a250ae81afc363466076dd397784dfa7e178223a,f2b6f21f8cfddcca,1.0.0
quic_readout,full,True,cycle,8,8,1,-1,natural,natural = graph_informed,14,2,-1,untruncated,1e-14,4,4,0.16902985813442292,0.15978022563634514,12,6,6.343220861097923e-33,1.0,0.0,0.0,3.864926218169613e-15,1.4521431203774054e-15,1.3054370139129606e-15,1.1102230246251565e-16,1.4619243597911687e-16,0.7594257645339109,1.0286910212542466e-15,2.220446049250313e-16,2.329877312499972e-16,0.9530313194336235,1.1857919160473962e-15,,,,,,,,,168,2688,256,0.006018242000209284,0.0009120440008700825,0.005526900999939244,20,complete,standin-v1,cfb538f0d43ae488,stand-in,a250ae81afc363466076dd397784dfa7e178223a,f2b6f21f8cfddcca,1.0.0
quic_readout,full,True,cycle,8,8,2,-1,natural,natural = graph_informed,14,2,4,4,1e-14,4,4,0.618892524075837,0.5530253933779592,24,12,0.0058758988566936935,0.9970650619001852,0.004934127613733796,0.07024334569006374,0.07028676318890661,0.0786469324957822,0.06152119762262514,0.006558369250817486,0.019092543059013412,0.34350422730728586,0.04074981301068309,0.011997762678308765,0.016457584351035837,0.729011161200801,0.04875354181585674,,,,,,,,,168,2688,256,0.013435292000394838,0.002144540998415323,0.011141672000121616,40,complete,standin-v1,cfb538f0d43ae488,stand-in,a250ae81afc363466076dd397784dfa7e178223a,f2b6f21f8cfddcca,1.0.0
quic_readout,full,True,cycle,8,8,2,-1,natural,natural = graph_informed,14,2,8,8,1e-14,8,8,0.6502205929413665,0.5740145259459281,24,12,9.896140487513825e-05,0.9999505180733319,9.896140487486438e-05,0.009947934703990793,0.009948057767032021,0.009317736084607845,0.0083988694643558,0.00042428811756495266,0.0012351758256104388,0.34350422730728586,0.00427969448611603,0.0012299914560458536,0.0016872052466519933,0.729011161200801,0.006373767086242165,,,,,,,,,424,6784,256,0.014680558000691235,0.002570553996520175,0.011141672000121616,40,complete,standin-v1,cfb538f0d43ae488,stand-in,a250ae81afc363466076dd397784dfa7e178223a,f2b6f21f8cfddcca,1.0.0
quic_readout,full,True,cycle,8,8,2,-1,natural,natural = graph_informed,14,2,16,16,1e-14,16,16,0.6517514805570535,0.5746329535574064,24,12,7.853714423301728e-33,1.0,0.0,0.0,5.578471020778109e-15,2.9768396948848252e-15,2.621871903613071e-15,1.1102230246251565e-16,3.2320505436807714e-16,0.34350422730728586,9.783840404509192e-16,2.220446049250313e-16,3.0458327216731144e-16,0.729011161200801,1.7165088794790506e-15,,,,,,,,,680,10880,256,0.01308053699995071,0.002277581002090301,0.011141672000121616,40,complete,standin-v1,cfb538f0d43ae488,stand-in,a250ae81afc363466076dd397784dfa7e178223a,f2b6f21f8cfddcca,1.0.0
quic_readout,full,True,cycle,8,8,2,-1,natural,natural = graph_informed,14,2,32,32,1e-14,16,16,0.6517514805570535,0.5746329535574064,24,12,7.853714423301728e-33,1.0,0.0,0.0,5.578471020778109e-15,2.9768396948848252e-15,2.621871903613071e-15,1.1102230246251565e-16,3.2320505436807714e-16,0.34350422730728586,9.783840404509192e-16,2.220446049250313e-16,3.0458327216731144e-16,0.729011161200801,1.7165088794790506e-15,,,,,,,,,680,10880,256,0.02301834899935784,0.0025581459995009936,0.011141672000121616,40,complete,standin-v1,cfb538f0d43ae488,stand-in,a250ae81afc363466076dd397784dfa7e178223a,f2b6f21f8cfddcca,1.0.0
quic_readout,full,True,cycle,8,8,2,-1,natural,natural = graph_informed,14,2,64,64,1e-14,16,16,0.6517514805570535,0.5746329535574064,24,12,7.853714423301728e-33,1.0,0.0,0.0,5.578471020778109e-15,2.9768396948848252e-15,2.621871903613071e-15,1.1102230246251565e-16,3.2320505436807714e-16,0.34350422730728586,9.783840404509192e-16,2.220446049250313e-16,3.0458327216731144e-16,0.729011161200801,1.7165088794790506e-15,,,,,,,,,680,10880,256,0.014052298999558843,0.002399802999207168,0.011141672000121616,40,complete,standin-v1,cfb538f0d43ae488,stand-in,a250ae81afc363466076dd397784dfa7e178223a,f2b6f21f8cfddcca,1.0.0
quic_readout,full,True,cycle,8,8,2,-1,natural,natural = graph_informed,14,2,-1,untruncated,1e-14,16,16,0.6517514805570535,0.5746329535574064,24,12,7.853714423301728e-33,1.0,0.0,0.0,5.578471020778109e-15,2.9768396948848252e-15,2.621871903613071e-15,1.1102230246251565e-16,3.2320505436807714e-16,0.34350422730728586,9.783840404509192e-16,2.220446049250313e-16,3.0458327216731144e-16,0.729011161200801,1.7165088794790506e-15,,,,,,,,,680,10880,256,0.01372014099979424,0.002463740996972774,0.011141672000121616,40,complete,standin-v1,cfb538f0d43ae488,stand-in,a250ae81afc363466076dd397784dfa7e178223a,f2b6f21f8cfddcca,1.0.0
quic_readout,full,True,reg3,8,12,1,23,natural,natural = graph_informed,28,6,4,4,1e-14,4,4,0.2986984772083354,0.2462245496928345,32,16,0.0008994471980181677,0.9995503300281346,0.0008994663571343375,0.029991104633446522,0.029994477959795214,0.02641153196705513,0.021872617331924787,0.0004742892214103511,0.0011497357337357196,0.4125202057252681,0.009683653939474415,0.0005240106921676757,0.0006346739204232948,0.8256376625940256,0.015651478630833816,,,,,,,,,168,2688,256,0.013884254000004148,0.0021388660052252817,0.005901486999391636,44,complete,standin-v1,cfb538f0d43ae488,stand-in,a250ae81afc363466076dd397784dfa7e178223a,f2b6f21f8cfddcca,1.0.0
quic_readout,full,True,reg3,8,12,1,23,natural,natural = graph_informed,28,6,8,8,1e-14,8,8,0.30568600252557404,0.25050747898445014,32,16,1.6523788834241597e-31,1.0,0.0,0.0,3.3983928639002288e-15,2.2499160195511847e-15,2.1505759954972004e-15,2.220446049250313e-16,5.382635852579534e-16,0.4125202057252681,1.6583956430338276e-15,0.0,0.0,0.8256376625940256,1.972814273054624e-15,,,,,,,,,360,5760,256,0.014463118000094255,0.0024778480001259595,0.005901486999391636,44,complete,standin-v1,cfb538f0d43ae488,stand-in,a250ae81afc363466076dd397784dfa7e178223a,f2b6f21f8cfddcca,1.0.0
quic_readout,full,True,reg3,8,12,1,23,natural,natural = graph_informed,28,6,16,16,1e-14,8,8,0.30568600252557404,0.25050747898445014,32,16,1.6523788834241597e-31,1.0,0.0,0.0,3.3983928639002288e-15,2.2499160195511847e-15,2.1505759954972004e-15,2.220446049250313e-16,5.382635852579534e-16,0.4125202057252681,1.6583956430338276e-15,0.0,0.0,0.8256376625940256,1.972814273054624e-15,,,,,,,,,360,5760,256,0.012647937999645364,0.0020437680004761205,0.005901486999391636,44,complete,standin-v1,cfb538f0d43ae488,stand-in,a250ae81afc363466076dd397784dfa7e178223a,f2b6f21f8cfddcca,1.0.0
quic_readout,full,True,reg3,8,12,1,23,natural,natural = graph_informed,28,6,32,32,1e-14,8,8,0.30568600252557404,0.25050747898445014,32,16,1.6523788834241597e-31,1.0,0.0,0.0,3.3983928639002288e-15,2.2499160195511847e-15,2.1505759954972004e-15,2.220446049250313e-16,5.382635852579534e-16,0.4125202057252681,1.6583956430338276e-15,0.0,0.0,0.8256376625940256,1.972814273054624e-15,,,,,,,,,360,5760,256,0.012190340999950422,0.002126404996488418,0.005901486999391636,44,complete,standin-v1,cfb538f0d43ae488,stand-in,a250ae81afc363466076dd397784dfa7e178223a,f2b6f21f8cfddcca,1.0.0
quic_readout,full,True,reg3,8,12,1,23,natural,natural = graph_informed,28,6,64,64,1e-14,8,8,0.30568600252557404,0.25050747898445014,32,16,1.6523788834241597e-31,1.0,0.0,0.0,3.3983928639002288e-15,2.2499160195511847e-15,2.1505759954972004e-15,2.220446049250313e-16,5.382635852579534e-16,0.4125202057252681,1.6583956430338276e-15,0.0,0.0,0.8256376625940256,1.972814273054624e-15,,,,,,,,,360,5760,256,0.013369792999583296,0.0021177690005060867,0.005901486999391636,44,complete,standin-v1,cfb538f0d43ae488,stand-in,a250ae81afc363466076dd397784dfa7e178223a,f2b6f21f8cfddcca,1.0.0
quic_readout,full,True,reg3,8,12,1,23,natural,natural = graph_informed,28,6,-1,untruncated,1e-14,8,8,0.30568600252557404,0.25050747898445014,32,16,1.6523788834241597e-31,1.0,0.0,0.0,3.3983928639002288e-15,2.2499160195511847e-15,2.1505759954972004e-15,2.220446049250313e-16,5.382635852579534e-16,0.4125202057252681,1.6583956430338276e-15,0.0,0.0,0.8256376625940256,1.972814273054624e-15,,,,,,,,,360,5760,256,0.013610613999844645,0.002298876997883781,0.005901486999391636,44,complete,standin-v1,cfb538f0d43ae488,stand-in,a250ae81afc363466076dd397784dfa7e178223a,f2b6f21f8cfddcca,1.0.0
quic_readout,full,True,reg3,8,12,2,23,natural,natural = graph_informed,28,6,4,4,1e-14,4,4,1.7433221659124496,1.3148211746746363,64,32,0.2940930269452228,0.8574380116908734,0.2690339614165761,0.5186848382366465,0.5385805066206154,0.5794841839961088,0.11921774950917133,0.03249632090428134,0.12152035939468055,0.26741462143588624,0.09111448003510775,0.014406010843591388,0.019638979077185495,0.733541737937222,0.12933590697307062,,,,,,,,,168,2688,256,0.026440449999427074,0.004596636999849579,0.008963770999798726,88,complete,standin-v1,cfb538f0d43ae488,stand-in,a250ae81afc363466076dd397784dfa7e178223a,f2b6f21f8cfddcca,1.0.0
quic_readout,full,True,reg3,8,12,2,23,natural,natural = graph_informed,28,6,8,8,1e-14,8,8,2.487787454480382,1.6239673248897137,64,32,0.0035625045506816207,0.9982188552607005,0.0028480662989366357,0.05336727741731478,0.05338630032370445,0.05033731690753704,0.034873565714524365,0.003934703862107758,0.014713869574447033,0.26741462143588624,0.03416862935233216,0.0038473467858021193,0.005244891444924683,0.733541737937222,0.03011876528797868,,,,,,,,,424,6784,256,0.030027322999558237,0.005587403000390623,0.008963770999798726,88,complete,standin-v1,cfb538f0d43ae488,stand-in,a250ae81afc363466076dd397784dfa7e178223a,f2b6f21f8cfddcca,1.0.0
quic_readout,full,True,reg3,8,12,2,23,natural,natural = graph_informed,28,6,16,16,1e-14,12,16,2.507377168409845,1.6304234103510384,64,32,1.160187685193284e-29,1.0000000000000002,-4.440892098500626e-16,0.0,1.119633096524862e-14,1.0613770062492534e-14,1.0464963314318898e-14,1.7763568394002505e-15,6.642706482772257e-15,0.26741462143588624,6.5954186556638206e-15,4.440892098500626e-16,6.054041465982249e-16,0.733541737937222,8.31799906730879e-15,,,,,,,,,472,7552,256,0.03671390399995289,0.006993809998675715,0.008963770999798726,88,complete,standin-v1,cfb538f0d43ae488,stand-in,a250ae81afc363466076dd397784dfa7e178223a,f2b6f21f8cfddcca,1.0.0
quic_readout,full,True,reg3,8,12,2,23,natural,natural = graph_informed,28,6,32,32,1e-14,12,16,2.507377168409845,1.6304234103510384,64,32,1.160187685193284e-29,1.0000000000000002,-4.440892098500626e-16,0.0,1.119633096524862e-14,1.0613770062492534e-14,1.0464963314318898e-14,1.7763568394002505e-15,6.642706482772257e-15,0.26741462143588624,6.5954186556638206e-15,4.440892098500626e-16,6.054041465982249e-16,0.733541737937222,8.31799906730879e-15,,,,,,,,,472,7552,256,0.02727450000020326,0.005518591997315525,0.008963770999798726,88,complete,standin-v1,cfb538f0d43ae488,stand-in,a250ae81afc363466076dd397784dfa7e178223a,f2b6f21f8cfddcca,1.0.0
quic_readout,full,True,reg3,8,12,2,23,natural,natural = graph_informed,28,6,64,64,1e-14,12,16,2.507377168409845,1.6304234103510384,64,32,1.160187685193284e-29,1.0000000000000002,-4.440892098500626e-16,0.0,1.119633096524862e-14,1.0613770062492534e-14,1.0464963314318898e-14,1.7763568394002505e-15,6.642706482772257e-15,0.26741462143588624,6.5954186556638206e-15,4.440892098500626e-16,6.054041465982249e-16,0.733541737937222,8.31799906730879e-15,,,,,,,,,472,7552,256,0.02819432100022823,0.005554128000767378,0.008963770999798726,88,complete,standin-v1,cfb538f0d43ae488,stand-in,a250ae81afc363466076dd397784dfa7e178223a,f2b6f21f8cfddcca,1.0.0
quic_readout,full,True,reg3,8,12,2,23,natural,natural = graph_informed,28,6,-1,untruncated,1e-14,12,16,2.507377168409845,1.6304234103510384,64,32,1.160187685193284e-29,1.0000000000000002,-4.440892098500626e-16,0.0,1.119633096524862e-14,1.0613770062492534e-14,1.0464963314318898e-14,1.7763568394002505e-15,6.642706482772257e-15,0.26741462143588624,6.5954186556638206e-15,4.440892098500626e-16,6.054041465982249e-16,0.733541737937222,8.31799906730879e-15,,,,,,,,,472,7552,256,0.02600741099922743,0.005013951998989796,0.008963770999798726,88,complete,standin-v1,cfb538f0d43ae488,stand-in,a250ae81afc363466076dd397784dfa7e178223a,f2b6f21f8cfddcca,1.0.0
quic_readout,full,True,path,12,11,1,-1,natural,natural = graph_informed,11,1,4,4,1e-14,2,2,0.2662894810612575,0.11756484761158313,0,0,0.0,1.0,4.440892098500626e-16,2.1073424255447017e-08,9.905128246297393e-16,1.0676891634743406e-15,1.0010708133710458e-15,2.220446049250313e-16,4.050346251750032e-16,0.5482114148366761,7.164407955784213e-16,1.1102230246251565e-16,1.4809720114432783e-16,0.7496583433357332,8.638922910364499e-16,1.1102230246251565e-16,1.2110192500672537e-16,0.9167674457391991,9.550736937424809e-16,3.3306690738754696e-16,3.4081900259215603e-16,0.9772545100312799,9.37191134160048e-16,88,1408,4096,0.0027747720005208976,0.00044297300246398663,0.009214945000167063,11,complete,standin-v1,cfb538f0d43ae488,stand-in,a250ae81afc363466076dd397784dfa7e178223a,f2b6f21f8cfddcca,1.0.0
quic_readout,full,True,path,12,11,1,-1,natural,natural = graph_informed,11,1,8,8,1e-14,2,2,0.2662894810612575,0.11756484761158313,0,0,0.0,1.0,4.440892098500626e-16,2.1073424255447017e-08,9.905128246297393e-16,1.0676891634743406e-15,1.0010708133710458e-15,2.220446049250313e-16,4.050346251750032e-16,0.5482114148366761,7.164407955784213e-16,1.1102230246251565e-16,1.4809720114432783e-16,0.7496583433357332,8.638922910364499e-16,1.1102230246251565e-16,1.2110192500672537e-16,0.9167674457391991,9.550736937424809e-16,3.3306690738754696e-16,3.4081900259215603e-16,0.9772545100312799,9.37191134160048e-16,88,1408,4096,0.0027721710002879263,0.0003873170007864246,0.009214945000167063,11,complete,standin-v1,cfb538f0d43ae488,stand-in,a250ae81afc363466076dd397784dfa7e178223a,f2b6f21f8cfddcca,1.0.0
quic_readout,full,True,path,12,11,1,-1,natural,natural = graph_informed,11,1,16,16,1e-14,2,2,0.2662894810612575,0.11756484761158313,0,0,0.0,1.0,4.440892098500626e-16,2.1073424255447017e-08,9.905128246297393e-16,1.0676891634743406e-15,1.0010708133710458e-15,2.220446049250313e-16,4.050346251750032e-16,0.5482114148366761,7.164407955784213e-16,1.1102230246251565e-16,1.4809720114432783e-16,0.7496583433357332,8.638922910364499e-16,1.1102230246251565e-16,1.2110192500672537e-16,0.9167674457391991,9.550736937424809e-16,3.3306690738754696e-16,3.4081900259215603e-16,0.9772545100312799,9.37191134160048e-16,88,1408,4096,0.0027663099999699625,0.00034133499866584316,0.009214945000167063,11,complete,standin-v1,cfb538f0d43ae488,stand-in,a250ae81afc363466076dd397784dfa7e178223a,f2b6f21f8cfddcca,1.0.0
quic_readout,full,True,path,12,11,1,-1,natural,natural = graph_informed,11,1,32,32,1e-14,2,2,0.2662894810612575,0.11756484761158313,0,0,0.0,1.0,4.440892098500626e-16,2.1073424255447017e-08,9.905128246297393e-16,1.0676891634743406e-15,1.0010708133710458e-15,2.220446049250313e-16,4.050346251750032e-16,0.5482114148366761,7.164407955784213e-16,1.1102230246251565e-16,1.4809720114432783e-16,0.7496583433357332,8.638922910364499e-16,1.1102230246251565e-16,1.2110192500672537e-16,0.9167674457391991,9.550736937424809e-16,3.3306690738754696e-16,3.4081900259215603e-16,0.9772545100312799,9.37191134160048e-16,88,1408,4096,0.0028996770006415318,0.00046331199882843066,0.009214945000167063,11,complete,standin-v1,cfb538f0d43ae488,stand-in,a250ae81afc363466076dd397784dfa7e178223a,f2b6f21f8cfddcca,1.0.0
quic_readout,full,True,path,12,11,1,-1,natural,natural = graph_informed,11,1,64,64,1e-14,2,2,0.2662894810612575,0.11756484761158313,0,0,0.0,1.0,4.440892098500626e-16,2.1073424255447017e-08,9.905128246297393e-16,1.0676891634743406e-15,1.0010708133710458e-15,2.220446049250313e-16,4.050346251750032e-16,0.5482114148366761,7.164407955784213e-16,1.1102230246251565e-16,1.4809720114432783e-16,0.7496583433357332,8.638922910364499e-16,1.1102230246251565e-16,1.2110192500672537e-16,0.9167674457391991,9.550736937424809e-16,3.3306690738754696e-16,3.4081900259215603e-16,0.9772545100312799,9.37191134160048e-16,88,1408,4096,0.003211663000001863,0.0004201239980829996,0.009214945000167063,11,complete,standin-v1,cfb538f0d43ae488,stand-in,a250ae81afc363466076dd397784dfa7e178223a,f2b6f21f8cfddcca,1.0.0
quic_readout,full,True,path,12,11,1,-1,natural,natural = graph_informed,11,1,-1,untruncated,1e-14,2,2,0.2662894810612575,0.11756484761158313,0,0,0.0,1.0,4.440892098500626e-16,2.1073424255447017e-08,9.905128246297393e-16,1.0676891634743406e-15,1.0010708133710458e-15,2.220446049250313e-16,4.050346251750032e-16,0.5482114148366761,7.164407955784213e-16,1.1102230246251565e-16,1.4809720114432783e-16,0.7496583433357332,8.638922910364499e-16,1.1102230246251565e-16,1.2110192500672537e-16,0.9167674457391991,9.550736937424809e-16,3.3306690738754696e-16,3.4081900259215603e-16,0.9772545100312799,9.37191134160048e-16,88,1408,4096,0.002705959999730112,0.00033013199754350353,0.009214945000167063,11,complete,standin-v1,cfb538f0d43ae488,stand-in,a250ae81afc363466076dd397784dfa7e178223a,f2b6f21f8cfddcca,1.0.0
quic_readout,full,True,path,12,11,2,-1,natural,natural = graph_informed,11,1,4,4,1e-14,4,4,0.5791722595228557,0.3869977536427314,0,0,0.0,1.0,-1.7763568394002505e-15,0.0,1.5162963024421072e-15,1.5534832539176532e-15,1.3792709171614275e-15,5.551115123125783e-17,4.822895519498011e-16,0.1150992199744681,5.204170427930421e-16,2.220446049250313e-16,7.70381307697161e-16,0.2882268854481574,6.4791921827733745e-16,3.3306690738754696e-16,5.716559965405092e-16,0.5826352026448914,9.382685600689555e-16,2.220446049250313e-16,2.776069891007253e-16,0.7998523583441408,1.1412854168668662e-15,296,4736,4096,0.01180722400022205,0.0011066330007452052,0.023731946000225435,22,complete,standin-v1,cfb538f0d43ae488,stand-in,a250ae81afc363466076dd397784dfa7e178223a,f2b6f21f8cfddcca,1.0.0
quic_readout,full,True,path,12,11,2,-1,natural,natural = graph_informed,11,1,8,8,1e-14,4,4,0.5791722595228557,0.3869977536427314,0,0,0.0,1.0,-1.7763568394002505e-15,0.0,1.5162963024421072e-15,1.5534832539176532e-15,1.3792709171614275e-15,5.551115123125783e-17,4.822895519498011e-16,0.1150992199744681,5.204170427930421e-16,2.220446049250313e-16,7.70381307697161e-16,0.2882268854481574,6.4791921827733745e-16,3.3306690738754696e-16,5.716559965405092e-16,0.5826352026448914,9.382685600689555e-16,2.220446049250313e-16,2.776069891007253e-16,0.7998523583441408,1.1412854168668662e-15,296,4736,4096,0.010649204000401369,0.0009173489988825168,0.023731946000225435,22,complete,standin-v1,cfb538f0d43ae488,stand-in,a250ae81afc363466076dd397784dfa7e178223a,f2b6f21f8cfddcca,1.0.0
quic_readout,full,True,path,12,11,2,-1,natural,natural = graph_informed,11,1,16,16,1e-14,4,4,0.5791722595228557,0.3869977536427314,0,0,0.0,1.0,-1.7763568394002505e-15,0.0,1.5162963024421072e-15,1.5534832539176532e-15,1.3792709171614275e-15,5.551115123125783e-17,4.822895519498011e-16,0.1150992199744681,5.204170427930421e-16,2.220446049250313e-16,7.70381307697161e-16,0.2882268854481574,6.4791921827733745e-16,3.3306690738754696e-16,5.716559965405092e-16,0.5826352026448914,9.382685600689555e-16,2.220446049250313e-16,2.776069891007253e-16,0.7998523583441408,1.1412854168668662e-15,296,4736,4096,0.007485186999474536,0.0010133460000361083,0.023731946000225435,22,complete,standin-v1,cfb538f0d43ae488,stand-in,a250ae81afc363466076dd397784dfa7e178223a,f2b6f21f8cfddcca,1.0.0
quic_readout,full,True,path,12,11,2,-1,natural,natural = graph_informed,11,1,32,32,1e-14,4,4,0.5791722595228557,0.3869977536427314,0,0,0.0,1.0,-1.7763568394002505e-15,0.0,1.5162963024421072e-15,1.5534832539176532e-15,1.3792709171614275e-15,5.551115123125783e-17,4.822895519498011e-16,0.1150992199744681,5.204170427930421e-16,2.220446049250313e-16,7.70381307697161e-16,0.2882268854481574,6.4791921827733745e-16,3.3306690738754696e-16,5.716559965405092e-16,0.5826352026448914,9.382685600689555e-16,2.220446049250313e-16,2.776069891007253e-16,0.7998523583441408,1.1412854168668662e-15,296,4736,4096,0.007075664000694815,0.0008803969994914951,0.023731946000225435,22,complete,standin-v1,cfb538f0d43ae488,stand-in,a250ae81afc363466076dd397784dfa7e178223a,f2b6f21f8cfddcca,1.0.0
quic_readout,full,True,path,12,11,2,-1,natural,natural = graph_informed,11,1,64,64,1e-14,4,4,0.5791722595228557,0.3869977536427314,0,0,0.0,1.0,-1.7763568394002505e-15,0.0,1.5162963024421072e-15,1.5534832539176532e-15,1.3792709171614275e-15,5.551115123125783e-17,4.822895519498011e-16,0.1150992199744681,5.204170427930421e-16,2.220446049250313e-16,7.70381307697161e-16,0.2882268854481574,6.4791921827733745e-16,3.3306690738754696e-16,5.716559965405092e-16,0.5826352026448914,9.382685600689555e-16,2.220446049250313e-16,2.776069891007253e-16,0.7998523583441408,1.1412854168668662e-15,296,4736,4096,0.006178347999593825,0.0008186049999494571,0.023731946000225435,22,complete,standin-v1,cfb538f0d43ae488,stand-in,a250ae81afc363466076dd397784dfa7e178223a,f2b6f21f8cfddcca,1.0.0
quic_readout,full,True,path,12,11,2,-1,natural,natural = graph_informed,11,1,-1,untruncated,1e-14,4,4,0.5791722595228557,0.3869977536427314,0,0,0.0,1.0,-1.7763568394002505e-15,0.0,1.5162963024421072e-15,1.5534832539176532e-15,1.3792709171614275e-15,5.551115123125783e-17,4.822895519498011e-16,0.1150992199744681,5.204170427930421e-16,2.220446049250313e-16,7.70381307697161e-16,0.2882268854481574,6.4791921827733745e-16,3.3306690738754696e-16,5.716559965405092e-16,0.5826352026448914,9.382685600689555e-16,2.220446049250313e-16,2.776069891007253e-16,0.7998523583441408,1.1412854168668662e-15,296,4736,4096,0.00674178299959749,0.0009100709976337384,0.023731946000225435,22,complete,standin-v1,cfb538f0d43ae488,stand-in,a250ae81afc363466076dd397784dfa7e178223a,f2b6f21f8cfddcca,1.0.0
quic_readout,full,True,cycle,12,12,1,-1,natural,natural = graph_informed,22,2,4,4,1e-14,4,4,0.16902985813442292,0.16314372836291813,20,10,1.0011800476076633e-32,1.0,-4.440892098500626e-16,0.0,3.208606102644424e-15,3.0854529628534558e-15,2.8385847074503775e-15,5.551115123125783e-17,1.1174824041953808e-16,0.4967519043060677,1.6028844918025698e-15,1.1102230246251565e-16,1.6433385971524983e-16,0.6755899402283254,2.2104713892634464e-15,0.0,0.0,0.8699547061588853,2.561969733583247e-15,0.0,0.0,0.9565573023130577,2.7525589229790426e-15,296,4736,4096,0.008655324999381264,0.0012684650000664988,0.007352683000135585,32,complete,standin-v1,cfb538f0d43ae488,stand-in,a250ae81afc363466076dd397784dfa7e178223a,f2b6f21f8cfddcca,1.0.0
quic_readout,full,True,cycle,12,12,1,-1,natural,natural = graph_informed,22,2,8,8,1e-14,4,4,0.16902985813442292,0.16314372836291813,20,10,1.0011800476076633e-32,1.0,-4.440892098500626e-16,0.0,3.208606102644424e-15,3.0854529628534558e-15,2.8385847074503775e-15,5.551115123125783e-17,1.1174824041953808e-16,0.4967519043060677,1.6028844918025698e-15,1.1102230246251565e-16,1.6433385971524983e-16,0.6755899402283254,2.2104713892634464e-15,0.0,0.0,0.8699547061588853,2.561969733583247e-15,0.0,0.0,0.9565573023130577,2.7525589229790426e-15,296,4736,4096,0.007868695000070147,0.0012453600002118037,0.007352683000135585,32,complete,standin-v1,cfb538f0d43ae488,stand-in,a250ae81afc363466076dd397784dfa7e178223a,f2b6f21f8cfddcca,1.0.0
quic_readout,full,True,cycle,12,12,1,-1,natural,natural = graph_informed,22,2,16,16,1e-14,4,4,0.16902985813442292,0.16314372836291813,20,10,1.0011800476076633e-32,1.0,-4.440892098500626e-16,0.0,3.208606102644424e-15,3.0854529628534558e-15,2.8385847074503775e-15,5.551115123125783e-17,1.1174824041953808e-16,0.4967519043060677,1.6028844918025698e-15,1.1102230246251565e-16,1.6433385971524983e-16,0.6755899402283254,2.2104713892634464e-15,0.0,0.0,0.8699547061588853,2.561969733583247e-15,0.0,0.0,0.9565573023130577,2.7525589229790426e-15,296,4736,4096,0.009761341999364959,0.002944497996395512,0.007352683000135585,32,complete,standin-v1,cfb538f0d43ae488,stand-in,a250ae81afc363466076dd397784dfa7e178223a,f2b6f21f8cfddcca,1.0.0
quic_readout,full,True,cycle,12,12,1,-1,natural,natural = graph_informed,22,2,32,32,1e-14,4,4,0.16902985813442292,0.16314372836291813,20,10,1.0011800476076633e-32,1.0,-4.440892098500626e-16,0.0,3.208606102644424e-15,3.0854529628534558e-15,2.8385847074503775e-15,5.551115123125783e-17,1.1174824041953808e-16,0.4967519043060677,1.6028844918025698e-15,1.1102230246251565e-16,1.6433385971524983e-16,0.6755899402283254,2.2104713892634464e-15,0.0,0.0,0.8699547061588853,2.561969733583247e-15,0.0,0.0,0.9565573023130577,2.7525589229790426e-15,296,4736,4096,0.007538484000178869,0.0012529780042314087,0.007352683000135585,32,complete,standin-v1,cfb538f0d43ae488,stand-in,a250ae81afc363466076dd397784dfa7e178223a,f2b6f21f8cfddcca,1.0.0
quic_readout,full,True,cycle,12,12,1,-1,natural,natural = graph_informed,22,2,64,64,1e-14,4,4,0.16902985813442292,0.16314372836291813,20,10,1.0011800476076633e-32,1.0,-4.440892098500626e-16,0.0,3.208606102644424e-15,3.0854529628534558e-15,2.8385847074503775e-15,5.551115123125783e-17,1.1174824041953808e-16,0.4967519043060677,1.6028844918025698e-15,1.1102230246251565e-16,1.6433385971524983e-16,0.6755899402283254,2.2104713892634464e-15,0.0,0.0,0.8699547061588853,2.561969733583247e-15,0.0,0.0,0.9565573023130577,2.7525589229790426e-15,296,4736,4096,0.008123704000354337,0.0014180649995978456,0.007352683000135585,32,complete,standin-v1,cfb538f0d43ae488,stand-in,a250ae81afc363466076dd397784dfa7e178223a,f2b6f21f8cfddcca,1.0.0
quic_readout,full,True,cycle,12,12,1,-1,natural,natural = graph_informed,22,2,-1,untruncated,1e-14,4,4,0.16902985813442292,0.16314372836291813,20,10,1.0011800476076633e-32,1.0,-4.440892098500626e-16,0.0,3.208606102644424e-15,3.0854529628534558e-15,2.8385847074503775e-15,5.551115123125783e-17,1.1174824041953808e-16,0.4967519043060677,1.6028844918025698e-15,1.1102230246251565e-16,1.6433385971524983e-16,0.6755899402283254,2.2104713892634464e-15,0.0,0.0,0.8699547061588853,2.561969733583247e-15,0.0,0.0,0.9565573023130577,2.7525589229790426e-15,296,4736,4096,0.008028952999666217,0.001174522996734595,0.007352683000135585,32,complete,standin-v1,cfb538f0d43ae488,stand-in,a250ae81afc363466076dd397784dfa7e178223a,f2b6f21f8cfddcca,1.0.0
quic_readout,full,True,cycle,12,12,2,-1,natural,natural = graph_informed,22,2,4,4,1e-14,4,4,0.6116593696838118,0.5687063537055654,40,20,0.011684114698281171,0.9941727530325773,0.009849017305192609,0.09924221533799318,0.09936492466708977,0.11120579669682064,0.040061298265030826,0.0009213181088559563,0.012854905986349098,0.07167054429136424,0.0471575365719548,0.00504350844954779,0.02823686824091337,0.1786142998053898,0.04929344467907637,0.013372729511282877,0.03257855064698369,0.4104765020454034,0.04314744848967148,0.013717358702323379,0.021105432615107503,0.6499444457018304,0.038347087911963826,296,4736,4096,0.018082184999911988,0.0031351820016425336,0.013737363000473124,64,complete,standin-v1,cfb538f0d43ae488,stand-in,a250ae81afc363466076dd397784dfa7e178223a,f2b6f21f8cfddcca,1.0.0
quic_readout,full,True,cycle,12,12,2,-1,natural,natural = graph_informed,22,2,8,8,1e-14,8,8,0.6493048399979543,0.6008757467624354,40,20,0.00022544291986463283,0.999887281441964,0.00022542441059858476,0.015014140354964874,0.015014563465913656,0.013672633776205692,0.007697099970737139,0.00012019156441760159,0.0016770008600602154,0.07167054429136424,0.003082605729060141,2.4707785339112e-05,0.00013833038769030533,0.1786142998053898,0.004270087432956328,0.0002550302412760441,0.0006213029004223848,0.4104765020454034,0.005723781635115094,0.0005148114534182513,0.0007920853187111119,0.6499444457018304,0.0062173868631282166,936,14976,4096,0.020105246000639454,0.004184356995210692,0.013737363000473124,64,complete,standin-v1,cfb538f0d43ae488,stand-in,a250ae81afc363466076dd397784dfa7e178223a,f2b6f21f8cfddcca,1.0.0
quic_readout,full,True,cycle,12,12,2,-1,natural,natural = graph_informed,22,2,16,16,1e-14,16,16,0.6517514805570533,0.6026760542845496,40,20,5.486005475234858e-32,1.0,4.440892098500626e-16,2.1073424255447017e-08,7.0691723601932536e-15,7.095158221316066e-15,6.6430150516265954e-15,5.551115123125783e-17,7.745322960794997e-16,0.07167054429136424,2.8102520310824275e-15,1.1102230246251565e-16,6.215756665814587e-16,0.1786142998053898,3.783431901105416e-15,1.1102230246251565e-16,2.704717612562273e-16,0.4104765020454034,4.737746653327157e-15,0.0,0.0,0.6499444457018304,5.439171248816654e-15,2728,43648,4096,0.02025515399964206,0.004116341002372792,0.013737363000473124,64,complete,standin-v1,cfb538f0d43ae488,stand-in,a250ae81afc363466076dd397784dfa7e178223a,f2b6f21f8cfddcca,1.0.0
quic_readout,full,True,cycle,12,12,2,-1,natural,natural = graph_informed,22,2,32,32,1e-14,16,16,0.6517514805570533,0.6026760542845496,40,20,5.486005475234858e-32,1.0,4.440892098500626e-16,2.1073424255447017e-08,7.0691723601932536e-15,7.095158221316066e-15,6.6430150516265954e-15,5.551115123125783e-17,7.745322960794997e-16,0.07167054429136424,2.8102520310824275e-15,1.1102230246251565e-16,6.215756665814587e-16,0.1786142998053898,3.783431901105416e-15,1.1102230246251565e-16,2.704717612562273e-16,0.4104765020454034,4.737746653327157e-15,0.0,0.0,0.6499444457018304,5.439171248816654e-15,2728,43648,4096,0.03777235899997322,0.009176411997941614,0.013737363000473124,64,complete,standin-v1,cfb538f0d43ae488,stand-in,a250ae81afc363466076dd397784dfa7e178223a,f2b6f21f8cfddcca,1.0.0
quic_readout,full,True,cycle,12,12,2,-1,natural,natural = graph_informed,22,2,64,64,1e-14,16,16,0.6517514805570533,0.6026760542845496,40,20,5.486005475234858e-32,1.0,4.440892098500626e-16,2.1073424255447017e-08,7.0691723601932536e-15,7.095158221316066e-15,6.6430150516265954e-15,5.551115123125783e-17,7.745322960794997e-16,0.07167054429136424,2.8102520310824275e-15,1.1102230246251565e-16,6.215756665814587e-16,0.1786142998053898,3.783431901105416e-15,1.1102230246251565e-16,2.704717612562273e-16,0.4104765020454034,4.737746653327157e-15,0.0,0.0,0.6499444457018304,5.439171248816654e-15,2728,43648,4096,0.040508212000531785,0.0043204300018260255,0.013737363000473124,64,complete,standin-v1,cfb538f0d43ae488,stand-in,a250ae81afc363466076dd397784dfa7e178223a,f2b6f21f8cfddcca,1.0.0
quic_readout,full,True,cycle,12,12,2,-1,natural,natural = graph_informed,22,2,-1,untruncated,1e-14,16,16,0.6517514805570533,0.6026760542845496,40,20,5.486005475234858e-32,1.0,4.440892098500626e-16,2.1073424255447017e-08,7.0691723601932536e-15,7.095158221316066e-15,6.6430150516265954e-15,5.551115123125783e-17,7.745322960794997e-16,0.07167054429136424,2.8102520310824275e-15,1.1102230246251565e-16,6.215756665814587e-16,0.1786142998053898,3.783431901105416e-15,1.1102230246251565e-16,2.704717612562273e-16,0.4104765020454034,4.737746653327157e-15,0.0,0.0,0.6499444457018304,5.439171248816654e-15,2728,43648,4096,0.04113695300020481,0.012134515999605355,0.013737363000473124,64,complete,standin-v1,cfb538f0d43ae488,stand-in,a250ae81afc363466076dd397784dfa7e178223a,f2b6f21f8cfddcca,1.0.0
quic_readout,full,True,reg3,12,18,1,23,natural,natural,68,9,4,4,1e-14,4,4,0.4266141938238435,0.2965446779659272,100,50,0.020612149998166133,0.9897265189040938,0.02031974381536017,0.14254733885751839,0.1429126623364167,0.1664561600090242,0.04701261167752226,0.001292424128217215,0.021297550246955566,0.060684168518487895,0.010283789498502137,0.00463844832679397,0.021566547192831523,0.21507607524378025,0.012877603329140105,0.005113297668564276,0.009940820986194514,0.5143737801601553,0.054234881902916934,0.00946792680415065,0.01212292705838113,0.7809934645779332,0.04285198599712094,296,4736,4096,0.06221797699981835,0.010463111007993575,0.017719404000672512,118,complete,standin-v1,cfb538f0d43ae488,stand-in,a250ae81afc363466076dd397784dfa7e178223a,f2b6f21f8cfddcca,1.0.0
quic_readout,full,True,reg3,12,18,1,23,natural,natural,68,9,8,8,1e-14,8,8,0.5652000978661532,0.37543221288916634,100,50,0.0022812992289917267,0.9988598144391259,0.002285279567707632,0.04780459776744944,0.047818267297950266,0.041413321620159746,0.016265630802331198,0.001011848243982219,0.0166740068898522,0.060684168518487895,0.011990152066701586,0.0012456903059643587,0.005791859018035445,0.21507607524378025,0.010620354069827479,0.001604579529822736,0.003119481574902855,0.5143737801601553,0.011488284975571009,0.0024325378886144167,0.0031146712475103953,0.7809934645779332,0.014780077408267624,936,14976,4096,0.052469236999968416,0.008158572006323084,0.017719404000672512,118,complete,standin-v1,cfb538f0d43ae488,stand-in,a250ae81afc363466076dd397784dfa7e178223a,f2b6f21f8cfddcca,1.0.0
quic_readout,full,True,reg3,12,18,1,23,natural,natural,68,9,16,16,1e-14,16,16,0.5892143655826545,0.3884189569558929,100,50,6.37148284858012e-05,0.9999681425878182,6.489109812479743e-05,0.00805550110947776,0.008055566452694821,0.004433533563326581,0.002735247968724455,5.020090644576591e-06,8.272488141692479e-05,0.060684168518487895,0.0012002202862409564,8.316723775764201e-05,0.00038668753678611266,0.21507607524378025,0.0013647208411683345,7.89357433058635e-05,0.0001534598891904756,0.5143737801601553,0.001758212415346015,0.00020069566685798623,0.0002569748352074198,0.7809934645779332,0.0022298044868146343,2344,37504,4096,0.048804549999658775,0.011144633998810605,0.017719404000672512,118,complete,standin-v1,cfb538f0d43ae488,stand-in,a250ae81afc363466076dd397784dfa7e178223a,f2b6f21f8cfddcca,1.0.0
quic_readout,full,True,reg3,12,18,1,23,natural,natural,68,9,32,32,1e-14,32,32,0.5902659447827433,0.38896971758622384,100,50,9.578422870407763e-31,1.0000000000000004,0.0,0.0,4.2757833378583825e-14,6.212304904525938e-14,6.20048551265907e-14,8.049116928532385e-16,1.3263948613022785e-14,0.060684168518487895,6.684930387024224e-14,6.328271240363392e-15,2.942340859247383e-14,0.21507607524378025,6.203371150093062e-14,9.992007221626409e-15,1.942557651075313e-14,0.5143737801601553,6.096382079712193e-14,7.993605777301127e-15,1.0235176272084499e-14,0.7809934645779332,6.100252681467966e-14,4904,78464,4096,0.1007247979996464,0.02944991101139749,0.017719404000672512,118,complete,standin-v1,cfb538f0d43ae488,stand-in,a250ae81afc363466076dd397784dfa7e178223a,f2b6f21f8cfddcca,1.0.0
quic_readout,full,True,reg3,12,18,1,23,natural,natural,68,9,64,64,1e-14,32,32,0.5902659447827433,0.38896971758622384,100,50,9.578422870407763e-31,1.0000000000000004,0.0,0.0,4.2757833378583825e-14,6.212304904525938e-14,6.20048551265907e-14,8.049116928532385e-16,1.3263948613022785e-14,0.060684168518487895,6.684930387024224e-14,6.328271240363392e-15,2.942340859247383e-14,0.21507607524378025,6.203371150093062e-14,9.992007221626409e-15,1.942557651075313e-14,0.5143737801601553,6.096382079712193e-14,7.993605777301127e-15,1.0235176272084499e-14,0.7809934645779332,6.100252681467966e-14,4904,78464,4096,0.10551629699966725,0.03807358399262739,0.017719404000672512,118,complete,standin-v1,cfb538f0d43ae488,stand-in,a250ae81afc363466076dd397784dfa7e178223a,f2b6f21f8cfddcca,1.0.0
quic_readout,full,True,reg3,12,18,1,23,natural,natural,68,9,-1,untruncated,1e-14,32,32,0.5902659447827433,0.38896971758622384,100,50,9.578422870407763e-31,1.0000000000000004,0.0,0.0,4.2757833378583825e-14,6.212304904525938e-14,6.20048551265907e-14,8.049116928532385e-16,1.3263948613022785e-14,0.060684168518487895,6.684930387024224e-14,6.328271240363392e-15,2.942340859247383e-14,0.21507607524378025,6.203371150093062e-14,9.992007221626409e-15,1.942557651075313e-14,0.5143737801601553,6.096382079712193e-14,7.993605777301127e-15,1.0235176272084499e-14,0.7809934645779332,6.100252681467966e-14,4904,78464,4096,0.10477496600015002,0.02975096700083668,0.017719404000672512,118,complete,standin-v1,cfb538f0d43ae488,stand-in,a250ae81afc363466076dd397784dfa7e178223a,f2b6f21f8cfddcca,1.0.0
quic_readout,full,True,reg3,12,18,1,23,bfs,graph_informed,44,5,4,4,1e-14,4,4,0.3412500924853623,0.25389294626775927,52,26,0.008990510560757224,0.9955090886936843,0.009217531370100063,0.0960079755546385,0.09611904365094333,0.11288040911802519,0.035388237326087174,8.112613051888123e-05,0.0013368582366612726,0.060684168518487895,0.00884176128112163,0.002476284738930551,0.011513529508680962,0.21507607524378025,0.013284499679379889,0.000633596906962075,0.0012317830562140987,0.5143737801601553,0.03710808565228055,0.005303731605812101,0.006791006386562222,0.7809934645779332,0.03478231494302626,296,4736,4096,0.04724491799970565,0.0036187849973430275,0.017719404000672512,70,complete,standin-v1,cfb538f0d43ae488,stand-in,a250ae81afc363466076dd397784dfa7e178223a,f2b6f21f8cfddcca,1.0.0
quic_readout,full,True,reg3,12,18,1,23,bfs,graph_informed,44,5,8,8,1e-14,8,8,0.3697370773116501,0.28036558429249064,52,26,0.0005133764337909278,0.9997433228447392,0.0005470827565221548,0.023389800266829016,0.023391400169363627,0.016887685312080895,0.0073993391859118835,4.7750712704949794e-05,0.0007868726534565959,0.060684168518487895,0.0027205976089214184,0.0005828872717356937,0.002710144636380471,0.21507607524378025,0.004494794154232247,0.0007733868770352093,0.0015035503496978553,0.5143737801601553,0.005842529839308389,0.00019068094252561174,0.0002441517774142452,0.7809934645779332,0.0063893688892441465,936,14976,4096,0.036755953000465524,0.004188923999208782,0.017719404000672512,70,complete,standin-v1,cfb538f0d43ae488,stand-in,a250ae81afc363466076dd397784dfa7e178223a,f2b6f21f8cfddcca,1.0.0
quic_readout,full,True,reg3,12,18,1,23,bfs,graph_informed,44,5,16,16,1e-14,16,16,0.3726396877272343,0.28270148019318503,52,26,6.13854823120196e-31,0.9999999999999998,-1.3322676295501878e-15,0.0,1.3189981017193939e-14,1.8009048428579482e-14,1.7890812370021675e-14,4.926614671774132e-16,8.118451306246705e-15,0.060684168518487895,1.6556200854722647e-14,1.8318679906315083e-15,8.517302487295057e-15,0.21507607524378025,1.5296791611163485e-14,2.220446049250313e-15,4.316794780167363e-15,0.5143737801601553,1.676458451227436e-14,2.3314683517128287e-15,2.9852597460246455e-15,0.7809934645779332,1.7036339786807853e-14,1192,19072,4096,0.023549718000140274,0.0046109719969535945,0.017719404000672512,70,complete,standin-v1,cfb538f0d43ae488,stand-in,a250ae81afc363466076dd397784dfa7e178223a,f2b6f21f8cfddcca,1.0.0
quic_readout,full,True,reg3,12,18,1,23,bfs,graph_informed,44,5,32,32,1e-14,16,16,0.3726396877272343,0.28270148019318503,52,26,6.13854823120196e-31,0.9999999999999998,-1.3322676295501878e-15,0.0,1.3189981017193939e-14,1.8009048428579482e-14,1.7890812370021675e-14,4.926614671774132e-16,8.118451306246705e-15,0.060684168518487895,1.6556200854722647e-14,1.8318679906315083e-15,8.517302487295057e-15,0.21507607524378025,1.5296791611163485e-14,2.220446049250313e-15,4.316794780167363e-15,0.5143737801601553,1.676458451227436e-14,2.3314683517128287e-15,2.9852597460246455e-15,0.7809934645779332,1.7036339786807853e-14,1192,19072,4096,0.02544457199928729,0.004925195002215332,0.017719404000672512,70,complete,standin-v1,cfb538f0d43ae488,stand-in,a250ae81afc363466076dd397784dfa7e178223a,f2b6f21f8cfddcca,1.0.0
quic_readout,full,True,reg3,12,18,1,23,bfs,graph_informed,44,5,64,64,1e-14,16,16,0.3726396877272343,0.28270148019318503,52,26,6.13854823120196e-31,0.9999999999999998,-1.3322676295501878e-15,0.0,1.3189981017193939e-14,1.8009048428579482e-14,1.7890812370021675e-14,4.926614671774132e-16,8.118451306246705e-15,0.060684168518487895,1.6556200854722647e-14,1.8318679906315083e-15,8.517302487295057e-15,0.21507607524378025,1.5296791611163485e-14,2.220446049250313e-15,4.316794780167363e-15,0.5143737801601553,1.676458451227436e-14,2.3314683517128287e-15,2.9852597460246455e-15,0.7809934645779332,1.7036339786807853e-14,1192,19072,4096,0.023677716999372933,0.0047566319999532425,0.017719404000672512,70,complete,standin-v1,cfb538f0d43ae488,stand-in,a250ae81afc363466076dd397784dfa7e178223a,f2b6f21f8cfddcca,1.0.0
quic_readout,full,True,reg3,12,18,1,23,bfs,graph_informed,44,5,-1,untruncated,1e-14,16,16,0.3726396877272343,0.28270148019318503,52,26,6.13854823120196e-31,0.9999999999999998,-1.3322676295501878e-15,0.0,1.3189981017193939e-14,1.8009048428579482e-14,1.7890812370021675e-14,4.926614671774132e-16,8.118451306246705e-15,0.060684168518487895,1.6556200854722647e-14,1.8318679906315083e-15,8.517302487295057e-15,0.21507607524378025,1.5296791611163485e-14,2.220446049250313e-15,4.316794780167363e-15,0.5143737801601553,1.676458451227436e-14,2.3314683517128287e-15,2.9852597460246455e-15,0.7809934645779332,1.7036339786807853e-14,1192,19072,4096,0.025573156000064046,0.005055927006651473,0.017719404000672512,70,complete,standin-v1,cfb538f0d43ae488,stand-in,a250ae81afc363466076dd397784dfa7e178223a,f2b6f21f8cfddcca,1.0.0
quic_readout,full,True,reg3,12,18,2,23,natural,natural,68,9,4,4,1e-14,4,4,1.803182914082496,1.2410847398073586,200,100,0.9504646747379654,0.6076299170155217,0.7019511160057,0.837825229988749,0.9529548415358796,1.0842387318766074,0.19109985683147473,0.023850827300149667,0.4580694431469249,0.052068147432614405,0.11063436138333305,0.03249202953192648,0.19116097658890877,0.16997208379930237,0.14427408467475417,0.03403759725749844,0.06771010629312442,0.5026959655054444,0.1902532937125147,0.05727039302062498,0.07375596319409561,0.7764849178352219,0.16731984653562862,296,4736,4096,0.07203495900012058,0.014000110992128612,0.017217588000676187,236,complete,standin-v1,cfb538f0d43ae488,stand-in,a250ae81afc363466076dd397784dfa7e178223a,f2b6f21f8cfddcca,1.0.0
quic_readout,full,True,reg3,12,18,2,23,natural,natural,68,9,8,8,1e-14,8,8,2.7325652457615037,1.8603428939530595,200,100,0.5386395097657888,0.7553009904125801,0.4833945425999413,0.6952658071557534,0.7499963873371805,0.8433336759116326,0.253967176429597,0.003543769980202373,0.06806022789246827,0.052068147432614405,0.048028040489311634,0.006645476017169721,0.039097455703470035,0.16997208379930237,0.07592067631792276,0.08935825258829139,0.17775804605562048,0.5026959655054444,0.11986627050110182,0.11500312099960508,0.14810734678559453,0.7764849178352219,0.13555753587370317,936,14976,4096,0.07732771900009539,0.019970764004938246,0.017217588000676187,236,complete,standin-v1,cfb538f0d43ae488,stand-in,a250ae81afc363466076dd397784dfa7e178223a,f2b6f21f8cfddcca,1.0.0
quic_readout,full,True,reg3,12,18,2,23,natural,natural,68,9,16,16,1e-14,16,16,3.5789279543008394,2.2693437763877387,200,100,0.18283894680300733,0.910041268243686,0.1887242952912782,0.43442409612184063,0.44562664640434196,0.5037932925380468,0.22516927266915465,0.0025423268360996315,0.048826911681270437,0.052068147432614405,0.031982794737237676,0.01564987154581665,0.0920731875258735,0.16997208379930237,0.04508144036482825,0.08960929262577477,0.1782574334681114,0.5026959655054444,0.07475050340832487,0.09616543206895656,0.12384713451622231,0.7764849178352219,0.11583332785417212,2728,43648,4096,0.11856886799978383,0.041308135002509516,0.017217588000676187,236,complete,standin-v1,cfb538f0d43ae488,stand-in,a250ae81afc363466076dd397784dfa7e178223a,f2b6f21f8cfddcca,1.0.0
quic_readout,full,True,reg3,12,18,2,23,natural,natural,68,9,32,32,1e-14,32,32,4.203383099944267,2.563124134304486,200,100,0.0009733605089331193,0.9995133593169548,0.0009202474493746893,0.030335580584104356,0.03033907151985948,0.031014506574105788,0.009977531879476158,0.00020930860888505182,0.004019897369230104,0.052068147432614405,0.016434899086913597,0.0009601474827241607,0.005648853983915808,0.16997208379930237,0.013632924311217801,4.0394459922987735e-05,8.035564773704206e-05,0.5026959655054444,0.009794454235046003,0.00022274259297005994,0.0002868601666997584,0.7764849178352219,0.009939764196690438,6824,109184,4096,1.36873249799919,0.5212446270033979,0.017217588000676187,236,complete,standin-v1,cfb538f0d43ae488,stand-in,a250ae81afc363466076dd397784dfa7e178223a,f2b6f21f8cfddcca,1.0.0
quic_readout,full,True,reg3,12,18,2,23,natural,natural,68,9,64,64,1e-14,64,64,4.205342919642358,2.5657377930699856,200,100,1.634034128206497e-30,1.0000000000000004,0.0,0.0,4.876809047085774e-14,5.004219638495669e-14,4.9883623743947907e-14,6.175615574477433e-16,1.186064010145511e-14,0.052068147432614405,1.1594891713428979e-14,2.7755575615628914e-15,1.6329490699426746e-14,0.16997208379930237,1.8854709460391916e-14,1.0658141036401503e-14,2.1201962553419522e-14,0.5026959655054444,2.4144965540817687e-14,7.882583474838611e-15,1.0151624704848906e-14,0.7764849178352219,3.609140980867509e-14,10920,174720,4096,1.5055424279998988,0.5204235160063035,0.017217588000676187,236,complete,standin-v1,cfb538f0d43ae488,stand-in,a250ae81afc363466076dd397784dfa7e178223a,f2b6f21f8cfddcca,1.0.0
quic_readout,full,True,reg3,12,18,2,23,natural,natural,68,9,-1,untruncated,1e-14,64,64,4.205342919642358,2.5657377930699856,200,100,1.634034128206497e-30,1.0000000000000004,0.0,0.0,4.876809047085774e-14,5.004219638495669e-14,4.9883623743947907e-14,6.175615574477433e-16,1.186064010145511e-14,0.052068147432614405,1.1594891713428979e-14,2.7755575615628914e-15,1.6329490699426746e-14,0.16997208379930237,1.8854709460391916e-14,1.0658141036401503e-14,2.1201962553419522e-14,0.5026959655054444,2.4144965540817687e-14,7.882583474838611e-15,1.0151624704848906e-14,0.7764849178352219,3.609140980867509e-14,10920,174720,4096,1.5003644560001703,0.5168115639989992,0.017217588000676187,236,complete,standin-v1,cfb538f0d43ae488,stand-in,a250ae81afc363466076dd397784dfa7e178223a,f2b6f21f8cfddcca,1.0.0
quic_readout,full,True,reg3,12,18,2,23,bfs,graph_informed,44,5,4,4,1e-14,4,4,1.6171810404202964,1.348623394292524,104,52,0.7737506856357625,0.6674725126134018,0.5800579885437546,0.7616153809789785,0.8390121224826029,0.9705886901597764,0.2934447400724194,0.00047840998192246603,0.009188150635503501,0.052068147432614405,0.09932663199945962,0.018314323569822683,0.1077490088987063,0.16997208379930237,0.07341303260606462,0.11729410313413358,0.2333301064316245,0.5026959655054444,0.11331370490698586,0.12595641675193658,0.16221360371440702,0.7764849178352219,0.15828926735728702,296,4736,4096,0.09048940399952698,0.016042573998674925,0.017217588000676187,140,complete,standin-v1,cfb538f0d43ae488,stand-in,a250ae81afc363466076dd397784dfa7e178223a,f2b6f21f8cfddcca,1.0.0
quic_readout,full,True,reg3,12,18,2,23,bfs,graph_informed,44,5,8,8,1e-14,8,8,2.5815360586444163,1.8518888991063631,104,52,0.21784746511571262,0.8921062466311003,0.21578655930659685,0.46452831916536247,0.4784176731879057,0.5630594103489244,0.2351316702653043,0.0002892954248025839,0.005556092142071782,0.052068147432614405,0.04491906373221404,0.016602760922789367,0.09767933975789447,0.16997208379930237,0.08745763789436171,0.09406706992068625,0.18712517381376811,0.5026959655054444,0.07549363918235764,0.09735009527599947,0.12537280897535497,0.7764849178352219,0.13573686566124493,936,14976,4096,0.048999988999639754,0.010773414000141202,0.017217588000676187,140,complete,standin-v1,cfb538f0d43ae488,stand-in,a250ae81afc363466076dd397784dfa7e178223a,f2b6f21f8cfddcca,1.0.0
quic_readout,full,True,reg3,12,18,2,23,bfs,graph_informed,44,5,16,16,1e-14,16,16,3.224718945193481,2.140120097225263,104,52,0.0024863926320646142,0.9987573749255322,0.002013907449670671,0.04487658019135004,0.04488788731682372,0.04286980680608264,0.011053160714275801,0.0002989083473356191,0.005740714084795518,0.052068147432614405,0.02085044197619757,0.0004570025074854822,0.002688691561992593,0.16997208379930237,0.01498201044205905,0.000612433565039705,0.0012182981505012142,0.5026959655054444,0.0098627120338411,0.0003007636567843308,0.0003873399854601631,0.7764849178352219,0.010716848333489808,2728,43648,4096,0.06640503299968259,0.025736549992871005,0.017217588000676187,140,complete,standin-v1,cfb538f0d43ae488,stand-in,a250ae81afc363466076dd397784dfa7e178223a,f2b6f21f8cfddcca,1.0.0
quic_readout,full,True,reg3,12,18,2,23,bfs,graph_informed,44,5,32,32,1e-14,32,32,3.2343576233904976,2.146049450149449,104,52,4.794341498924047e-05,0.9999760280637775,4.4475659150111646e-05,0.006669007358678774,0.006669044435421034,0.006800733393480935,0.0038843725872569736,6.272962213652034e-05,0.0012047600160482723,0.052068147432614405,0.0032681391946336805,3.8667455760837965e-05,0.00022749297941475653,0.16997208379930237,0.0034716705747552656,0.00010612595862236063,0.00021111360723902856,0.5026959655054444,0.003393960434396573,1.3865025280668242e-05,1.7856142421056712e-05,0.7764849178352219,0.0036093956820092282,6824,109184,4096,0.26937545700002374,0.11557159899712133,0.017217588000676187,140,complete,standin-v1,cfb538f0d43ae488,stand-in,a250ae81afc363466076dd397784dfa7e178223a,f2b6f21f8cfddcca,1.0.0
quic_readout,full,True,reg3,12,18,2,23,bfs,graph_informed,44,5,64,64,1e-14,32,64,3.2347527606854105,2.146238987252761,104,52,5.52784961714583e-30,0.9999999999999998,-4.440892098500626e-16,0.0,1.726082762993406e-14,1.827062355822706e-14,1.8072436298005935e-14,2.2898349882893854e-16,4.3977654308766135e-15,0.052068147432614405,8.854028621385623e-15,4.718447854656915e-16,2.7760134189025467e-15,0.16997208379930237,9.83935155574045e-15,1.4432899320127035e-15,2.87109909577556e-15,0.5026959655054444,1.0718639517626194e-14,2.886579864025407e-15,3.7174963707897405e-15,0.7764849178352219,1.29078063342003e-14,6824,109184,4096,0.19136583500039706,0.07477089100211742,0.017217588000676187,140,complete,standin-v1,cfb538f0d43ae488,stand-in,a250ae81afc363466076dd397784dfa7e178223a,f2b6f21f8cfddcca,1.0.0
quic_readout,full,True,reg3,12,18,2,23,bfs,graph_informed,44,5,-1,untruncated,1e-14,32,64,3.2347527606854105,2.146238987252761,104,52,5.52784961714583e-30,0.9999999999999998,-4.440892098500626e-16,0.0,1.726082762993406e-14,1.827062355822706e-14,1.8072436298005935e-14,2.2898349882893854e-16,4.3977654308766135e-15,0.052068147432614405,8.854028621385623e-15,4.718447854656915e-16,2.7760134189025467e-15,0.16997208379930237,9.83935155574045e-15,1.4432899320127035e-15,2.87109909577556e-15,0.5026959655054444,1.0718639517626194e-14,2.886579864025407e-15,3.7174963707897405e-15,0.7764849178352219,1.29078063342003e-14,6824,109184,4096,0.33058521499970084,0.11546184499457013,0.017217588000676187,140,complete,standin-v1,cfb538f0d43ae488,stand-in,a250ae81afc363466076dd397784dfa7e178223a,f2b6f21f8cfddcca,1.0.0
quic_readout,full,True,path,16,15,1,-1,natural,natural = graph_informed,15,1,4,4,1e-14,2,2,0.2662894810612577,0.10875153599975065,0,0,0.0,1.0,-2.220446049250313e-15,0.0,1.3148688801666786e-15,1.2944761217848913e-15,1.2190572345091426e-15,2.220446049250313e-16,6.714760164033231e-16,0.33068136389202,1.033895191682177e-15,2.220446049250313e-16,4.58793908005907e-16,0.4839746148551136,1.0755285551056204e-15,0.0,0.0,0.6826467757089438,1.1396049034995137e-15,0.0,0.0,0.795972469358571,1.1563016169557905e-15,120,1920,65536,0.012398779999784892,0.0006584579987247707,0.28452483999990363,15,complete,standin-v1,cfb538f0d43ae488,stand-in,a250ae81afc363466076dd397784dfa7e178223a,f2b6f21f8cfddcca,1.0.0
quic_readout,full,True,path,16,15,1,-1,natural,natural = graph_informed,15,1,8,8,1e-14,2,2,0.2662894810612577,0.10875153599975065,0,0,0.0,1.0,-2.220446049250313e-15,0.0,1.3148688801666786e-15,1.2944761217848913e-15,1.2190572345091426e-15,2.220446049250313e-16,6.714760164033231e-16,0.33068136389202,1.033895191682177e-15,2.220446049250313e-16,4.58793908005907e-16,0.4839746148551136,1.0755285551056204e-15,0.0,0.0,0.6826467757089438,1.1396049034995137e-15,0.0,0.0,0.795972469358571,1.1563016169557905e-15,120,1920,65536,0.008391340999878594,0.0006082679983592243,0.28452483999990363,15,complete,standin-v1,cfb538f0d43ae488,stand-in,a250ae81afc363466076dd397784dfa7e178223a,f2b6f21f8cfddcca,1.0.0
quic_readout,full,True,path,16,15,1,-1,natural,natural = graph_informed,15,1,16,16,1e-14,2,2,0.2662894810612577,0.10875153599975065,0,0,0.0,1.0,-2.220446049250313e-15,0.0,1.3148688801666786e-15,1.2944761217848913e-15,1.2190572345091426e-15,2.220446049250313e-16,6.714760164033231e-16,0.33068136389202,1.033895191682177e-15,2.220446049250313e-16,4.58793908005907e-16,0.4839746148551136,1.0755285551056204e-15,0.0,0.0,0.6826467757089438,1.1396049034995137e-15,0.0,0.0,0.795972469358571,1.1563016169557905e-15,120,1920,65536,0.00856624300013209,0.004816730996935803,0.28452483999990363,15,complete,standin-v1,cfb538f0d43ae488,stand-in,a250ae81afc363466076dd397784dfa7e178223a,f2b6f21f8cfddcca,1.0.0
quic_readout,full,True,path,16,15,1,-1,natural,natural = graph_informed,15,1,32,32,1e-14,2,2,0.2662894810612577,0.10875153599975065,0,0,0.0,1.0,-2.220446049250313e-15,0.0,1.3148688801666786e-15,1.2944761217848913e-15,1.2190572345091426e-15,2.220446049250313e-16,6.714760164033231e-16,0.33068136389202,1.033895191682177e-15,2.220446049250313e-16,4.58793908005907e-16,0.4839746148551136,1.0755285551056204e-15,0.0,0.0,0.6826467757089438,1.1396049034995137e-15,0.0,0.0,0.795972469358571,1.1563016169557905e-15,120,1920,65536,0.003931357000510616,0.0005285190009090002,0.28452483999990363,15,complete,standin-v1,cfb538f0d43ae488,stand-in,a250ae81afc363466076dd397784dfa7e178223a,f2b6f21f8cfddcca,1.0.0
quic_readout,full,True,path,16,15,1,-1,natural,natural = graph_informed,15,1,64,64,1e-14,2,2,0.2662894810612577,0.10875153599975065,0,0,0.0,1.0,-2.220446049250313e-15,0.0,1.3148688801666786e-15,1.2944761217848913e-15,1.2190572345091426e-15,2.220446049250313e-16,6.714760164033231e-16,0.33068136389202,1.033895191682177e-15,2.220446049250313e-16,4.58793908005907e-16,0.4839746148551136,1.0755285551056204e-15,0.0,0.0,0.6826467757089438,1.1396049034995137e-15,0.0,0.0,0.795972469358571,1.1563016169557905e-15,120,1920,65536,0.008175787999789463,0.0005820650003443006,0.28452483999990363,15,complete,standin-v1,cfb538f0d43ae488,stand-in,a250ae81afc363466076dd397784dfa7e178223a,f2b6f21f8cfddcca,1.0.0
quic_readout,full,True,path,16,15,1,-1,natural,natural = graph_informed,15,1,-1,untruncated,1e-14,2,2,0.2662894810612577,0.10875153599975065,0,0,0.0,1.0,-2.220446049250313e-15,0.0,1.3148688801666786e-15,1.2944761217848913e-15,1.2190572345091426e-15,2.220446049250313e-16,6.714760164033231e-16,0.33068136389202,1.033895191682177e-15,2.220446049250313e-16,4.58793908005907e-16,0.4839746148551136,1.0755285551056204e-15,0.0,0.0,0.6826467757089438,1.1396049034995137e-15,0.0,0.0,0.795972469358571,1.1563016169557905e-15,120,1920,65536,0.00803908899979433,0.0005728970018026303,0.28452483999990363,15,complete,standin-v1,cfb538f0d43ae488,stand-in,a250ae81afc363466076dd397784dfa7e178223a,f2b6f21f8cfddcca,1.0.0
quic_readout,full,True,path,16,15,2,-1,natural,natural = graph_informed,15,1,4,4,1e-14,4,4,0.5791722595228559,0.3706985500789436,0,0,0.0,1.0,1.3322676295501878e-15,3.650024149988857e-08,1.4715999522888686e-15,1.5701009144498025e-15,1.4153212785519212e-15,3.469446951953614e-18,1.5297855001540817e-16,0.0226793034160944,4.40619762898109e-16,6.938893903907228e-18,1.1302039454692517e-16,0.061395059995355564,5.455705331947058e-16,2.7755575615628914e-17,1.794336375447166e-16,0.1546843501331346,6.89986262569775e-16,0.0,0.0,0.26515919597971505,7.737950905029045e-16,424,6784,65536,0.017182954999952926,0.0013220950022514444,0.3547217830000591,30,complete,standin-v1,cfb538f0d43ae488,stand-in,a250ae81afc363466076dd397784dfa7e178223a,f2b6f21f8cfddcca,1.0.0
quic_readout,full,True,path,16,15,2,-1,natural,natural = graph_informed,15,1,8,8,1e-14,4,4,0.5791722595228559,0.3706985500789436,0,0,0.0,1.0,1.3322676295501878e-15,3.650024149988857e-08,1.4715999522888686e-15,1.5701009144498025e-15,1.4153212785519212e-15,3.469446951953614e-18,1.5297855001540817e-16,0.0226793034160944,4.40619762898109e-16,6.938893903907228e-18,1.1302039454692517e-16,0.061395059995355564,5.455705331947058e-16,2.7755575615628914e-17,1.794336375447166e-16,0.1546843501331346,6.89986262569775e-16,0.0,0.0,0.26515919597971505,7.737950905029045e-16,424,6784,65536,0.01623810199998843,0.0010301520005668863,0.3547217830000591,30,complete,standin-v1,cfb538f0d43ae488,stand-in,a250ae81afc363466076dd397784dfa7e178223a,f2b6f21f8cfddcca,1.0.0
quic_readout,full,True,path,16,15,2,-1,natural,natural = graph_informed,15,1,16,16,1e-14,4,4,0.5791722595228559,0.3706985500789436,0,0,0.0,1.0,1.3322676295501878e-15,3.650024149988857e-08,1.4715999522888686e-15,1.5701009144498025e-15,1.4153212785519212e-15,3.469446951953614e-18,1.5297855001540817e-16,0.0226793034160944,4.40619762898109e-16,6.938893903907228e-18,1.1302039454692517e-16,0.061395059995355564,5.455705331947058e-16,2.7755575615628914e-17,1.794336375447166e-16,0.1546843501331346,6.89986262569775e-16,0.0,0.0,0.26515919597971505,7.737950905029045e-16,424,6784,65536,0.02453127599983418,0.001853575001405261,0.3547217830000591,30,complete,standin-v1,cfb538f0d43ae488,stand-in,a250ae81afc363466076dd397784dfa7e178223a,f2b6f21f8cfddcca,1.0.0
quic_readout,full,True,path,16,15,2,-1,natural,natural = graph_informed,15,1,32,32,1e-14,4,4,0.5791722595228559,0.3706985500789436,0,0,0.0,1.0,1.3322676295501878e-15,3.650024149988857e-08,1.4715999522888686e-15,1.5701009144498025e-15,1.4153212785519212e-15,3.469446951953614e-18,1.5297855001540817e-16,0.0226793034160944,4.40619762898109e-16,6.938893903907228e-18,1.1302039454692517e-16,0.061395059995355564,5.455705331947058e-16,2.7755575615628914e-17,1.794336375447166e-16,0.1546843501331346,6.89986262569775e-16,0.0,0.0,0.26515919597971505,7.737950905029045e-16,424,6784,65536,0.02155995800058008,0.0013926960018579848,0.3547217830000591,30,complete,standin-v1,cfb538f0d43ae488,stand-in,a250ae81afc363466076dd397784dfa7e178223a,f2b6f21f8cfddcca,1.0.0
quic_readout,full,True,path,16,15,2,-1,natural,natural = graph_informed,15,1,64,64,1e-14,4,4,0.5791722595228559,0.3706985500789436,0,0,0.0,1.0,1.3322676295501878e-15,3.650024149988857e-08,1.4715999522888686e-15,1.5701009144498025e-15,1.4153212785519212e-15,3.469446951953614e-18,1.5297855001540817e-16,0.0226793034160944,4.40619762898109e-16,6.938893903907228e-18,1.1302039454692517e-16,0.061395059995355564,5.455705331947058e-16,2.7755575615628914e-17,1.794336375447166e-16,0.1546843501331346,6.89986262569775e-16,0.0,0.0,0.26515919597971505,7.737950905029045e-16,424,6784,65536,0.021507915999791294,0.005282514997816179,0.3547217830000591,30,complete,standin-v1,cfb538f0d43ae488,stand-in,a250ae81afc363466076dd397784dfa7e178223a,f2b6f21f8cfddcca,1.0.0
quic_readout,full,True,path,16,15,2,-1,natural,natural = graph_informed,15,1,-1,untruncated,1e-14,4,4,0.5791722595228559,0.3706985500789436,0,0,0.0,1.0,1.3322676295501878e-15,3.650024149988857e-08,1.4715999522888686e-15,1.5701009144498025e-15,1.4153212785519212e-15,3.469446951953614e-18,1.5297855001540817e-16,0.0226793034160944,4.40619762898109e-16,6.938893903907228e-18,1.1302039454692517e-16,0.061395059995355564,5.455705331947058e-16,2.7755575615628914e-17,1.794336375447166e-16,0.1546843501331346,6.89986262569775e-16,0.0,0.0,0.26515919597971505,7.737950905029045e-16,424,6784,65536,0.02099053600068146,0.00976595199881558,0.3547217830000591,30,complete,standin-v1,cfb538f0d43ae488,stand-in,a250ae81afc363466076dd397784dfa7e178223a,f2b6f21f8cfddcca,1.0.0
quic_readout,full,True,cycle,16,16,1,-1,natural,natural = graph_informed,30,2,4,4,1e-14,4,4,0.16902985813442328,0.1647133629686527,28,14,1.4073667639784941e-32,1.0,-4.440892098500626e-16,0.0,2.847022045472804e-15,2.640258460646269e-15,2.301134980447386e-15,1.1102230246251565e-16,3.8892146555841486e-16,0.285462007871202,1.349614864309956e-15,2.7755575615628914e-16,6.638361377467141e-16,0.41810883797077975,1.450662506785605e-15,2.220446049250313e-16,3.517429551664756e-16,0.6312695156039169,1.811484989788781e-15,3.3306690738754696e-16,4.497976746556229e-16,0.7404816124106286,1.9324006370752267e-15,424,6784,65536,0.026803147000464378,0.005837666998559143,0.25878132800062303,44,complete,standin-v1,cfb538f0d43ae488,stand-in,a250ae81afc363466076dd397784dfa7e178223a,f2b6f21f8cfddcca,1.0.0
quic_readout,full,True,cycle,16,16,1,-1,natural,natural = graph_informed,30,2,8,8,1e-14,4,4,0.16902985813442328,0.1647133629686527,28,14,1.4073667639784941e-32,1.0,-4.440892098500626e-16,0.0,2.847022045472804e-15,2.640258460646269e-15,2.301134980447386e-15,1.1102230246251565e-16,3.8892146555841486e-16,0.285462007871202,1.349614864309956e-15,2.7755575615628914e-16,6.638361377467141e-16,0.41810883797077975,1.450662506785605e-15,2.220446049250313e-16,3.517429551664756e-16,0.6312695156039169,1.811484989788781e-15,3.3306690738754696e-16,4.497976746556229e-16,0.7404816124106286,1.9324006370752267e-15,424,6784,65536,0.024027088999901025,0.0018326450008316897,0.25878132800062303,44,complete,standin-v1,cfb538f0d43ae488,stand-in,a250ae81afc363466076dd397784dfa7e178223a,f2b6f21f8cfddcca,1.0.0
quic_readout,full,True,cycle,16,16,1,-1,natural,natural = graph_informed,30,2,16,16,1e-14,4,4,0.16902985813442328,0.1647133629686527,28,14,1.4073667639784941e-32,1.0,-4.440892098500626e-16,0.0,2.847022045472804e-15,2.640258460646269e-15,2.301134980447386e-15,1.1102230246251565e-16,3.8892146555841486e-16,0.285462007871202,1.349614864309956e-15,2.7755575615628914e-16,6.638361377467141e-16,0.41810883797077975,1.450662506785605e-15,2.220446049250313e-16,3.517429551664756e-16,0.6312695156039169,1.811484989788781e-15,3.3306690738754696e-16,4.497976746556229e-16,0.7404816124106286,1.9324006370752267e-15,424,6784,65536,0.022970834999796352,0.001762244002748048,0.25878132800062303,44,complete,standin-v1,cfb538f0d43ae488,stand-in,a250ae81afc363466076dd397784dfa7e178223a,f2b6f21f8cfddcca,1.0.0
quic_readout,full,True,cycle,16,16,1,-1,natural,natural = graph_informed,30,2,32,32,1e-14,4,4,0.16902985813442328,0.1647133629686527,28,14,1.4073667639784941e-32,1.0,-4.440892098500626e-16,0.0,2.847022045472804e-15,2.640258460646269e-15,2.301134980447386e-15,1.1102230246251565e-16,3.8892146555841486e-16,0.285462007871202,1.349614864309956e-15,2.7755575615628914e-16,6.638361377467141e-16,0.41810883797077975,1.450662506785605e-15,2.220446049250313e-16,3.517429551664756e-16,0.6312695156039169,1.811484989788781e-15,3.3306690738754696e-16,4.497976746556229e-16,0.7404816124106286,1.9324006370752267e-15,424,6784,65536,0.022732180999810225,0.0016463089996250346,0.25878132800062303,44,complete,standin-v1,cfb538f0d43ae488,stand-in,a250ae81afc363466076dd397784dfa7e178223a,f2b6f21f8cfddcca,1.0.0
quic_readout,full,True,cycle,16,16,1,-1,natural,natural = graph_informed,30,2,64,64,1e-14,4,4,0.16902985813442328,0.1647133629686527,28,14,1.4073667639784941e-32,1.0,-4.440892098500626e-16,0.0,2.847022045472804e-15,2.640258460646269e-15,2.301134980447386e-15,1.1102230246251565e-16,3.8892146555841486e-16,0.285462007871202,1.349614864309956e-15,2.7755575615628914e-16,6.638361377467141e-16,0.41810883797077975,1.450662506785605e-15,2.220446049250313e-16,3.517429551664756e-16,0.6312695156039169,1.811484989788781e-15,3.3306690738754696e-16,4.497976746556229e-16,0.7404816124106286,1.9324006370752267e-15,424,6784,65536,0.022928274999685527,0.0017052230004992452,0.25878132800062303,44,complete,standin-v1,cfb538f0d43ae488,stand-in,a250ae81afc363466076dd397784dfa7e178223a,f2b6f21f8cfddcca,1.0.0
quic_readout,full,True,cycle,16,16,1,-1,natural,natural = graph_informed,30,2,-1,untruncated,1e-14,4,4,0.16902985813442328,0.1647133629686527,28,14,1.4073667639784941e-32,1.0,-4.440892098500626e-16,0.0,2.847022045472804e-15,2.640258460646269e-15,2.301134980447386e-15,1.1102230246251565e-16,3.8892146555841486e-16,0.285462007871202,1.349614864309956e-15,2.7755575615628914e-16,6.638361377467141e-16,0.41810883797077975,1.450662506785605e-15,2.220446049250313e-16,3.517429551664756e-16,0.6312695156039169,1.811484989788781e-15,3.3306690738754696e-16,4.497976746556229e-16,0.7404816124106286,1.9324006370752267e-15,424,6784,65536,0.023057817999870167,0.0017491850012447685,0.25878132800062303,44,complete,standin-v1,cfb538f0d43ae488,stand-in,a250ae81afc363466076dd397784dfa7e178223a,f2b6f21f8cfddcca,1.0.0
quic_readout,full,True,cycle,16,16,2,-1,natural,natural = graph_informed,30,2,4,4,1e-14,4,4,0.6058933443118157,0.5725481280915571,56,28,0.017410540454663018,0.9913293358327209,0.014768451774089031,0.12152551902414994,0.12175132426180907,0.1351097878506019,0.03659357689150614,0.0006435488267912317,0.045654689457797756,0.014096007101003607,0.05307631364446658,0.0006947420061479553,0.01813235903411606,0.038315036937047034,0.04106736828085643,0.0012867490181591862,0.013010359780079271,0.09890187818859426,0.039447961664644066,0.006410228566258502,0.03712075746789555,0.17268582333758908,0.0369723691659745,424,6784,65536,0.06123174999993353,0.012890194007013633,0.1455259569993359,88,complete,standin-v1,cfb538f0d43ae488,stand-in,a250ae81afc363466076dd397784dfa7e178223a,f2b6f21f8cfddcca,1.0.0
quic_readout,full,True,cycle,16,16,2,-1,natural,natural = graph_informed,30,2,8,8,1e-14,8,8,0.6487013501473538,0.613119091402143,56,28,0.0003725990892933237,0.9998137129732065,0.00037253935073144895,0.01930127847401433,0.019302177431265596,0.01735689980365884,0.0036345710783898403,1.5638663758456295e-06,0.0001109439265062718,0.014096007101003607,0.002381226332673809,1.2799784597027075e-05,0.00033406687348514304,0.038315036937047034,0.0031456189287844306,5.731852127512094e-05,0.000579549370799827,0.09890187818859426,0.004035131936170207,2.458796405424568e-06,1.4238553911966402e-05,0.17268582333758908,0.0041109321591329614,1448,23168,65536,0.05698786199991446,0.014580064997062436,0.1455259569993359,88,complete,standin-v1,cfb538f0d43ae488,stand-in,a250ae81afc363466076dd397784dfa7e178223a,f2b6f21f8cfddcca,1.0.0
quic_readout,full,True,cycle,16,16,2,-1,natural,natural = graph_informed,30,2,16,16,1e-14,16,16,0.6517514805570546,0.6157628346238836,56,28,6.458472456547025e-32,0.9999999999999998,-4.440892098500626e-16,0.0,1.0461626798265509e-14,1.0801733693770122e-14,1.024869525654564e-14,3.642919299551295e-17,2.5843625598712464e-15,0.014096007101003607,2.6957602816679582e-15,6.938893903907228e-17,1.8110106262739817e-15,0.038315036937047034,4.014150123410332e-15,1.249000902703301e-16,1.2628687397842972e-15,0.09890187818859426,5.334708369497676e-15,1.942890293094024e-16,1.1251012130253479e-15,0.17268582333758908,6.092457267847795e-15,4776,76416,65536,0.06324717099960253,0.014668835008706083,0.1455259569993359,88,complete,standin-v1,cfb538f0d43ae488,stand-in,a250ae81afc363466076dd397784dfa7e178223a,f2b6f21f8cfddcca,1.0.0
quic_readout,full,True,cycle,16,16,2,-1,natural,natural = graph_informed,30,2,32,32,1e-14,16,16,0.6517514805570546,0.6157628346238836,56,28,6.458472456547025e-32,0.9999999999999998,-4.440892098500626e-16,0.0,1.0461626798265509e-14,1.0801733693770122e-14,1.024869525654564e-14,3.642919299551295e-17,2.5843625598712464e-15,0.014096007101003607,2.6957602816679582e-15,6.938893903907228e-17,1.8110106262739817e-15,0.038315036937047034,4.014150123410332e-15,1.249000902703301e-16,1.2628687397842972e-15,0.09890187818859426,5.334708369497676e-15,1.942890293094024e-16,1.1251012130253479e-15,0.17268582333758908,6.092457267847795e-15,4776,76416,65536,0.06549092000022938,0.019224253004722414,0.1455259569993359,88,complete,standin-v1,cfb538f0d43ae488,stand-in,a250ae81afc363466076dd397784dfa7e178223a,f2b6f21f8cfddcca,1.0.0
quic_readout,full,True,cycle,16,16,2,-1,natural,natural = graph_informed,30,2,64,64,1e-14,16,16,0.6517514805570546,0.6157628346238836,56,28,6.458472456547025e-32,0.9999999999999998,-4.440892098500626e-16,0.0,1.0461626798265509e-14,1.0801733693770122e-14,1.024869525654564e-14,3.642919299551295e-17,2.5843625598712464e-15,0.014096007101003607,2.6957602816679582e-15,6.938893903907228e-17,1.8110106262739817e-15,0.038315036937047034,4.014150123410332e-15,1.249000902703301e-16,1.2628687397842972e-15,0.09890187818859426,5.334708369497676e-15,1.942890293094024e-16,1.1251012130253479e-15,0.17268582333758908,6.092457267847795e-15,4776,76416,65536,0.05594057799953589,0.014102837001701118,0.1455259569993359,88,complete,standin-v1,cfb538f0d43ae488,stand-in,a250ae81afc363466076dd397784dfa7e178223a,f2b6f21f8cfddcca,1.0.0
quic_readout,full,True,cycle,16,16,2,-1,natural,natural = graph_informed,30,2,-1,untruncated,1e-14,16,16,0.6517514805570546,0.6157628346238836,56,28,6.458472456547025e-32,0.9999999999999998,-4.440892098500626e-16,0.0,1.0461626798265509e-14,1.0801733693770122e-14,1.024869525654564e-14,3.642919299551295e-17,2.5843625598712464e-15,0.014096007101003607,2.6957602816679582e-15,6.938893903907228e-17,1.8110106262739817e-15,0.038315036937047034,4.014150123410332e-15,1.249000902703301e-16,1.2628687397842972e-15,0.09890187818859426,5.334708369497676e-15,1.942890293094024e-16,1.1251012130253479e-15,0.17268582333758908,6.092457267847795e-15,4776,76416,65536,0.05960951500037481,0.006152224000288697,0.1455259569993359,88,complete,standin-v1,cfb538f0d43ae488,stand-in,a250ae81afc363466076dd397784dfa7e178223a,f2b6f21f8cfddcca,1.0.0
quic_readout,full,True,reg3,16,24,1,23,natural,natural,152,16,4,4,1e-14,4,4,0.4729758912551937,0.30574401222972675,256,128,0.09352100231345359,0.9542128471350255,0.09403209277667612,0.3066465274166269,0.3104079112508981,0.40745492301455666,0.12114428701811256,0.0018090718210581665,0.190696182289525,0.009486670364021961,0.06215729100456472,0.0018580946054328334,0.05413658920655444,0.03432234340333856,0.07186834228585695,0.0107611354458797,0.09119865057113355,0.11799665212684456,0.0981974227648828,0.04398426225849669,0.17828984821871233,0.24670087892239478,0.1114121155810103,424,6784,65536,0.16776991300048394,0.026338815007875382,0.24022635399978753,280,complete,standin-v1,cfb538f0d43ae488,stand-in,a250ae81afc363466076dd397784dfa7e178223a,f2b6f21f8cfddcca,1.0.0
quic_readout,full,True,reg3,16,24,1,23,natural,natural,152,16,8,8,1e-14,8,8,0.8098796907210184,0.525661280003362,256,128,0.012686144736991764,0.993675379067715,0.012567442939452556,0.11210460712857681,0.11228169118264131,0.11342115090379938,0.04683043380695872,0.0007082037886729561,0.07465251363205441,0.009486670364021961,0.04982991011347967,0.0025491451964511913,0.0742707211595358,0.03432234340333856,0.02993303851350272,0.005460224822454077,0.046274404604161316,0.11799665212684456,0.02344387576803015,0.012018388839340505,0.04871644110810466,0.24670087892239478,0.025023488062034034,1448,23168,65536,0.12513944799957244,0.048551975001828396,0.24022635399978753,280,complete,standin-v1,cfb538f0d43ae488,stand-in,a250ae81afc363466076dd397784dfa7e178223a,f2b6f21f8cfddcca,1.0.0
quic_readout,full,True,reg3,16,24,1,23,natural,natural,152,16,16,16,1e-14,16,16,0.8847255369252368,0.5700161823768906,256,128,0.003398929116732576,0.998301752205084,0.003321060803782472,0.05762864568756125,0.057652604045298816,0.05015436730379116,0.016049979045205442,0.00041955898801804975,0.044226158590818146,0.009486670364021961,0.006482865985800841,0.0011773300220692187,0.03430214563830449,0.03432234340333856,0.014031395631177713,0.0021767818435182024,0.018447827156809465,0.11799665212684456,0.011555249226672743,0.002546103329654603,0.010320609074341954,0.24670087892239478,0.010547050164342493,4776,76416,65536,0.17417498400027398,0.0622207830001571,0.24022635399978753,280,complete,standin-v1,cfb538f0d43ae488,stand-in,a250ae81afc363466076dd397784dfa7e178223a,f2b6f21f8cfddcca,1.0.0
quic_readout,full,True,reg3,16,24,1,23,natural,natural,152,16,32,32,1e-14,32,32,0.9193972491996566,0.5896311573278736,256,128,0.00022793293689258313,0.9998860382553856,0.00022657173194018387,0.015052299888727432,0.015052726234206218,0.009456988800541764,0.0021654458919420135,4.368736394415665e-05,0.0046051314389335424,0.009486670364021961,0.0029693948864763786,8.851745263366295e-05,0.002579003758381276,0.03432234340333856,0.0027170285758231633,9.517757555325967e-05,0.0008066125083866385,0.11799665212684456,0.0019784546412338127,0.00010820716464809976,0.0004386168590916886,0.24670087892239478,0.0019087613527118059,15016,240256,65536,2.1273755290003464,0.6937009899984332,0.24022635399978753,280,complete,standin-v1,cfb538f0d43ae488,stand-in,a250ae81afc363466076dd397784dfa7e178223a,f2b6f21f8cfddcca,1.0.0
quic_readout,full,True,reg3,16,24,1,23,natural,natural,152,16,64,64,1e-14,64,64,0.9227733376693867,0.5915015239956921,256,128,5.052000021614017e-06,0.999997474000913,5.079030083066094e-06,0.0022536703581194154,0.0022536717891490942,0.0010629385025798898,0.00030927375948653567,1.5253932414589777e-07,1.607933218849899e-05,0.009486670364021961,0.0002695988296943161,1.2669895506078888e-06,3.691442439459561e-05,0.03432234340333856,0.0002660613180947881,1.6107560859290881e-06,1.3650862604114822e-05,0.11799665212684456,0.0002772817325923725,5.8523036421398444e-06,2.3722265067328016e-05,0.24670087892239478,0.0002846004984367803,43688,699008,65536,8.098193613999683,5.238730619014859,0.24022635399978753,280,complete,standin-v1,cfb538f0d43ae488,stand-in,a250ae81afc363466076dd397784dfa7e178223a,f2b6f21f8cfddcca,1.0.0
quic_readout,full,True,reg3,16,24,1,23,natural,natural,152,16,-1,untruncated,1e-14,128,128,0.9228727381007462,0.5915542812550624,256,128,2.817098698881648e-29,0.9999999999999998,1.1102230246251565e-15,3.332000937312528e-08,6.024693980880545e-14,8.791284199539765e-14,8.791114094148133e-14,2.654126918244515e-16,2.7977433771813627e-14,0.009486670364021961,6.408762409648716e-14,1.2559397966072083e-15,3.6592483847855274e-14,0.03432234340333856,6.601143243134544e-14,5.398459457239824e-15,4.575095445450913e-14,0.11799665212684456,7.413600983108282e-14,1.1629586182948515e-14,4.7140432712470625e-14,0.24670087892239478,8.35917706581979e-14,84648,1354368,65536,1.4935199569999895,1.049535178001861,0.24022635399978753,280,complete,standin-v1,cfb538f0d43ae488,stand-in,a250ae81afc363466076dd397784dfa7e178223a,f2b6f21f8cfddcca,1.0.0
quic_readout,full,True,reg3,16,24,1,23,bfs,graph_informed,96,9,4,4,1e-14,4,4,0.3266070585444737,0.23024775666028277,144,72,0.06890634051044575,0.9660330782613176,0.06623164315127328,0.2573550915588679,0.2595499839739451,0.33981030883338026,0.0995256478406499,0.0014235862197348945,0.15006173558362704,0.009486670364021961,0.03332709484486665,0.002130714734828655,0.06207952381891846,0.03432234340333856,0.047708413308002774,0.007364806331857446,0.06241538381902899,0.11799665212684456,0.08400986648989095,0.03546816866237934,0.14376993230549712,0.24670087892239478,0.0991480127940677,424,6784,65536,0.09483680500034097,0.02106586499394325,0.24022635399978753,168,complete,standin-v1,cfb538f0d43ae488,stand-in,a250ae81afc363466076dd397784dfa7e178223a,f2b6f21f8cfddcca,1.0.0
quic_readout,full,True,reg3,16,24,1,23,bfs,graph_informed,96,9,8,8,1e-14,8,8,0.574541443931639,0.40118080325715894,144,72,0.005804052441254329,0.9971018263162003,0.0048531708754724345,0.06966470322532375,0.06970705505434957,0.06245956256884222,0.020286421744515403,0.0004278853168840878,0.04510384576097803,0.009486670364021961,0.020960325765549938,0.0015394759618084716,0.04485346305516906,0.03432234340333856,0.018020066083181616,0.002891774371781397,0.024507257787897106,0.11799665212684456,0.014072664181859752,0.005042075376207988,0.020438011401629763,0.24670087892239478,0.013862300609118482,1448,23168,65536,0.10481909700047254,0.03711101500084624,0.24022635399978753,168,complete,standin-v1,cfb538f0d43ae488,stand-in,a250ae81afc363466076dd397784dfa7e178223a,f2b6f21f8cfddcca,1.0.0
quic_readout,full,True,reg3,16,24,1,23,bfs,graph_informed,96,9,16,16,1e-14,16,16,0.6160019967973391,0.4242237304683391,144,72,0.0004965077278516388,0.9997517562168038,0.00032864518361097605,0.01812857367833929,0.018129318518954808,0.012219902832542307,0.0023457645100545695,2.9603702053524264e-05,0.0031205576790984337,0.009486670364021961,0.0031213217382463423,0.00013678789932021485,0.00398538927580654,0.03432234340333856,0.0029960585741847703,0.00030744578565178315,0.0026055466838269593,0.11799665212684456,0.002394189847373383,0.0004821934531021588,0.001954567228168828,0.24670087892239478,0.0024979307497546444,4392,70272,65536,0.1122595030001321,0.019663612004478637,0.24022635399978753,168,complete,standin-v1,cfb538f0d43ae488,stand-in,a250ae81afc363466076dd397784dfa7e178223a,f2b6f21f8cfddcca,1.0.0
quic_readout,full,True,reg3,16,24,1,23,bfs,graph_informed,96,9,32,32,1e-14,32,32,0.6213885036628854,0.42689895238150677,144,72,6.310871462229933e-06,0.9999968445612974,5.545180871258104e-06,0.002354820772640267,0.0023548224045958715,0.001055935126124198,0.0003033766453995713,2.816926550786719e-07,2.9693521991339196e-05,0.009486670364021961,0.0002191884397618471,3.7823031038414223e-07,1.1019944236888891e-05,0.03432234340333856,0.00022429156486073777,2.4308439444675756e-06,2.0600956897102946e-05,0.11799665212684456,0.00022057401404890296,2.3895622981440212e-06,9.686071280255597e-06,0.24670087892239478,0.00022411264061664388,10984,175744,65536,0.42342833100065036,0.15747191399623262,0.24022635399978753,168,complete,standin-v1,cfb538f0d43ae488,stand-in,a250ae81afc363466076dd397784dfa7e178223a,f2b6f21f8cfddcca,1.0.0
quic_readout,full,True,reg3,16,24,1,23,bfs,graph_informed,96,9,64,64,1e-14,32,64,0.6214762666183593,0.42694380559780937,144,72,5.797809078913583e-30,1.000000000000001,8.881784197001252e-16,2.9802322387695312e-08,3.89445703817622e-14,5.906416778130904e-14,5.906039157277256e-14,1.6479873021779667e-16,1.7371609204720878e-14,0.009486670364021961,5.857814233678482e-14,5.689893001203927e-16,1.6577810362011782e-14,0.03432234340333856,5.578176809351021e-14,2.3037127760972e-15,1.9523543546140144e-14,0.11799665212684456,5.2374337505822766e-14,4.773959005888173e-15,1.935120388196885e-14,0.24670087892239478,5.385589977452421e-14,9512,152192,65536,0.4385632789999363,0.18574828500004514,0.24022635399978753,168,complete,standin-v1,cfb538f0d43ae488,stand-in,a250ae81afc363466076dd397784dfa7e178223a,f2b6f21f8cfddcca,1.0.0
quic_readout,full,True,reg3,16,24,1,23,bfs,graph_informed,96,9,-1,untruncated,1e-14,32,64,0.6214762666183593,0.42694380559780937,144,72,5.797809078913583e-30,1.000000000000001,8.881784197001252e-16,2.9802322387695312e-08,3.89445703817622e-14,5.906416778130904e-14,5.906039157277256e-14,1.6479873021779667e-16,1.7371609204720878e-14,0.009486670364021961,5.857814233678482e-14,5.689893001203927e-16,1.6577810362011782e-14,0.03432234340333856,5.578176809351021e-14,2.3037127760972e-15,1.9523543546140144e-14,0.11799665212684456,5.2374337505822766e-14,4.773959005888173e-15,1.935120388196885e-14,0.24670087892239478,5.385589977452421e-14,9512,152192,65536,0.435362594000253,0.17923181600599492,0.24022635399978753,168,complete,standin-v1,cfb538f0d43ae488,stand-in,a250ae81afc363466076dd397784dfa7e178223a,f2b6f21f8cfddcca,1.0.0
quic_readout,full,True,reg3,16,24,2,23,natural,natural,152,16,4,4,1e-14,4,4,1.7561583341218094,1.1521567391136887,512,256,2.16798322989241,0.3197053249459591,0.9419180200227236,0.9705246107249026,1.232069776320077,1.25857815505133,0.4782755758837537,0.014670230797453625,4.873375243334965,0.003010281389170115,0.09300728639828086,0.03838265311819743,3.698308600540633,0.010378434377430402,0.15045569984423413,0.09181936687094949,2.6629206417747016,0.03448069966131493,0.17117651041858853,0.1463254528664272,1.9525763169217885,0.07493968435359669,0.22745211515319994,424,6784,65536,0.20471505500063358,0.04859772202598833,0.9026628440005879,560,complete,standin-v1,cfb538f0d43ae488,stand-in,a250ae81afc363466076dd397784dfa7e178223a,f2b6f21f8cfddcca,1.0.0
quic_readout,full,True,reg3,16,24,2,23,natural,natural,152,16,8,8,1e-14,8,8,2.643933765177583,1.8480880940961402,512,256,1.4764722077419705,0.46512946934126465,0.8480741148492267,0.9209093955700673,1.1047382387566962,1.0903426682752269,0.2555957401567487,0.005365138123527799,1.7822712995634205,0.003010281389170115,0.07978276041651483,0.01480655267466437,1.4266653462552727,0.010378434377430402,0.0875408725814054,0.038903085638269795,1.128256851525449,0.03448069966131493,0.08618345993150239,0.06658794508162832,0.8885538504197406,0.07493968435359669,0.11846545913940956,1448,23168,65536,0.2492512610006088,0.07003137100309687,0.9026628440005879,560,complete,standin-v1,cfb538f0d43ae488,stand-in,a250ae81afc363466076dd397784dfa7e178223a,f2b6f21f8cfddcca,1.0.0
quic_readout,full,True,reg3,16,24,2,23,natural,natural,152,16,16,16,1e-14,16,16,3.5162883509262524,2.3761923178037754,512,256,0.971254177813985,0.6043245039809183,0.6802404384726275,0.8247668994768325,0.9322308025151843,0.9080033537397687,0.09712328399994664,0.001322670691157588,0.4393844030382244,0.003010281389170115,0.02519503008666312,0.004190477837635624,0.4037678213535272,0.010378434377430402,0.022883907009238938,0.01233004457047742,0.3575926443369395,0.03448069966131493,0.02219824154135917,0.022751779913316117,0.30360122423206015,0.07493968435359669,0.03828798427918099,4776,76416,65536,0.37046462199941743,0.15195173200936551,0.9026628440005879,560,complete,standin-v1,cfb538f0d43ae488,stand-in,a250ae81afc363466076dd397784dfa7e178223a,f2b6f21f8cfddcca,1.0.0
quic_readout,full,True,reg3,16,24,2,23,natural,natural,152,16,32,32,1e-14,32,32,4.515813803759193,2.9164736947768035,512,256,0.5040930814062524,0.7722151673060922,0.43950290161352146,0.6629501501723349,0.7089942996807129,0.7076182059937909,0.04183882504825421,0.0006595004877642694,0.2190826711871221,0.003010281389170115,0.026034785313317127,0.0021498907883437026,0.20714981760823103,0.010378434377430402,0.015060628569025092,0.006364903703207005,0.18459322942184977,0.03448069966131493,0.012921387189321617,0.011586949964721927,0.1546170105287589,0.07493968435359669,0.023936004342301097,15016,240256,65536,7.763308886000232,2.3734957169954214,0.9026628440005879,560,complete,standin-v1,cfb538f0d43ae488,stand-in,a250ae81afc363466076dd397784dfa7e178223a,f2b6f21f8cfddcca,1.0.0
quic_readout,full,True,reg3,16,24,2,23,natural,natural,152,16,64,64,1e-14,64,64,5.37536008915834,3.3422282914352124,512,256,0.1595682786120579,0.9218266867258469,0.15938062894549831,0.3992250354693432,0.40779168373144337,0.4303204401943198,0.03267254421216635,0.0005407995072121115,0.17965081575354025,0.003010281389170115,0.025572220783211197,0.0015663129893783764,0.1509199685055175,0.010378434377430402,0.022474352166721237,0.0037935099851251416,0.11001835874523189,0.03448069966131493,0.022804337328757807,0.00523978368483137,0.06992001274128518,0.07493968435359669,0.03459239598945919,43688,699008,65536,63.87126291599998,50.67967799899816,0.9026628440005879,560,complete,standin-v1,cfb538f0d43ae488,stand-in,a250ae81afc363466076dd397784dfa7e178223a,f2b6f21f8cfddcca,1.0.0
quic_readout,full,True,reg3,16,24,2,23,natural,natural,152,16,-1,untruncated,1e-14,256,256,5.964168682065248,3.590115224554889,512,256,5.84255794192281e-29,0.9999999999999998,2.220446049250313e-16,1.4901161193847656e-08,1.0120493730099498e-13,1.0307292485366734e-13,1.0307292485366734e-13,4.7271214720367993e-17,1.5703254483262738e-14,0.003010281389170115,4.005823450725643e-14,9.71445146547012e-17,9.360228250414897e-15,0.010378434377430402,4.426320421302421e-14,7.632783294297951e-17,2.213639331356559e-15,0.03448069966131493,4.639040887544077e-14,3.885780586188048e-16,5.1852107727773635e-15,0.07493968435359669,4.985660322087693e-14,174760,2796160,65536,17.599872815999333,13.129934852997394,0.9026628440005879,560,complete,standin-v1,cfb538f0d43ae488,stand-in,a250ae81afc363466076dd397784dfa7e178223a,f2b6f21f8cfddcca,1.0.0
quic_readout,full,True,reg3,16,24,2,23,bfs,graph_informed,96,9,4,4,1e-14,4,4,1.517671137507485,1.2282289547910554,288,144,1.7030789950200689,0.41186284640117254,0.8672172238985804,0.9312449859723168,1.1274806337197607,1.1200367384525225,0.2842497548801867,0.006616577318116561,2.197992965681073,0.003010281389170115,0.06961717854795688,0.01792206450306506,1.726856272468178,0.010378434377430402,0.11017259804022547,0.04465030475663365,1.29493615834972,0.03448069966131493,0.11536413169029659,0.07502612595623392,1.001153482342271,0.07493968435359669,0.13711555230585692,424,6784,65536,0.1964226449999842,0.04466451099870028,0.9026628440005879,336,complete,standin-v1,cfb538f0d43ae488,stand-in,a250ae81afc363466076dd397784dfa7e178223a,f2b6f21f8cfddcca,1.0.0
quic_readout,full,True,reg3,16,24,2,23,bfs,graph_informed,96,9,8,8,1e-14,8,8,2.4257226622396013,1.8719083518511441,288,144,0.9833828353205585,0.6029445220271646,0.6796933301070405,0.8244351582186682,0.9317119506701526,0.9101548220443639,0.08527651875822131,0.0017574018001083598,0.583799842244265,0.003010281389170115,0.025640831063143694,0.0051284433469346285,0.4941442187163861,0.010378434377430402,0.037006750101241645,0.013205908431827222,0.3829942130392261,0.03448069966131493,0.048569495072606717,0.022987377692418404,0.30674505625022874,0.07493968435359669,0.05437710580113369,1448,23168,65536,0.17884585400042852,0.04593392501374183,0.9026628440005879,336,complete,standin-v1,cfb538f0d43ae488,stand-in,a250ae81afc363466076dd397784dfa7e178223a,f2b6f21f8cfddcca,1.0.0
quic_readout,full,True,reg3,16,24,2,23,bfs,graph_informed,96,9,16,16,1e-14,16,16,3.4105128571265357,2.467681054097777,288,144,0.42788101162556663,0.8017804912024261,0.3501844038397727,0.5917638074770818,0.6227175855699177,0.637126937494472,0.03428409028730425,0.00032002027980623186,0.10630909155454606,0.003010281389170115,0.030815288790697462,0.0008438394301560903,0.08130700638153639,0.010378434377430402,0.02108987559057264,0.00237783291271685,0.0689612721340635,0.03448069966131493,0.012263859014619531,0.003927094174705881,0.05240339892781257,0.07493968435359669,0.015565324212260145,4776,76416,65536,0.23020381900005304,0.07754672499413573,0.9026628440005879,336,complete,standin-v1,cfb538f0d43ae488,stand-in,a250ae81afc363466076dd397784dfa7e178223a,f2b6f21f8cfddcca,1.0.0
quic_readout,full,True,reg3,16,24,2,23,bfs,graph_informed,96,9,32,32,1e-14,32,32,4.1388453450604175,2.8241670670868357,288,144,0.10349690294557713,0.9479519863522264,0.08110804212579359,0.28479473682951656,0.28778977134465605,0.3109517418934934,0.042597040318874894,0.00026772109334502556,0.08893557071049489,0.003010281389170115,0.0289642347289661,0.0006785970266902069,0.06538529820701346,0.010378434377430402,0.022375417497868002,0.0007560387124120951,0.02192643188329269,0.03448069966131493,0.025848094547096325,0.0001314577783117915,0.0017541811050540176,0.07493968435359669,0.023137671505791796,15016,240256,65536,3.959113759000502,1.179269244000352,0.9026628440005879,336,complete,standin-v1,cfb538f0d43ae488,stand-in,a250ae81afc363466076dd397784dfa7e178223a,f2b6f21f8cfddcca,1.0.0
quic_readout,full,True,reg3,16,24,2,23,bfs,graph_informed,96,9,64,64,1e-14,64,64,4.396216580974018,2.953928987906216,288,144,0.0012201800684347136,0.9993900670794469,0.001128704776729883,0.03359620181999571,0.033600944186384964,0.03391432899958893,0.0013461390501451165,2.1411115483692313e-05,0.007112662477574897,0.003010281389170115,0.008510924099838862,5.6514599249025965e-05,0.005445387733233269,0.010378434377430402,0.006188972105811765,5.1063710438163656e-05,0.001480936029133242,0.03448069966131493,0.004705484362862393,7.88385212673326e-05,0.001052026332207907,0.07493968435359669,0.0029994916856194978,43688,699008,65536,75.5734784920005,57.45989134800038,0.9026628440005879,336,complete,standin-v1,cfb538f0d43ae488,stand-in,a250ae81afc363466076dd397784dfa7e178223a,f2b6f21f8cfddcca,1.0.0
quic_readout,full,True,reg3,16,24,2,23,bfs,graph_informed,96,9,-1,untruncated,1e-14,256,256,4.406660843021912,2.957891716116987,288,144,3.405417464202749e-29,1.0000000000000009,-4.440892098500626e-16,0.0,5.041036169418159e-14,5.018181615174586e-14,5.018181615174586e-14,2.0383000842727483e-17,6.771128079938979e-15,0.003010281389170115,2.9878877150224525e-14,6.938893903907228e-18,6.685877321724927e-16,0.010378434377430402,2.8010579966597504e-14,1.3183898417423734e-16,3.82355884507042e-15,0.03448069966131493,2.735572185441626e-14,4.3021142204224816e-16,5.740769069860653e-15,0.07493968435359669,2.6144125926663708e-14,174760,2796160,65536,4.826897658999769,3.360113959013688,0.9026628440005879,336,complete,standin-v1,cfb538f0d43ae488,stand-in,a250ae81afc363466076dd397784dfa7e178223a,f2b6f21f8cfddcca,1.0.0
quic_readout,full,True,path,20,19,1,-1,natural,natural = graph_informed,19,1,4,4,1e-14,2,2,0.26628948106125777,0.10364909243500543,0,0,0.0,1.0,-3.1086244689504383e-15,0.0,1.6101062989067917e-15,1.3054974703596883e-15,1.2228083504003873e-15,1.3877787807814457e-16,7.341419132425995e-16,0.1890341302884923,5.793976409762536e-16,2.220446049250313e-16,7.62991247572464e-16,0.2910185478948668,6.96491475604688e-16,1.6653345369377348e-16,3.6391629280370685e-16,0.45761472345949655,8.89913143176102e-16,2.220446049250313e-16,3.95287202729871e-16,0.5617298090896478,9.287546860053952e-16,152,2432,1048576,0.004697340000348049,0.0006571679996341118,2.554907785999603,19,complete,standin-v1,cfb538f0d43ae488,stand-in,a250ae81afc363466076dd397784dfa7e178223a,f2b6f21f8cfddcca,1.0.0
quic_readout,full,True,path,20,19,1,-1,natural,natural = graph_informed,19,1,8,8,1e-14,2,2,0.26628948106125777,0.10364909243500543,0,0,0.0,1.0,-3.1086244689504383e-15,0.0,1.6101062989067917e-15,1.3054974703596883e-15,1.2228083504003873e-15,1.3877787807814457e-16,7.341419132425995e-16,0.1890341302884923,5.793976409762536e-16,2.220446049250313e-16,7.62991247572464e-16,0.2910185478948668,6.96491475604688e-16,1.6653345369377348e-16,3.6391629280370685e-16,0.45761472345949655,8.89913143176102e-16,2.220446049250313e-16,3.95287202729871e-16,0.5617298090896478,9.287546860053952e-16,152,2432,1048576,0.009032378000483732,0.0007796480022079777,2.554907785999603,19,complete,standin-v1,cfb538f0d43ae488,stand-in,a250ae81afc363466076dd397784dfa7e178223a,f2b6f21f8cfddcca,1.0.0
quic_readout,full,True,path,20,19,1,-1,natural,natural = graph_informed,19,1,16,16,1e-14,2,2,0.26628948106125777,0.10364909243500543,0,0,0.0,1.0,-3.1086244689504383e-15,0.0,1.6101062989067917e-15,1.3054974703596883e-15,1.2228083504003873e-15,1.3877787807814457e-16,7.341419132425995e-16,0.1890341302884923,5.793976409762536e-16,2.220446049250313e-16,7.62991247572464e-16,0.2910185478948668,6.96491475604688e-16,1.6653345369377348e-16,3.6391629280370685e-16,0.45761472345949655,8.89913143176102e-16,2.220446049250313e-16,3.95287202729871e-16,0.5617298090896478,9.287546860053952e-16,152,2432,1048576,0.011179965000337688,0.004011343999081873,2.554907785999603,19,complete,standin-v1,cfb538f0d43ae488,stand-in,a250ae81afc363466076dd397784dfa7e178223a,f2b6f21f8cfddcca,1.0.0
quic_readout,full,True,path,20,19,1,-1,natural,natural = graph_informed,19,1,32,32,1e-14,2,2,0.26628948106125777,0.10364909243500543,0,0,0.0,1.0,-3.1086244689504383e-15,0.0,1.6101062989067917e-15,1.3054974703596883e-15,1.2228083504003873e-15,1.3877787807814457e-16,7.341419132425995e-16,0.1890341302884923,5.793976409762536e-16,2.220446049250313e-16,7.62991247572464e-16,0.2910185478948668,6.96491475604688e-16,1.6653345369377348e-16,3.6391629280370685e-16,0.45761472345949655,8.89913143176102e-16,2.220446049250313e-16,3.95287202729871e-16,0.5617298090896478,9.287546860053952e-16,152,2432,1048576,0.009182718999909412,0.0007406920003631967,2.554907785999603,19,complete,standin-v1,cfb538f0d43ae488,stand-in,a250ae81afc363466076dd397784dfa7e178223a,f2b6f21f8cfddcca,1.0.0
quic_readout,full,True,path,20,19,1,-1,natural,natural = graph_informed,19,1,64,64,1e-14,2,2,0.26628948106125777,0.10364909243500543,0,0,0.0,1.0,-3.1086244689504383e-15,0.0,1.6101062989067917e-15,1.3054974703596883e-15,1.2228083504003873e-15,1.3877787807814457e-16,7.341419132425995e-16,0.1890341302884923,5.793976409762536e-16,2.220446049250313e-16,7.62991247572464e-16,0.2910185478948668,6.96491475604688e-16,1.6653345369377348e-16,3.6391629280370685e-16,0.45761472345949655,8.89913143176102e-16,2.220446049250313e-16,3.95287202729871e-16,0.5617298090896478,9.287546860053952e-16,152,2432,1048576,0.008931207000387076,0.0007019179975031875,2.554907785999603,19,complete,standin-v1,cfb538f0d43ae488,stand-in,a250ae81afc363466076dd397784dfa7e178223a,f2b6f21f8cfddcca,1.0.0
quic_readout,full,True,path,20,19,2,-1,natural,natural = graph_informed,19,1,4,4,1e-14,4,4,0.5791722595228557,0.3612621690683292,0,0,0.0,1.0,-2.1316282072803006e-14,0.0,1.9854713775154523e-15,1.9703375752082656e-15,1.83616673507376e-15,6.071532165918825e-18,1.3794132236003577e-15,0.004401532522699567,4.198030811863873e-16,1.734723475976807e-17,1.4168410953467816e-15,0.012243599382273858,5.160802341031001e-16,4.163336342344337e-17,1.2534396155978615e-15,0.033215292468305485,6.474855374083432e-16,7.632783294297951e-17,1.239310457145193e-15,0.06158895255253804,6.851073527935903e-16,552,8832,1048576,0.018841205000171612,0.0017956599986064248,4.4876997880001,38,complete,standin-v1,cfb538f0d43ae488,stand-in,a250ae81afc363466076dd397784dfa7e178223a,f2b6f21f8cfddcca,1.0.0
quic_readout,full,True,path,20,19,2,-1,natural,natural = graph_informed,19,1,8,8,1e-14,4,4,0.5791722595228557,0.3612621690683292,0,0,0.0,1.0,-2.1316282072803006e-14,0.0,1.9854713775154523e-15,1.9703375752082656e-15,1.83616673507376e-15,6.071532165918825e-18,1.3794132236003577e-15,0.004401532522699567,4.198030811863873e-16,1.734723475976807e-17,1.4168410953467816e-15,0.012243599382273858,5.160802341031001e-16,4.163336342344337e-17,1.2534396155978615e-15,0.033215292468305485,6.474855374083432e-16,7.632783294297951e-17,1.239310457145193e-15,0.06158895255253804,6.851073527935903e-16,552,8832,1048576,0.016230406999966362,0.0016441029983980116,4.4876997880001,38,complete,standin-v1,cfb538f0d43ae488,stand-in,a250ae81afc363466076dd397784dfa7e178223a,f2b6f21f8cfddcca,1.0.0
quic_readout,full,True,path,20,19,2,-1,natural,natural = graph_informed,19,1,16,16,1e-14,4,4,0.5791722595228557,0.3612621690683292,0,0,0.0,1.0,-2.1316282072803006e-14,0.0,1.9854713775154523e-15,1.9703375752082656e-15,1.83616673507376e-15,6.071532165918825e-18,1.3794132236003577e-15,0.004401532522699567,4.198030811863873e-16,1.734723475976807e-17,1.4168410953467816e-15,0.012243599382273858,5.160802341031001e-16,4.163336342344337e-17,1.2534396155978615e-15,0.033215292468305485,6.474855374083432e-16,7.632783294297951e-17,1.239310457145193e-15,0.06158895255253804,6.851073527935903e-16,552,8832,1048576,0.02100261000032333,0.001803338001082011,4.4876997880001,38,complete,standin-v1,cfb538f0d43ae488,stand-in,a250ae81afc363466076dd397784dfa7e178223a,f2b6f21f8cfddcca,1.0.0
quic_readout,full,True,path,20,19,2,-1,natural,natural = graph_informed,19,1,32,32,1e-14,4,4,0.5791722595228557,0.3612621690683292,0,0,0.0,1.0,-2.1316282072803006e-14,0.0,1.9854713775154523e-15,1.9703375752082656e-15,1.83616673507376e-15,6.071532165918825e-18,1.3794132236003577e-15,0.004401532522699567,4.198030811863873e-16,1.734723475976807e-17,1.4168410953467816e-15,0.012243599382273858,5.160802341031001e-16,4.163336342344337e-17,1.2534396155978615e-15,0.033215292468305485,6.474855374083432e-16,7.632783294297951e-17,1.239310457145193e-15,0.06158895255253804,6.851073527935903e-16,552,8832,1048576,0.02399750699987635,0.004995631001293077,4.4876997880001,38,complete,standin-v1,cfb538f0d43ae488,stand-in,a250ae81afc363466076dd397784dfa7e178223a,f2b6f21f8cfddcca,1.0.0
quic_readout,full,True,path,20,19,2,-1,natural,natural = graph_informed,19,1,64,64,1e-14,4,4,0.5791722595228557,0.3612621690683292,0,0,0.0,1.0,-2.1316282072803006e-14,0.0,1.9854713775154523e-15,1.9703375752082656e-15,1.83616673507376e-15,6.071532165918825e-18,1.3794132236003577e-15,0.004401532522699567,4.198030811863873e-16,1.734723475976807e-17,1.4168410953467816e-15,0.012243599382273858,5.160802341031001e-16,4.163336342344337e-17,1.2534396155978615e-15,0.033215292468305485,6.474855374083432e-16,7.632783294297951e-17,1.239310457145193e-15,0.06158895255253804,6.851073527935903e-16,552,8832,1048576,0.018025875000603264,0.0018625459979375592,4.4876997880001,38,complete,standin-v1,cfb538f0d43ae488,stand-in,a250ae81afc363466076dd397784dfa7e178223a,f2b6f21f8cfddcca,1.0.0
quic_readout,full,True,cycle,20,20,1,-1,natural,natural = graph_informed,38,2,4,4,1e-14,4,4,0.16902985813442278,0.16562209879302534,36,18,2.3368164453449076e-32,1.0,3.552713678800501e-15,5.960464477539063e-08,2.1337317794602335e-15,2.2254807458966752e-15,1.7335759799675234e-15,0.0,0.0,0.16311655651128218,6.418476861114186e-16,8.326672684688674e-17,3.3375983036333706e-16,0.24948097186003798,9.137655909707831e-16,0.0,0.0,0.40150775603651273,1.1515311273968543e-15,2.220446049250313e-16,4.350227131635815e-16,0.5104207164501223,1.255885586498584e-15,552,8832,1048576,0.025409128999854147,0.013498209003955708,2.3796322299995154,56,complete,standin-v1,cfb538f0d43ae488,stand-in,a250ae81afc363466076dd397784dfa7e178223a,f2b6f21f8cfddcca,1.0.0
quic_readout,full,True,cycle,20,20,1,-1,natural,natural = graph_informed,38,2,8,8,1e-14,4,4,0.16902985813442278,0.16562209879302534,36,18,2.3368164453449076e-32,1.0,3.552713678800501e-15,5.960464477539063e-08,2.1337317794602335e-15,2.2254807458966752e-15,1.7335759799675234e-15,0.0,0.0,0.16311655651128218,6.418476861114186e-16,8.326672684688674e-17,3.3375983036333706e-16,0.24948097186003798,9.137655909707831e-16,0.0,0.0,0.40150775603651273,1.1515311273968543e-15,2.220446049250313e-16,4.350227131635815e-16,0.5104207164501223,1.255885586498584e-15,552,8832,1048576,0.022817760000179987,0.00223046099745261,2.3796322299995154,56,complete,standin-v1,cfb538f0d43ae488,stand-in,a250ae81afc363466076dd397784dfa7e178223a,f2b6f21f8cfddcca,1.0.0
quic_readout,full,True,cycle,20,20,1,-1,natural,natural = graph_informed,38,2,16,16,1e-14,4,4,0.16902985813442278,0.16562209879302534,36,18,2.3368164453449076e-32,1.0,3.552713678800501e-15,5.960464477539063e-08,2.1337317794602335e-15,2.2254807458966752e-15,1.7335759799675234e-15,0.0,0.0,0.16311655651128218,6.418476861114186e-16,8.326672684688674e-17,3.3375983036333706e-16,0.24948097186003798,9.137655909707831e-16,0.0,0.0,0.40150775603651273,1.1515311273968543e-15,2.220446049250313e-16,4.350227131635815e-16,0.5104207164501223,1.255885586498584e-15,552,8832,1048576,0.019000379999852157,0.0021774160040877177,2.3796322299995154,56,complete,standin-v1,cfb538f0d43ae488,stand-in,a250ae81afc363466076dd397784dfa7e178223a,f2b6f21f8cfddcca,1.0.0
quic_readout,full,True,cycle,20,20,1,-1,natural,natural = graph_informed,38,2,32,32,1e-14,4,4,0.16902985813442278,0.16562209879302534,36,18,2.3368164453449076e-32,1.0,3.552713678800501e-15,5.960464477539063e-08,2.1337317794602335e-15,2.2254807458966752e-15,1.7335759799675234e-15,0.0,0.0,0.16311655651128218,6.418476861114186e-16,8.326672684688674e-17,3.3375983036333706e-16,0.24948097186003798,9.137655909707831e-16,0.0,0.0,0.40150775603651273,1.1515311273968543e-15,2.220446049250313e-16,4.350227131635815e-16,0.5104207164501223,1.255885586498584e-15,552,8832,1048576,0.025125803999799246,0.00643097400188708,2.3796322299995154,56,complete,standin-v1,cfb538f0d43ae488,stand-in,a250ae81afc363466076dd397784dfa7e178223a,f2b6f21f8cfddcca,1.0.0
quic_readout,full,True,cycle,20,20,1,-1,natural,natural = graph_informed,38,2,64,64,1e-14,4,4,0.16902985813442278,0.16562209879302534,36,18,2.3368164453449076e-32,1.0,3.552713678800501e-15,5.960464477539063e-08,2.1337317794602335e-15,2.2254807458966752e-15,1.7335759799675234e-15,0.0,0.0,0.16311655651128218,6.418476861114186e-16,8.326672684688674e-17,3.3375983036333706e-16,0.24948097186003798,9.137655909707831e-16,0.0,0.0,0.40150775603651273,1.1515311273968543e-15,2.220446049250313e-16,4.350227131635815e-16,0.5104207164501223,1.255885586498584e-15,552,8832,1048576,0.01863305400001991,0.002240779995190678,2.3796322299995154,56,complete,standin-v1,cfb538f0d43ae488,stand-in,a250ae81afc363466076dd397784dfa7e178223a,f2b6f21f8cfddcca,1.0.0
quic_readout,full,True,cycle,20,20,2,-1,natural,natural = graph_informed,38,2,4,4,1e-14,4,4,0.5997704036451753,0.5718502910156403,72,36,0.02307918914318565,0.9885225720703229,0.019701077991512328,0.1403605286094076,0.14070919967278947,0.15589179807376813,0.039037458747199896,0.0002541068904296363,0.09190867160189681,0.002764776010802359,0.04226469539447652,0.00033047630500254634,0.044109964964370287,0.007492100827318447,0.05062685584298867,0.00018322886759745624,0.008887922823440034,0.02061548814467971,0.04878260636584886,0.00021527072722367369,0.0055266912254308305,0.038951104457060085,0.04176734870785977,552,8832,1048576,0.04312931100048445,0.005079909991763998,4.995824810999693,112,complete,standin-v1,cfb538f0d43ae488,stand-in,a250ae81afc363466076dd397784dfa7e178223a,f2b6f21f8cfddcca,1.0.0
quic_readout,full,True,cycle,20,20,2,-1,natural,natural = graph_informed,38,2,8,8,1e-14,8,8,0.6476095847468823,0.6197042889167451,72,36,0.00044605284554365474,0.9997769934371158,0.0004459633938479479,0.021117845388390073,0.021119022841250647,0.019601879409598247,0.0016609068192457034,3.8400469481452044e-06,0.001388917920707361,0.002764776010802359,0.002397938140085945,2.3875663200121147e-06,0.00031867781481348086,0.007492100827318447,0.0030573449950210725,1.3143401929986004e-05,0.0006375498769539422,0.02061548814467971,0.0032748326029845825,3.329404240134948e-05,0.000854765041079978,0.038951104457060085,0.0036095801176644553,1960,31360,1048576,0.0411662989999968,0.011140580003484502,4.995824810999693,112,complete,standin-v1,cfb538f0d43ae488,stand-in,a250ae81afc363466076dd397784dfa7e178223a,f2b6f21f8cfddcca,1.0.0
quic_readout,full,True,cycle,20,20,2,-1,natural,natural = graph_informed,38,2,16,16,1e-14,16,16,0.6517514805570523,0.6233393916624413,72,36,1.0732719556954265e-31,0.9999999999999999,3.1086244689504383e-15,5.5755039852469285e-08,1.572732703776235e-14,1.5679235333081795e-14,1.517101805649772e-14,9.107298248878237e-18,3.2940455983757e-15,0.002764776010802359,3.0912772341906702e-15,1.0408340855860843e-17,1.3892419624024425e-15,0.007492100827318447,4.169407874510256e-15,3.469446951953614e-17,1.6829322340586841e-15,0.02061548814467971,5.315409570827434e-15,6.938893903907228e-17,1.7814370094580255e-15,0.038951104457060085,5.761558764805219e-15,6824,109184,1048576,0.043321434000063164,0.012021736999486166,4.995824810999693,112,complete,standin-v1,cfb538f0d43ae488,stand-in,a250ae81afc363466076dd397784dfa7e178223a,f2b6f21f8cfddcca,1.0.0
quic_readout,full,True,cycle,20,20,2,-1,natural,natural = graph_informed,38,2,32,32,1e-14,16,16,0.6517514805570523,0.6233393916624413,72,36,1.0732719556954265e-31,0.9999999999999999,3.1086244689504383e-15,5.5755039852469285e-08,1.572732703776235e-14,1.5679235333081795e-14,1.517101805649772e-14,9.107298248878237e-18,3.2940455983757e-15,0.002764776010802359,3.0912772341906702e-15,1.0408340855860843e-17,1.3892419624024425e-15,0.007492100827318447,4.169407874510256e-15,3.469446951953614e-17,1.6829322340586841e-15,0.02061548814467971,5.315409570827434e-15,6.938893903907228e-17,1.7814370094580255e-15,0.038951104457060085,5.761558764805219e-15,6824,109184,1048576,0.04400254199936171,0.007920854996882554,4.995824810999693,112,complete,standin-v1,cfb538f0d43ae488,stand-in,a250ae81afc363466076dd397784dfa7e178223a,f2b6f21f8cfddcca,1.0.0
quic_readout,full,True,cycle,20,20,2,-1,natural,natural = graph_informed,38,2,64,64,1e-14,16,16,0.6517514805570523,0.6233393916624413,72,36,1.0732719556954265e-31,0.9999999999999999,3.1086244689504383e-15,5.5755039852469285e-08,1.572732703776235e-14,1.5679235333081795e-14,1.517101805649772e-14,9.107298248878237e-18,3.2940455983757e-15,0.002764776010802359,3.0912772341906702e-15,1.0408340855860843e-17,1.3892419624024425e-15,0.007492100827318447,4.169407874510256e-15,3.469446951953614e-17,1.6829322340586841e-15,0.02061548814467971,5.315409570827434e-15,6.938893903907228e-17,1.7814370094580255e-15,0.038951104457060085,5.761558764805219e-15,6824,109184,1048576,0.04243046699957631,0.012381468000967288,4.995824810999693,112,complete,standin-v1,cfb538f0d43ae488,stand-in,a250ae81afc363466076dd397784dfa7e178223a,f2b6f21f8cfddcca,1.0.0
quic_readout,full,True,reg3,20,30,1,23,natural,natural,242,22,4,4,1e-14,4,4,0.30602246751964446,0.2043722443076884,424,212,0.16487387191748848,0.920703036840948,0.15035408749272194,0.3877551901557501,0.39556947601751324,0.5249868303045089,0.15510791569338614,0.0006957090052148089,0.48012563419065674,0.0014490144988562402,0.06083355688785554,0.0017392059133092526,0.3388187583218996,0.0051331452896031665,0.06644687109504552,0.0021185673549341047,0.11327945197023974,0.018702132805962772,0.11892688641434854,0.0012484435180280112,0.029274234776276272,0.04264649537619153,0.13180993129219667,552,8832,1048576,0.13115309899967542,0.024284791003992723,2.7657431870002256,454,complete,standin-v1,cfb538f0d43ae488,stand-in,a250ae81afc363466076dd397784dfa7e178223a,f2b6f21f8cfddcca,1.0.0
quic_readout,full,True,reg3,20,30,1,23,natural,natural,242,22,8,8,1e-14,8,8,0.914872526061536,0.5706931340433151,424,212,0.04216830770099708,0.9791155567367851,0.04051796755411352,0.20129075377203376,0.20232875604301193,0.23745421828022137,0.06745741826832183,0.00019935286540323548,0.13757824063223104,0.0014490144988562402,0.19849294981900512,0.00020035870415727793,0.03903234622310238,0.0051331452896031665,0.07393456071797311,0.000790742548436512,0.04228087548305725,0.018702132805962772,0.047793531405701126,0.0029246300680573767,0.06857843867963238,0.04264649537619153,0.0310856635455481,1960,31360,1048576,0.1484029709999959,0.03961736899873358,2.7657431870002256,454,complete,standin-v1,cfb538f0d43ae488,stand-in,a250ae81afc363466076dd397784dfa7e178223a,f2b6f21f8cfddcca,1.0.0
quic_readout,full,True,reg3,20,30,1,23,natural,natural,242,22,16,16,1e-14,16,16,1.1169445050210445,0.6791758050651339,424,212,0.011515813727742512,0.9942572985089303,0.011151580478425238,0.10560104392677773,0.10574896917276264,0.0973826157946564,0.031776745060090206,0.00019299594554730653,0.13319117627852947,0.0014490144988562402,0.006775523512201918,0.0004903309037771414,0.09552250639978437,0.0051331452896031665,0.025998703288030285,0.0016355504154012337,0.0874526147563113,0.018702132805962772,0.008951324917076944,0.0031931014297089666,0.07487371240103344,0.04264649537619153,0.012154385329429796,6824,109184,1048576,0.2258477170007609,0.0880117259985127,2.7657431870002256,454,complete,standin-v1,cfb538f0d43ae488,stand-in,a250ae81afc363466076dd397784dfa7e178223a,f2b6f21f8cfddcca,1.0.0
quic_readout,full,True,reg3,20,30,1,23,natural,natural,242,22,32,32,1e-14,32,32,1.1956457132853342,0.7230661332577771,424,212,0.003382665624761143,0.9983098967534465,0.003289350100010968,0.05735285607544727,0.057376471780483745,0.0468796017138581,0.0110717104897104,9.838857487989177e-05,0.06790033844212977,0.0014490144988562402,0.008306968286527855,0.0002462943104547871,0.0479811687687156,0.0051331452896031665,0.01488816968294198,0.0007155808616655691,0.03826199231338052,0.018702132805962772,0.0075422561249886,0.0012297747352530211,0.02883647822417721,0.04264649537619153,0.008988169720556511,23208,371328,1048576,4.564357978999396,1.4258347109998795,2.7657431870002256,454,complete,standin-v1,cfb538f0d43ae488,stand-in,a250ae81afc363466076dd397784dfa7e178223a,f2b6f21f8cfddcca,1.0.0
quic_readout,full,True,reg3,20,30,1,23,natural,natural,242,22,64,64,1e-14,64,64,1.2274818223230697,0.7413235784136839,424,212,0.0004880316801080025,0.9997560084012028,0.00047626047526105886,0.021823392844859364,0.02182469231812646,0.01345443647483783,0.002125621049778369,1.014464163313195e-05,0.0070010628887008965,0.0014490144988562402,0.004067304795155741,2.8173470932864146e-05,0.005488539549022229,0.0051331452896031665,0.002849459198038466,5.579848152346967e-05,0.0029835357337254886,0.018702132805962772,0.0020884259699668535,0.00011066718672399917,0.002594989007837251,0.04264649537619153,0.0014759768672134937,76456,1223296,1048576,25.284469772999728,19.503272267003922,2.7657431870002256,454,complete,standin-v1,cfb538f0d43ae488,stand-in,a250ae81afc363466076dd397784dfa7e178223a,f2b6f21f8cfddcca,1.0.0
quic_readout,full,True,reg3,20,30,1,23,bfs,graph_informed,128,10,4,4,1e-14,4,4,0.3294333354868873,0.20232459527535995,196,98,0.10496701535598434,0.9487004271578909,0.10472459248234856,0.3236117928666206,0.32805504836452704,0.433576946653081,0.10631923022915236,0.0005020285170665591,0.34646203848396856,0.0014490144988562402,0.02648855548444614,0.001606165754986638,0.31290089494248613,0.0051331452896031665,0.022899139611694888,0.0029786589891164714,0.1592684117913434,0.018702132805962772,0.08082566186797333,0.0015827278829950928,0.03711273034357449,0.04264649537619153,0.10407661657144718,552,8832,1048576,0.12098024799979612,0.026779980003084347,2.7657431870002256,226,complete,standin-v1,cfb538f0d43ae488,stand-in,a250ae81afc363466076dd397784dfa7e178223a,f2b6f21f8cfddcca,1.0.0
quic_readout,full,True,reg3,20,30,1,23,bfs,graph_informed,128,10,8,8,1e-14,8,8,0.5981442386926357,0.422904678141413,196,98,0.01054610561600431,0.99474014023434,0.008818679007812857,0.09390782186704608,0.09401174121197219,0.08503306895524865,0.02753103540581588,9.965635062393098e-05,0.06877526118792694,0.0014490144988562402,0.06897341422480363,0.0003163832256604373,0.06163535372771346,0.0051331452896031665,0.027656824325524416,0.001212634048703809,0.06483934539900106,0.018702132805962772,0.010730192069895257,0.0022490286432740522,0.052736540797432764,0.04264649537619153,0.013998164593148626,1960,31360,1048576,0.08905094400051894,0.017994375005400798,2.7657431870002256,226,complete,standin-v1,cfb538f0d43ae488,stand-in,a250ae81afc363466076dd397784dfa7e178223a,f2b6f21f8cfddcca,1.0.0
quic_readout,full,True,reg3,20,30,1,23,bfs,graph_informed,128,10,16,16,1e-14,16,16,0.6431444490490767,0.4493445509036733,196,98,0.002849485713257898,0.998576012314311,0.0024449461375821713,0.049446396608672824,0.04946152451853464,0.03979667286409319,0.007986751499022523,4.8283104093381143e-05,0.033321339525237845,0.0014490144988562402,0.007672517690895213,0.00012327013194557597,0.02401454176550412,0.0051331452896031665,0.008974275579057134,0.00041209310933225385,0.022034551545953455,0.018702132805962772,0.0034558226023954264,0.0008149263323517508,0.019108869912126562,0.04264649537619153,0.003406579190177593,6440,103040,1048576,0.10521342199990613,0.03522221300045203,2.7657431870002256,226,complete,standin-v1,cfb538f0d43ae488,stand-in,a250ae81afc363466076dd397784dfa7e178223a,f2b6f21f8cfddcca,1.0.0
quic_readout,full,True,reg3,20,30,1,23,bfs,graph_informed,128,10,32,32,1e-14,32,32,0.6632350030621055,0.46181148775437914,196,98,8.006670142586803e-05,0.9999599672235999,6.476532500865329e-05,0.008047690663081756,0.00804775581632377,0.0039970155906764605,0.0003417235786632996,1.0824731268167104e-06,0.0007470409217237963,0.0014490144988562402,0.0012001913650245902,2.928234383665386e-06,0.0005704561664358739,0.0051331452896031665,0.0010916242398196808,3.1222362025552786e-06,0.0001669454620469715,0.018702132805962772,0.000690003971000682,4.8751870958541055e-06,0.00011431624223395858,0.04264649537619153,0.0005535576549142922,19752,316032,1048576,1.156818483999814,0.3953123500004949,2.7657431870002256,226,complete,standin-v1,cfb538f0d43ae488,stand-in,a250ae81afc363466076dd397784dfa7e178223a,f2b6f21f8cfddcca,1.0.0
quic_readout,full,True,reg3,20,30,1,23,bfs,graph_informed,128,10,64,64,1e-14,64,64,0.6639505236735387,0.46228531839488546,196,98,5.093921018736557e-07,0.9999997453039171,5.043174710062104e-07,0.0007101531320822365,0.0007101531791847871,0.00018157067362642839,3.71412520759489e-05,1.194725389236026e-08,8.245089267078184e-06,0.0014490144988562402,1.8902743792521826e-05,3.5461462411477684e-08,6.908330158373355e-06,0.0051331452896031665,2.129545530958274e-05,1.852020032819257e-08,9.90272099997483e-07,0.018702132805962772,2.390879748034088e-05,1.3362702236396906e-08,3.1333646806196805e-07,0.04264649537619153,2.504015156089127e-05,52264,836224,1048576,16.30902727299963,11.67021734100399,2.7657431870002256,226,complete,standin-v1,cfb538f0d43ae488,stand-in,a250ae81afc363466076dd397784dfa7e178223a,f2b6f21f8cfddcca,1.0.0
quic_readout,full,True,reg3,20,30,2,23,natural,natural,242,22,4,4,1e-14,4,4,1.6807284726536587,1.0797907324837412,848,424,2.8768008838930283,0.22162266741052264,0.9777335701433538,0.9888041111076318,1.3044390351845847,1.3602616454348806,0.6402426850856124,0.0030248452328678226,11.628125503022076,0.000260131801302083,0.09706592638740173,0.008646631960299852,9.39379514103115,0.0009204620529281328,0.1263490383858001,0.023348542679805982,7.268231802920739,0.0032124102963286575,0.15044815816810306,0.043201161682231315,5.981649174010631,0.007222282756055619,0.1684086813199704,552,8832,1048576,0.27935790399988036,0.053213815986055124,4.886964334999902,908,complete,standin-v1,cfb538f0d43ae488,stand-in,a250ae81afc363466076dd397784dfa7e178223a,f2b6f21f8cfddcca,1.0.0
quic_readout,full,True,reg3,20,30,2,23,natural,natural,242,22,8,8,1e-14,8,8,2.7347625959106336,1.9430133529591278,848,424,2.1111123750172496,0.33387203593569337,0.9362311695939718,0.9675903935002517,1.222681552599573,1.1855043061299848,0.3944775918279314,0.0010302781683719205,3.9606006002145446,0.000260131801302083,0.05911901265542904,0.00317185266092764,3.4459352787412407,0.0009204620529281328,0.06697620939402964,0.00939558190096573,2.9247764246377823,0.0032124102963286575,0.07709336832571337,0.018588647076857437,2.5737910996729583,0.007222282756055619,0.08816711033334415,1960,31360,1048576,0.3338336659999186,0.10020150199488853,4.886964334999902,908,complete,standin-v1,cfb538f0d43ae488,stand-in,a250ae81afc363466076dd397784dfa7e178223a,f2b6f21f8cfddcca,1.0.0
quic_readout,full,True,reg3,20,30,2,23,natural,natural,242,22,16,16,1e-14,16,16,3.670375954134246,2.4874702714883044,848,424,1.5948532238825435,0.4380236758596406,0.860710630636347,0.927744916793591,1.1196294829762536,1.0496835964828475,0.2241006366348089,0.0003667213384382083,1.4097520433972093,0.000260131801302083,0.023877205005469262,0.00125248413989861,1.3607124116787468,0.0009204620529281328,0.023311068300271385,0.003916444148108855,1.219160626083415,0.0032124102963286575,0.04013627986104659,0.008074960811438272,1.118062125810252,0.007222282756055619,0.0427429383640784,6824,109184,1048576,0.5157542159995501,0.23380084400014312,4.886964334999902,908,complete,standin-v1,cfb538f0d43ae488,stand-in,a250ae81afc363466076dd397784dfa7e178223a,f2b6f21f8cfddcca,1.0.0
quic_readout,full,True,reg3,20,30,2,23,natural,natural,242,22,32,32,1e-14,32,32,4.631003883624917,3.048623431889497,848,424,1.177503106627711,0.5439115025217608,0.7676860047216061,0.8761769254674572,1.0178510484875871,0.9424127651910259,0.14135620107282287,0.0002915171894145791,1.1206518693808192,0.000260131801302083,0.032253368592248734,0.0008919538220210785,0.9690283474301138,0.0009204620529281328,0.0449836145679991,0.0026855925998507677,0.8360054762992231,0.0032124102963286575,0.04293355593711534,0.005307237017827118,0.7348420433106408,0.007222282756055619,0.05218256150939244,23208,371328,1048576,15.528495740000835,4.418010905012125,4.886964334999902,908,complete,standin-v1,cfb538f0d43ae488,stand-in,a250ae81afc363466076dd397784dfa7e178223a,f2b6f21f8cfddcca,1.0.0
quic_readout,full,True,reg3,20,30,2,23,natural,natural,242,22,64,64,1e-14,64,64,5.558082199473547,3.472496448455129,848,424,0.8004266114794287,0.6626838618533535,0.6124495850769456,0.7825915825492539,0.8688665342581825,0.8112336935788109,0.08955613744100392,0.0001489704750018258,0.5726730613333624,0.000260131801302083,0.01870676029843253,0.00047777624218254503,0.5190613134595441,0.0009204620529281328,0.023611261790405597,0.0014291948555429663,0.44489798117517526,0.0032124102963286575,0.03111556326444724,0.0028467162905319882,0.3941574134777707,0.007222282756055619,0.03302217335671864,76456,1223296,1048576,67.10412624200035,54.02344016601273,4.886964334999902,908,complete,standin-v1,cfb538f0d43ae488,stand-in,a250ae81afc363466076dd397784dfa7e178223a,f2b6f21f8cfddcca,1.0.0
quic_readout,full,True,reg3,20,30,2,23,bfs,graph_informed,128,10,4,4,1e-14,4,4,1.2557463327082299,0.940027713489863,392,196,2.415339557349881,0.28722065897288973,0.9527265025112532,0.9760770986511533,1.2510597956661722,1.2548417529023337,0.5203427801176177,0.002044375700520668,7.8589995159669,0.000260131801302083,0.10057778985970349,0.005967938130717332,6.483632988163274,0.0009204620529281328,0.10566428202277409,0.016483783827073613,5.131282216942309,0.0032124102963286575,0.13160862109062865,0.030904930124516644,4.279108305279794,0.007222282756055619,0.14673043082462947,552,8832,1048576,0.1949910799994541,0.040044752993708244,4.886964334999902,452,complete,standin-v1,cfb538f0d43ae488,stand-in,a250ae81afc363466076dd397784dfa7e178223a,f2b6f21f8cfddcca,1.0.0
quic_readout,full,True,reg3,20,30,2,23,bfs,graph_informed,128,10,8,8,1e-14,8,8,2.3255907073548414,1.8043220637938966,392,196,1.5354327993990842,0.4531872105305356,0.836410857460312,0.9145550051584169,1.0913646994209223,1.025981052014075,0.23429855298848817,0.0003967846955216564,1.525321754339765,0.000260131801302083,0.019739940518515166,0.0013097488051247476,1.422925367708786,0.0009204620529281328,0.02559810145015811,0.004129763524175953,1.2855653989453664,0.0032124102963286575,0.0355178496123332,0.00844361735199811,1.1691064497465773,0.007222282756055619,0.04777745699671333,1960,31360,1048576,0.2285473110005114,0.059394071992755926,4.886964334999902,452,complete,standin-v1,cfb538f0d43ae488,stand-in,a250ae81afc363466076dd397784dfa7e178223a,f2b6f21f8cfddcca,1.0.0
quic_readout,full,True,reg3,20,30,2,23,bfs,graph_informed,128,10,16,16,1e-14,16,16,3.1561677604557503,2.4213878226575427,392,196,0.8839653184731268,0.6352647532091777,0.6035110815401454,0.7768597566743597,0.8606118053018947,0.8053563967353519,0.09023558389201028,0.00012224906542330035,0.46995048206865064,0.000260131801302083,0.01589702223254394,0.0004331953225877417,0.4706281168351048,0.0009204620529281328,0.010155182340202441,0.001372261890267036,0.42717516247390386,0.0032124102963286575,0.020827279849753768,0.0027943858530051612,0.38691172131999,0.007222282756055619,0.02586531727235584,6824,109184,1048576,0.3248009400003866,0.12859234999632463,4.886964334999902,452,complete,standin-v1,cfb538f0d43ae488,stand-in,a250ae81afc363466076dd397784dfa7e178223a,f2b6f21f8cfddcca,1.0.0
quic_readout,full,True,reg3,20,30,2,23,bfs,graph_informed,128,10,32,32,1e-14,32,32,3.9231519337545517,2.8901123091713536,392,196,0.3815715309065897,0.8222554261158267,0.2997968958438175,0.5475371182338394,0.5713468374288799,0.5440950920579133,0.04291830483558287,5.4816433527077096e-05,0.2107256139106978,0.000260131801302083,0.01804253375105594,0.00018582510690527394,0.20188242015424254,0.0009204620529281328,0.014185075922069365,0.0005573741328123907,0.17350652046203205,0.0032124102963286575,0.014875653118246108,0.0011277039286852666,0.1561423121712769,0.007222282756055619,0.013749746179011334,23208,371328,1048576,1.7683151900000667,0.8167587530006131,4.886964334999902,452,complete,standin-v1,cfb538f0d43ae488,stand-in,a250ae81afc363466076dd397784dfa7e178223a,f2b6f21f8cfddcca,1.0.0
quic_readout,full,True,reg3,20,30,2,23,bfs,graph_informed,128,10,64,64,1e-14,64,64,4.6054818197382055,3.21822603670588,392,196,0.07498632080353466,0.9621894724962277,0.06859764602700458,0.26191152328029516,0.26422759554841435,0.26623755965461215,0.015367788878374485,1.5484013992985443e-05,0.05952372572473113,0.000260131801302083,0.027858808082778172,6.135925678726298e-05,0.0666613649004537,0.0009204620529281328,0.012541228067567363,0.00019398380512447968,0.06038575002270925,0.0032124102963286575,0.007718202069124716,0.00043183847435920505,0.05979251836922673,0.007222282756055619,0.00468120249370166,76456,1223296,1048576,14.611134124999808,11.25819055302054,4.886964334999902,452,complete,standin-v1,cfb538f0d43ae488,stand-in,a250ae81afc363466076dd397784dfa7e178223a,f2b6f21f8cfddcca,1.0.0
